player,nba_team,positions,games,minutes_pg,pts_pg,reb_pg,ast_pg,stl_pg,blk_pg,fg3m_pg,fgm_pg,fga_pg,ftm_pg,fta_pg
Aaron Brooks,CHI,PG,69,16.057971014492754,7.115942028985507,1.463768115942029,2.608695652173913,0.43478260869565216,0.14492753623188406,0.9565217391304348,2.7246376811594204,6.797101449275362,0.7101449275362319,0.927536231884058
Aaron Gordon,ORL,PF,78,23.884615384615383,9.217948717948717,6.5,1.641025641025641,0.7564102564102564,0.7051282051282052,0.5384615384615384,3.5128205128205128,7.423076923076923,1.6538461538461537,2.4743589743589745
Aaron Harrison,CHO,SG,21,4.428571428571429,0.8571428571428571,0.7142857142857143,0.09523809523809523,0.2857142857142857,0.0,0.14285714285714285,0.23809523809523808,0.9047619047619048,0.23809523809523808,0.5714285714285714
Adreian Payne,MIN,PF,52,9.346153846153847,2.5384615384615383,2.1346153846153846,0.5576923076923077,0.3076923076923077,0.21153846153846154,0.17307692307692307,1.0192307692307692,2.7884615384615383,0.3269230769230769,0.5
Al Horford,ATL,C,82,32.08536585365854,15.231707317073171,7.2682926829268295,3.207317073170732,0.8292682926829268,1.475609756097561,1.0731707317073171,6.451219512195122,12.78048780487805,1.2560975609756098,1.5731707317073171
Al Jefferson,CHO,C,47,23.319148936170212,11.957446808510639,6.404255319148936,1.4893617021276595,0.6382978723404256,0.8723404255319149,0.0,5.212765957446808,10.74468085106383,1.5319148936170213,2.3617021276595747
Al-Farouq Aminu,POR,SF,82,28.548780487804876,10.231707317073171,6.085365853658536,1.6829268292682926,0.8780487804878049,0.6463414634146342,1.5365853658536586,3.6463414634146343,8.768292682926829,1.4024390243902438,1.9024390243902438
Alan Anderson,WAS,SG,13,14.76923076923077,5.0,2.076923076923077,1.0769230769230769,0.3076923076923077,0.07692307692307693,0.9230769230769231,1.6153846153846154,4.538461538461538,0.8461538461538461,1.1538461538461537
Alan Williams,PHO,PF,10,6.8,2.9,3.8,0.5,0.4,0.5,0.0,1.0,2.4,0.9,1.4
Alec Burks,UTA,SG,31,25.70967741935484,13.290322580645162,3.5161290322580645,2.032258064516129,0.5806451612903226,0.12903225806451613,1.032258064516129,4.419354838709677,10.774193548387096,3.4193548387096775,4.548387096774194
Alex Len,PHO,C,78,23.346153846153847,9.012820512820513,7.615384615384615,1.2435897435897436,0.48717948717948717,0.7948717948717948,0.01282051282051282,3.3846153846153846,8.0,2.230769230769231,3.0641025641025643
Alex Stepheson,2TM,PF,8,9.125,2.75,3.5,0.25,0.125,0.625,0.0,1.125,3.375,0.5,1.5
Alexis Ajinça,NOP,C,59,14.59322033898305,5.966101694915254,4.559322033898305,0.5254237288135594,0.3220338983050847,0.6101694915254238,0.0,2.542372881355932,5.338983050847458,0.8813559322033898,1.0508474576271187
Allen Crabbe,POR,SG,81,25.987654320987655,10.271604938271604,2.6666666666666665,1.2222222222222223,0.7777777777777778,0.19753086419753085,1.382716049382716,3.8395061728395063,8.37037037037037,1.2098765432098766,1.3950617283950617
Alonzo Gee,NOP,SF,73,22.356164383561644,4.4520547945205475,3.356164383561644,0.9863013698630136,0.863013698630137,0.1780821917808219,0.2328767123287671,1.8082191780821917,3.493150684931507,0.6027397260273972,0.9041095890410958
Amar'e Stoudemire,MIA,C,52,14.653846153846153,5.769230769230769,4.269230769230769,0.5192307692307693,0.34615384615384615,0.7884615384615384,0.0,2.4038461538461537,4.25,0.9615384615384616,1.2884615384615385
Amir Johnson,BOS,PF,79,22.78481012658228,7.30379746835443,6.3924050632911396,1.7468354430379747,0.6582278481012658,1.0506329113924051,0.12658227848101267,3.151898734177215,5.3924050632911396,0.8734177215189873,1.5316455696202531
Anderson Varejão,2TM,C,53,9.358490566037736,2.6037735849056602,2.660377358490566,0.660377358490566,0.3018867924528302,0.18867924528301888,0.0,1.0,2.339622641509434,0.6037735849056604,0.9433962264150944
Andre Drummond,DET,C,81,32.91358024691358,16.22222222222222,14.790123456790123,0.8271604938271605,1.4691358024691359,1.382716049382716,0.024691358024691357,6.814814814814815,13.08641975308642,2.567901234567901,7.234567901234568
Andre Iguodala,GSW,SF,65,26.646153846153847,7.030769230769231,4.046153846153846,3.3692307692307693,1.123076923076923,0.2923076923076923,0.8307692307692308,2.707692307692308,5.661538461538462,0.7846153846153846,1.2769230769230768
Andre Miller,2TM,PG,39,11.820512820512821,3.6923076923076925,1.3076923076923077,2.230769230769231,0.41025641025641024,0.0,0.05128205128205128,1.5128205128205128,2.717948717948718,0.6153846153846154,0.8205128205128205
Andre Roberson,OKC,SG,70,22.185714285714287,4.814285714285714,3.585714285714286,0.6714285714285714,0.7571428571428571,0.6,0.45714285714285713,1.9428571428571428,3.914285714285714,0.4714285714285714,0.7714285714285715
Andrea Bargnani,BRK,C,46,13.782608695652174,6.608695652173913,2.108695652173913,0.391304347826087,0.08695652173913043,0.1956521739130435,0.06521739130434782,2.760869565217391,6.065217391304348,1.0217391304347827,1.2391304347826086
Andrew Bogut,GSW,C,70,20.728571428571428,5.357142857142857,7.0285714285714285,2.3142857142857145,0.4714285714285714,1.6285714285714286,0.014285714285714285,2.5,3.9857142857142858,0.34285714285714286,0.7142857142857143
Andrew Goudelock,HOU,PG,8,6.25,2.75,0.25,0.5,0.75,0.25,0.125,1.125,2.5,0.375,0.5
Andrew Nicholson,ORL,PF,56,14.696428571428571,6.857142857142857,3.5892857142857144,0.44642857142857145,0.17857142857142858,0.39285714285714285,0.7321428571428571,2.607142857142857,5.535714285714286,0.9107142857142857,1.1607142857142858
Andrew Wiggins,MIN,SF,81,35.123456790123456,20.679012345679013,3.5925925925925926,2.0246913580246915,0.9629629629629629,0.5679012345679012,0.7037037037037037,7.333333333333333,15.975308641975309,5.308641975308642,6.9753086419753085
Anthony Bennett,TOR,PF,19,4.421052631578948,1.4736842105263157,1.2105263157894737,0.0,0.2631578947368421,0.0,0.15789473684210525,0.42105263157894735,1.4210526315789473,0.47368421052631576,0.5263157894736842
Anthony Brown,LAL,SF,29,20.655172413793103,3.9655172413793105,2.413793103448276,0.6551724137931034,0.4827586206896552,0.1724137931034483,0.6896551724137931,1.3448275862068966,4.344827586206897,0.5862068965517241,0.6896551724137931
Anthony Davis,NOP,C,61,35.47540983606557,24.278688524590162,10.278688524590164,1.901639344262295,1.278688524590164,2.0491803278688523,0.5737704918032787,9.180327868852459,18.62295081967213,5.344262295081967,7.049180327868853
Anthony Morrow,OKC,SG,68,13.617647058823529,5.588235294117647,0.9117647058823529,0.35294117647058826,0.3235294117647059,0.07352941176470588,1.161764705882353,2.0,4.897058823529412,0.4264705882352941,0.5735294117647058
Anthony Tolliver,DET,PF,72,18.625,5.319444444444445,3.1805555555555554,0.7222222222222222,0.3611111111111111,0.2222222222222222,1.3611111111111112,1.7777777777777777,4.611111111111111,0.4027777777777778,0.6527777777777778
Archie Goodwin,PHO,PG,57,19.54385964912281,8.859649122807017,2.491228070175439,2.0701754385964914,0.47368421052631576,0.22807017543859648,0.40350877192982454,3.087719298245614,7.4035087719298245,2.280701754385965,3.3859649122807016
Aron Baynes,DET,C,81,15.222222222222221,6.345679012345679,4.7407407407407405,0.6296296296296297,0.25925925925925924,0.6419753086419753,0.0,2.3950617283950617,4.7407407407407405,1.5555555555555556,2.037037037037037
Arron Afflalo,NYK,SG,71,33.394366197183096,12.80281690140845,3.7464788732394365,2.028169014084507,0.352112676056338,0.14084507042253522,1.2816901408450705,4.985915492957746,11.253521126760564,1.5492957746478873,1.8450704225352113
Austin Rivers,LAC,SG,67,21.850746268656717,8.850746268656716,1.9402985074626866,1.4776119402985075,0.7164179104477612,0.13432835820895522,0.9253731343283582,3.373134328358209,7.701492537313433,1.1791044776119404,1.7313432835820894
Avery Bradley,BOS,SG,76,33.36842105263158,15.197368421052632,2.8947368421052633,2.0789473684210527,1.5394736842105263,0.25,1.9342105263157894,6.0,13.407894736842104,1.263157894736842,1.618421052631579
Axel Toupane,DEN,SF,21,14.523809523809524,3.619047619047619,1.4761904761904763,0.7142857142857143,0.3333333333333333,0.2857142857142857,0.6190476190476191,1.1904761904761905,3.3333333333333335,0.6190476190476191,0.8095238095238095
Ben McLemore,SAC,SG,68,21.220588235294116,7.8088235294117645,2.176470588235294,1.161764705882353,0.7647058823529411,0.14705882352941177,0.9852941176470589,2.8676470588235294,6.6911764705882355,1.088235294117647,1.5147058823529411
Beno Udrih,2TM,PG,44,16.068181818181817,4.659090909090909,1.6363636363636365,2.6363636363636362,0.3181818181818182,0.022727272727272728,0.3409090909090909,1.9545454545454546,4.5,0.4090909090909091,0.45454545454545453
Bismack Biyombo,TOR,C,82,22.048780487804876,5.536585365853658,7.987804878048781,0.35365853658536583,0.23170731707317074,1.6219512195121952,0.0,1.9024390243902438,3.5121951219512195,1.7317073170731707,2.7560975609756095
Blake Griffin,LAC,PF,35,33.42857142857143,21.4,8.4,4.857142857142857,0.8,0.4857142857142857,0.17142857142857143,8.6,17.228571428571428,4.0285714285714285,5.542857142857143
Boban Marjanović,SAS,C,54,9.407407407407407,5.5,3.5925925925925926,0.3888888888888889,0.2222222222222222,0.42592592592592593,0.0,1.9444444444444444,3.2222222222222223,1.6111111111111112,2.111111111111111
Bobby Portis,CHI,PF,62,17.774193548387096,7.032258064516129,5.435483870967742,0.8387096774193549,0.4032258064516129,0.3548387096774194,0.25806451612903225,3.0,7.032258064516129,0.7741935483870968,1.064516129032258
Bojan Bogdanović,BRK,SF,79,26.772151898734176,11.227848101265822,3.2278481012658227,1.2531645569620253,0.3670886075949367,0.06329113924050633,1.6329113924050633,4.10126582278481,9.481012658227849,1.3924050632911393,1.6708860759493671
Boris Diaw,SAS,PF,76,18.236842105263158,6.381578947368421,3.0657894736842106,2.3157894736842106,0.34210526315789475,0.27631578947368424,0.32894736842105265,2.6578947368421053,5.0394736842105265,0.7368421052631579,1.0
Bradley Beal,WAS,SG,55,31.054545454545455,17.418181818181818,3.418181818181818,2.9454545454545453,0.9818181818181818,0.2,1.9090909090909092,6.527272727272727,14.527272727272727,2.4545454545454546,3.2
Brandan Wright,MEM,PF,12,17.666666666666668,6.916666666666667,3.5833333333333335,0.5,0.4166666666666667,1.25,0.0,2.9166666666666665,4.333333333333333,1.0833333333333333,2.0
Branden Dawson,LAC,PF,6,4.833333333333333,0.8333333333333334,0.6666666666666666,0.0,0.0,0.16666666666666666,0.0,0.3333333333333333,0.8333333333333334,0.16666666666666666,0.16666666666666666
Brandon Bass,LAL,PF,66,20.333333333333332,7.166666666666667,4.318181818181818,1.121212121212121,0.5,0.8333333333333334,0.0,2.6363636363636362,4.803030303030303,1.893939393939394,2.242424242424242
Brandon Jennings,2TM,PG,48,18.083333333333332,6.916666666666667,2.0,3.5416666666666665,0.6041666666666666,0.14583333333333334,1.0625,2.3333333333333335,6.333333333333333,1.1875,1.625
Brandon Knight,PHO,SG,52,35.96153846153846,19.576923076923077,3.8846153846153846,5.0576923076923075,1.1730769230769231,0.38461538461538464,2.3076923076923075,7.134615384615385,17.21153846153846,3.0,3.519230769230769
Brandon Rush,GSW,SG,72,14.652777777777779,4.236111111111111,2.513888888888889,0.7916666666666666,0.2777777777777778,0.3194444444444444,0.9027777777777778,1.5416666666666667,3.611111111111111,0.25,0.3888888888888889
Brian Roberts,2TM,PG,51,9.215686274509803,4.019607843137255,0.803921568627451,1.0588235294117647,0.19607843137254902,0.0392156862745098,0.29411764705882354,1.4509803921568627,3.235294117647059,0.8235294117647058,0.9215686274509803
Briante Weber,2TM,PG,7,24.142857142857142,4.428571428571429,3.5714285714285716,3.0,1.2857142857142858,0.42857142857142855,0.0,2.0,5.571428571428571,0.42857142857142855,0.5714285714285714
Brook Lopez,BRK,C,73,33.657534246575345,20.561643835616437,7.8493150684931505,2.0136986301369864,0.7945205479452054,1.6986301369863013,0.0273972602739726,8.095890410958905,15.849315068493151,4.342465753424658,5.52054794520548
Bruno Caboclo,TOR,SF,6,7.166666666666667,0.5,0.3333333333333333,0.16666666666666666,0.3333333333333333,0.16666666666666666,0.16666666666666666,0.16666666666666666,2.0,0.0,0.0
Bryce Cotton,2TM,PG,8,4.875,1.0,0.0,0.375,0.375,0.0,0.0,0.5,1.25,0.0,0.0
Bryce Dejean-Jones,NOP,SG,14,19.928571428571427,5.642857142857143,3.4285714285714284,1.0714285714285714,0.7142857142857143,0.14285714285714285,0.8571428571428571,2.0,4.928571428571429,0.7857142857142857,1.5
C.J. Miles,IND,SF,64,22.875,11.765625,2.734375,0.984375,0.828125,0.453125,2.21875,4.046875,9.90625,1.453125,1.9375
C.J. Watson,ORL,PG,33,19.87878787878788,4.303030303030303,2.0,2.6666666666666665,0.5757575757575758,0.15151515151515152,0.42424242424242425,1.4242424242424243,4.151515151515151,1.0303030303030303,1.1818181818181819
C.J. Wilcox,LAC,SG,23,7.260869565217392,3.0434782608695654,0.5217391304347826,0.43478260869565216,0.43478260869565216,0.08695652173913043,0.391304347826087,1.1304347826086956,2.869565217391304,0.391304347826087,0.5217391304347826
CJ McCollum,POR,SG,80,34.75,20.825,3.2375,4.2625,1.2125,0.2875,2.4625,8.0125,17.8875,2.3375,2.825
Cameron Bairstow,CHI,C,18,5.722222222222222,1.8888888888888888,1.5555555555555556,0.3333333333333333,0.1111111111111111,0.16666666666666666,0.05555555555555555,0.7222222222222222,2.2222222222222223,0.3888888888888889,0.4444444444444444
Cameron Payne,OKC,PG,57,12.24561403508772,4.964912280701754,1.4912280701754386,1.894736842105263,0.631578947368421,0.10526315789473684,0.631578947368421,2.0,4.87719298245614,0.3333333333333333,0.42105263157894735
Carl Landry,PHI,PF,36,15.805555555555555,9.75,4.055555555555555,0.8888888888888888,0.3333333333333333,0.25,0.16666666666666666,3.861111111111111,6.944444444444445,1.8611111111111112,2.5277777777777777
Carmelo Anthony,NYK,SF,72,35.138888888888886,21.84722222222222,7.722222222222222,4.152777777777778,0.8611111111111112,0.5277777777777778,1.4583333333333333,7.875,18.15277777777778,4.638888888888889,5.597222222222222
Caron Butler,SAC,SF,17,10.352941176470589,3.7058823529411766,1.2941176470588236,0.5882352941176471,0.5294117647058824,0.058823529411764705,0.17647058823529413,1.4705882352941178,3.4705882352941178,0.5882352941176471,0.7058823529411765
Chandler Parsons,DAL,SF,61,29.491803278688526,13.721311475409836,4.672131147540983,2.7704918032786887,0.7540983606557377,0.3442622950819672,1.7049180327868851,5.245901639344262,10.672131147540984,1.5245901639344261,2.2295081967213113
Channing Frye,2TM,C,70,17.142857142857142,6.071428571428571,3.342857142857143,1.0142857142857142,0.4142857142857143,0.4,1.3,2.1714285714285713,4.957142857142857,0.42857142857142855,0.5
Charlie Villanueva,DAL,PF,62,10.725806451612904,5.145161290322581,2.4516129032258065,0.3870967741935484,0.2903225806451613,0.24193548387096775,0.7580645161290323,2.0161290322580645,5.274193548387097,0.3548387096774194,0.3870967741935484
Chase Budinger,2TM,SF,66,14.075757575757576,4.106060606060606,2.272727272727273,0.9696969696969697,0.48484848484848486,0.15151515151515152,0.36363636363636365,1.5757575757575757,3.621212121212121,0.5909090909090909,0.8484848484848485
Chris Andersen,2TM,C,27,14.88888888888889,3.888888888888889,3.6296296296296298,0.4444444444444444,0.5555555555555556,0.48148148148148145,0.14814814814814814,1.4074074074074074,2.6666666666666665,0.9259259259259259,1.3333333333333333
Chris Bosh,MIA,PF,53,33.54716981132076,19.056603773584907,7.3584905660377355,2.4150943396226414,0.6792452830188679,0.6415094339622641,1.528301886792453,6.754716981132075,14.471698113207546,4.018867924528302,5.056603773584905
Chris Copeland,MIL,PF,24,6.5,2.0833333333333335,0.4166666666666667,0.4583333333333333,0.08333333333333333,0.0,0.4166666666666667,0.7083333333333334,2.125,0.25,0.2916666666666667
Chris Johnson,UTA,SF,70,12.242857142857142,2.9285714285714284,1.8857142857142857,0.6428571428571429,0.45714285714285713,0.2857142857142857,0.38571428571428573,1.0285714285714285,2.7714285714285714,0.4857142857142857,0.6
Chris Kaman,POR,C,16,7.0,2.75,1.5,0.6875,0.0625,0.0625,0.0625,1.25,2.6875,0.1875,0.1875
Chris McCullough,BRK,PF,24,15.083333333333334,4.666666666666667,2.8333333333333335,0.375,1.1666666666666667,0.5,0.5416666666666666,1.8333333333333333,4.541666666666667,0.4583333333333333,0.9583333333333334
Chris Paul,LAC,PG,74,32.7027027027027,19.54054054054054,4.1891891891891895,9.972972972972974,2.054054054054054,0.17567567567567569,1.6486486486486487,6.95945945945946,15.054054054054054,3.972972972972973,4.4324324324324325
Christian Wood,PHI,PF,17,8.529411764705882,3.588235294117647,2.235294117647059,0.17647058823529413,0.29411764705882354,0.4117647058823529,0.23529411764705882,1.2941176470588236,3.1176470588235294,0.7647058823529411,1.2352941176470589
Chuck Hayes,HOU,C,2,12.0,2.0,4.0,1.0,0.0,0.0,0.0,0.5,1.0,1.0,1.0
Cleanthony Early,NYK,SF,17,9.058823529411764,1.8235294117647058,1.5294117647058822,0.35294117647058826,0.11764705882352941,0.17647058823529413,0.23529411764705882,0.7058823529411765,2.3529411764705883,0.17647058823529413,0.23529411764705882
Cliff Alexander,POR,PF,8,4.5,1.25,0.75,0.0,0.125,0.25,0.0,0.625,1.25,0.0,0.0
Clint Capela,HOU,C,77,19.103896103896105,7.038961038961039,6.415584415584416,0.6103896103896104,0.7662337662337663,1.1948051948051948,0.0,3.0,5.1558441558441555,1.0389610389610389,2.74025974025974
Cody Zeller,CHO,C,73,24.301369863013697,8.73972602739726,6.232876712328767,0.9726027397260274,0.7808219178082192,0.863013698630137,0.0136986301369863,3.164383561643836,5.986301369863014,2.3972602739726026,3.1780821917808217
Cole Aldrich,LAC,C,60,13.333333333333334,5.466666666666667,4.8,0.8333333333333334,0.7833333333333333,1.1333333333333333,0.0,2.2333333333333334,3.75,1.0,1.4
Corey Brewer,HOU,SF,82,20.353658536585368,7.195121951219512,2.426829268292683,1.329268292682927,1.024390243902439,0.23170731707317074,0.7439024390243902,2.5853658536585367,6.7317073170731705,1.2804878048780488,1.7073170731707317
Cory Jefferson,PHO,PF,8,6.25,2.75,2.0,0.0,0.0,0.125,0.0,1.125,2.75,0.5,0.75
Cory Joseph,TOR,SG,80,25.575,8.4625,2.625,3.125,0.7875,0.25,0.375,3.2125,7.3125,1.6625,2.175
Coty Clarke,BOS,SF,3,2.0,2.0,0.3333333333333333,0.0,0.0,0.0,0.6666666666666666,0.6666666666666666,1.3333333333333333,0.0,0.0
Courtney Lee,2TM,SG,79,29.544303797468356,9.632911392405063,2.5949367088607596,1.7215189873417722,1.0759493670886076,0.35443037974683544,1.0379746835443038,3.670886075949367,8.08860759493671,1.2531645569620253,1.4936708860759493
Cristiano Felício,CHI,C,31,10.35483870967742,3.3870967741935485,3.2903225806451615,0.8387096774193549,0.1935483870967742,0.41935483870967744,0.0,1.2903225806451613,2.3225806451612905,0.8064516129032258,1.1290322580645162
D'Angelo Russell,LAL,PG,80,28.2375,13.175,3.425,3.325,1.1625,0.1625,1.625,4.9,11.95,1.75,2.375
D.J. Augustin,2TM,PG,62,19.0,7.532258064516129,1.532258064516129,3.193548387096774,0.6129032258064516,0.06451612903225806,1.096774193548387,2.3870967741935485,5.645161290322581,1.6612903225806452,2.064516129032258
Dahntay Jones,CLE,SF,1,42.0,13.0,5.0,2.0,1.0,2.0,1.0,6.0,14.0,0.0,0.0
Damian Lillard,POR,PG,75,35.68,25.053333333333335,4.026666666666666,6.826666666666667,0.8666666666666667,0.37333333333333335,3.0533333333333332,8.24,19.653333333333332,5.52,6.1866666666666665
Damien Inglis,MIL,SF,20,7.8,1.8,1.55,0.5,0.3,0.15,0.15,0.65,1.85,0.35,0.4
Damjan Rudež,MIN,SF,33,8.393939393939394,2.272727272727273,0.6060606060606061,0.3333333333333333,0.09090909090909091,0.030303030303030304,0.5151515151515151,0.7575757575757576,1.878787878787879,0.24242424242424243,0.24242424242424243
Danilo Gallinari,DEN,SF,53,34.698113207547166,19.547169811320753,5.30188679245283,2.547169811320755,0.7924528301886793,0.3584905660377358,1.6415094339622642,5.415094339622642,13.20754716981132,7.0754716981132075,8.150943396226415
Danny Green,SAS,SG,79,26.10126582278481,7.2405063291139244,3.8354430379746836,1.7848101265822784,1.0,0.810126582278481,1.4683544303797469,2.670886075949367,7.10126582278481,0.43037974683544306,0.5822784810126582
Dante Cunningham,NOP,SF,80,24.6375,6.05,2.95,0.9625,0.525,0.4125,0.6875,2.325,5.15,0.7125,1.025
Darrell Arthur,DEN,PF,70,21.65714285714286,7.5285714285714285,4.185714285714286,1.3714285714285714,0.7571428571428571,0.6857142857142857,0.6428571428571429,3.157142857142857,6.985714285714286,0.5714285714285714,0.7571428571428571
Darren Collison,SAC,PG,74,29.986486486486488,13.986486486486486,2.2837837837837838,4.297297297297297,1.027027027027027,0.05405405405405406,1.1756756756756757,5.094594594594595,10.486486486486486,2.6216216216216215,3.054054054054054
Darrun Hilliard,DET,SG,38,10.078947368421053,4.0,1.1842105263157894,0.7105263157894737,0.23684210526315788,0.02631578947368421,0.5,1.368421052631579,3.4473684210526314,0.7631578947368421,1.0526315789473684
David Lee,2TM,PF,55,16.418181818181818,7.763636363636364,5.545454545454546,1.5272727272727273,0.4,0.509090909090909,0.0,3.2363636363636363,6.090909090909091,1.290909090909091,1.690909090909091
David West,SAS,PF,78,18.0,7.102564102564102,3.9615384615384617,1.8333333333333333,0.5641025641025641,0.7051282051282052,0.038461538461538464,3.128205128205128,5.743589743589744,0.8076923076923077,1.0256410256410255
DeAndre Jordan,LAC,C,77,33.74025974025974,12.727272727272727,13.753246753246753,1.1688311688311688,0.6623376623376623,2.2987012987012987,0.0,4.636363636363637,6.597402597402597,3.4545454545454546,8.03896103896104
DeJuan Blair,WAS,C,29,7.517241379310345,2.103448275862069,1.9655172413793103,0.3793103448275862,0.27586206896551724,0.06896551724137931,0.0,0.9655172413793104,2.3448275862068964,0.1724137931034483,0.4482758620689655
DeMar DeRozan,TOR,SG,78,35.94871794871795,23.46153846153846,4.4743589743589745,4.038461538461538,1.0384615384615385,0.2692307692307692,0.6025641025641025,7.871794871794871,17.653846153846153,7.115384615384615,8.371794871794872
DeMarcus Cousins,SAC,C,65,34.55384615384615,26.892307692307693,11.492307692307692,3.292307692307692,1.5538461538461539,1.4153846153846155,1.0769230769230769,9.246153846153845,20.49230769230769,7.323076923076923,10.2
DeMarre Carroll,TOR,SF,26,30.23076923076923,11.0,4.6923076923076925,1.0384615384615385,1.6923076923076923,0.23076923076923078,1.7692307692307692,4.038461538461538,10.384615384615385,1.1538461538461537,1.9230769230769231
Delon Wright,TOR,PG,27,8.481481481481481,3.814814814814815,1.3703703703703705,1.1481481481481481,0.2962962962962963,0.1111111111111111,0.18518518518518517,1.3333333333333333,2.962962962962963,0.9629629629629629,1.2962962962962963
Dennis Schröder,ATL,PG,80,20.2625,10.9875,2.55,4.3625,0.875,0.1125,0.9625,4.1125,9.7625,1.8,2.275
Deron Williams,DAL,PG,65,32.4,14.123076923076923,2.923076923076923,5.815384615384615,0.9384615384615385,0.2153846153846154,1.4923076923076923,4.938461538461539,11.923076923076923,2.753846153846154,3.169230769230769
Derrick Favors,UTA,PF,62,31.983870967741936,16.387096774193548,8.112903225806452,1.5161290322580645,1.1935483870967742,1.467741935483871,0.0,6.741935483870968,13.080645161290322,2.903225806451613,4.096774193548387
Derrick Rose,CHI,PG,66,31.772727272727273,16.363636363636363,3.409090909090909,4.712121212121212,0.6666666666666666,0.21212121212121213,0.6666666666666666,6.7727272727272725,15.878787878787879,2.1515151515151514,2.712121212121212
Derrick Williams,NYK,SF,80,17.9375,9.325,3.7,0.9375,0.3625,0.1125,0.55,3.175,7.0625,2.425,3.2
Devin Booker,PHO,SG,76,27.736842105263158,13.789473684210526,2.460526315789474,2.6315789473684212,0.5789473684210527,0.2631578947368421,1.3026315789473684,4.828947368421052,11.407894736842104,2.8289473684210527,3.3684210526315788
Devin Harris,DAL,PG,64,20.0,7.609375,2.15625,1.84375,0.9375,0.203125,0.8125,2.609375,5.84375,1.578125,2.1875
Devyn Marble,ORL,SG,28,8.892857142857142,2.142857142857143,1.3571428571428572,0.42857142857142855,0.4642857142857143,0.03571428571428571,0.2857142857142857,0.75,2.5357142857142856,0.35714285714285715,0.8571428571428571
Dewayne Dedmon,ORL,C,58,12.155172413793103,4.396551724137931,3.9310344827586206,0.22413793103448276,0.3793103448275862,0.7931034482758621,0.0,1.706896551724138,3.0517241379310347,0.9827586206896551,1.3103448275862069
Dion Waiters,OKC,SG,78,27.58974358974359,9.76923076923077,2.58974358974359,1.9743589743589745,1.0384615384615385,0.19230769230769232,1.1025641025641026,3.6153846153846154,9.051282051282051,1.435897435897436,2.0128205128205128
Dirk Nowitzki,DAL,PF,75,31.52,18.293333333333333,6.52,1.76,0.6933333333333334,0.6933333333333334,1.68,6.64,14.826666666666666,3.3333333333333335,3.7333333333333334
Donald Sloan,BRK,PG,61,21.60655737704918,6.950819672131147,2.8360655737704916,4.39344262295082,0.5245901639344263,0.06557377049180328,0.6229508196721312,2.5245901639344264,5.737704918032787,1.278688524590164,1.7049180327868851
Donatas Motiejūnas,HOU,PF,37,14.783783783783784,6.216216216216216,2.945945945945946,1.1081081081081081,0.4594594594594595,0.13513513513513514,0.43243243243243246,2.4324324324324325,5.54054054054054,0.918918918918919,1.4324324324324325
Doug McDermott,CHI,SF,81,22.97530864197531,9.432098765432098,2.4074074074074074,0.7283950617283951,0.1728395061728395,0.07407407407407407,1.3580246913580247,3.5925925925925926,7.950617283950617,0.8888888888888888,1.037037037037037
Draymond Green,GSW,PF,81,34.666666666666664,13.962962962962964,9.493827160493828,7.382716049382716,1.4691358024691359,1.3950617283950617,1.2345679012345678,4.950617283950617,10.11111111111111,2.8271604938271606,4.061728395061729
Drew Gooden,WAS,PF,30,10.166666666666666,2.7333333333333334,2.8333333333333335,0.43333333333333335,0.26666666666666666,0.36666666666666664,0.23333333333333334,1.1,3.433333333333333,0.3,0.4666666666666667
Duje Dukan,SAC,SF,1,24.0,6.0,4.0,1.0,1.0,0.0,2.0,2.0,10.0,0.0,0.0
Dwight Howard,HOU,C,71,32.11267605633803,13.746478873239436,11.76056338028169,1.380281690140845,0.971830985915493,1.591549295774648,0.0,5.23943661971831,8.450704225352112,3.267605633802817,6.676056338028169
Dwight Powell,DAL,PF,69,14.376811594202898,5.782608695652174,3.9565217391304346,0.6376811594202898,0.5217391304347826,0.34782608695652173,0.028985507246376812,2.1159420289855073,4.2898550724637685,1.5217391304347827,2.0579710144927534
Dwyane Wade,MIA,SG,74,30.513513513513512,19.04054054054054,4.081081081081081,4.648648648648648,1.0675675675675675,0.5675675675675675,0.0945945945945946,7.297297297297297,15.986486486486486,4.351351351351352,5.486486486486487
E'Twaun Moore,CHI,SG,59,21.406779661016948,7.508474576271187,2.2542372881355934,1.6779661016949152,0.6271186440677966,0.3050847457627119,0.7966101694915254,3.169491525423729,6.593220338983051,0.3728813559322034,0.5932203389830508
Ed Davis,POR,PF,81,20.790123456790123,6.493827160493828,7.395061728395062,1.0864197530864197,0.7037037037037037,0.8888888888888888,0.0,2.54320987654321,4.160493827160494,1.4074074074074074,2.5185185185185186
Edy Tavares,ATL,C,11,6.636363636363637,2.272727272727273,1.9090909090909092,0.2727272727272727,0.09090909090909091,0.5454545454545454,0.0,1.0,1.7272727272727273,0.2727272727272727,0.7272727272727273
Elfrid Payton,ORL,PG,73,29.383561643835616,10.657534246575343,3.5753424657534247,6.410958904109589,1.2191780821917808,0.273972602739726,0.410958904109589,4.3561643835616435,10.0,1.5342465753424657,2.6027397260273974
Elijah Millsap,UTA,SG,20,8.65,1.8,1.75,0.95,0.35,0.15,0.05,0.55,1.95,0.65,0.9
Elliot Williams,MEM,PG,5,9.0,1.6,0.8,0.8,0.0,0.0,0.2,0.4,2.0,0.6,0.8
Elton Brand,PHI,C,17,13.235294117647058,4.117647058823529,3.7058823529411766,1.0588235294117647,0.5294117647058824,0.47058823529411764,0.0,1.8235294117647058,4.235294117647059,0.47058823529411764,0.5294117647058824
Emmanuel Mudiay,DEN,PG,68,30.41176470588235,12.823529411764707,3.411764705882353,5.470588235294118,0.9558823529411765,0.5147058823529411,1.088235294117647,4.838235294117647,13.308823529411764,2.0588235294117645,3.073529411764706
Enes Freedom,OKC,C,82,20.98780487804878,12.658536585365853,8.097560975609756,0.4024390243902439,0.3170731707317073,0.4024390243902439,0.12195121951219512,5.048780487804878,8.768292682926829,2.4390243902439024,3.0609756097560976
Eric Bledsoe,PHO,PG,31,34.16129032258065,20.387096774193548,4.032258064516129,6.129032258064516,2.032258064516129,0.6129032258064516,1.5483870967741935,7.193548387096774,15.870967741935484,4.451612903225806,5.548387096774194
Eric Gordon,NOP,SG,45,32.91111111111111,15.244444444444444,2.2,2.688888888888889,0.9555555555555556,0.3111111111111111,2.511111111111111,5.133333333333334,12.266666666666667,2.466666666666667,2.7777777777777777
Eric Moreland,SAC,PF,8,6.0,1.0,1.375,0.125,0.0,0.5,0.0,0.375,0.75,0.25,0.5
Erick Green,2TM,PG,9,4.666666666666667,1.4444444444444444,0.6666666666666666,0.3333333333333333,0.1111111111111111,0.0,0.1111111111111111,0.5555555555555556,1.4444444444444444,0.2222222222222222,0.2222222222222222
Ersan İlyasova,2TM,PF,74,25.41891891891892,10.364864864864865,5.445945945945946,0.9054054054054054,0.7027027027027027,0.44594594594594594,1.2972972972972974,3.7837837837837838,8.932432432432432,1.5,2.081081081081081
Evan Fournier,ORL,SF,79,32.48101265822785,15.354430379746836,2.848101265822785,2.6962025316455698,1.2151898734177216,0.02531645569620253,1.9746835443037976,5.430379746835443,11.759493670886076,2.518987341772152,3.0126582278481013
Evan Turner,BOS,SG,81,28.037037037037038,10.54320987654321,4.901234567901234,4.432098765432099,0.9876543209876543,0.345679012345679,0.24691358024691357,4.234567901234568,9.296296296296296,1.8271604938271604,2.2098765432098766
Festus Ezeli,GSW,C,46,16.73913043478261,6.956521739130435,5.586956521739131,0.6956521739130435,0.391304347826087,1.0869565217391304,0.0,2.717391304347826,4.956521739130435,1.5217391304347827,2.869565217391304
Frank Kaminsky,CHO,C,81,21.08641975308642,7.481481481481482,4.135802469135802,1.2098765432098766,0.4691358024691358,0.5308641975308642,0.8395061728395061,2.654320987654321,6.481481481481482,1.3333333333333333,1.8271604938271604
Garrett Temple,WAS,SF,80,24.3875,7.275,2.65,1.75,0.8625,0.225,1.1125,2.5125,6.3125,1.1375,1.5625
Gary Harris,DEN,SG,76,32.0921052631579,12.263157894736842,2.8947368421052633,1.9342105263157894,1.2763157894736843,0.23684210526315788,1.381578947368421,4.723684210526316,10.06578947368421,1.4342105263157894,1.75
Gary Neal,WAS,SG,40,20.175,9.75,2.075,1.175,0.5,0.025,1.025,3.775,8.125,1.175,1.375
George Hill,IND,PG,74,34.108108108108105,12.08108108108108,4.027027027027027,3.5,1.1216216216216217,0.22972972972972974,1.7297297297297298,4.405405405405405,9.986486486486486,1.5405405405405406,2.027027027027027
Gerald Green,MIA,SG,69,22.565217391304348,8.927536231884059,2.36231884057971,0.8115942028985508,0.5507246376811594,0.2753623188405797,1.2173913043478262,3.3333333333333335,8.507246376811594,1.0434782608695652,1.3333333333333333
Gerald Henderson,POR,SG,72,19.875,8.666666666666666,2.9305555555555554,1.0416666666666667,0.5416666666666666,0.2638888888888889,0.6666666666666666,3.2222222222222223,7.347222222222222,1.5555555555555556,2.0277777777777777
Giannis Antetokounmpo,MIL,PG,80,35.2875,16.875,7.65,4.3125,1.175,1.4125,0.35,6.4125,12.6625,3.7,5.1125
Glenn Robinson III,IND,SF,45,11.28888888888889,3.8,1.511111111111111,0.5777777777777777,0.37777777777777777,0.2,0.3111111111111111,1.4444444444444444,3.3555555555555556,0.6,0.8666666666666667
Goran Dragić,MIA,PG,72,32.81944444444444,14.13888888888889,3.8472222222222223,5.819444444444445,0.9861111111111112,0.2361111111111111,0.8888888888888888,5.791666666666667,12.152777777777779,1.6666666666666667,2.2916666666666665
Gordon Hayward,UTA,SF,80,36.1625,19.725,4.9625,3.7,1.1875,0.3375,1.7875,6.5125,15.025,4.9125,5.9625
Gorgui Dieng,MIN,C,82,27.073170731707318,10.085365853658537,7.134146341463414,1.7439024390243902,1.146341463414634,1.170731707317073,0.07317073170731707,3.7560975609756095,7.060975609756097,2.5,3.024390243902439
Greg Monroe,MIL,C,79,29.29113924050633,15.316455696202532,8.810126582278482,2.2531645569620253,0.9113924050632911,0.8481012658227848,0.0,6.215189873417722,11.91139240506329,2.8860759493670884,3.8987341772151898
Greg Smith,MIN,PF,18,10.666666666666666,2.388888888888889,2.3333333333333335,0.3333333333333333,0.2222222222222222,0.05555555555555555,0.0,1.0,1.7777777777777777,0.3888888888888889,0.9444444444444444
Greivis Vásquez,MIL,PG,23,20.0,5.6521739130434785,2.0434782608695654,3.9565217391304346,0.43478260869565216,0.0,0.782608695652174,1.9565217391304348,6.0,0.9565217391304348,1.1304347826086956
Harrison Barnes,GSW,SF,66,30.939393939393938,11.727272727272727,4.924242424242424,1.7727272727272727,0.6212121212121212,0.15151515151515152,1.2424242424242424,4.46969696969697,9.590909090909092,1.5454545454545454,2.0303030303030303
Hassan Whiteside,MIA,C,73,29.10958904109589,14.246575342465754,11.849315068493151,0.410958904109589,0.6027397260273972,3.684931506849315,0.0,5.657534246575342,9.342465753424657,2.9315068493150687,4.506849315068493
Henry Sims,BRK,C,14,18.785714285714285,6.5,5.142857142857143,0.6428571428571429,0.6428571428571429,1.0,0.0,2.357142857142857,5.5,1.7857142857142858,2.142857142857143
Hollis Thompson,PHI,SG,77,27.974025974025974,9.844155844155845,3.5324675324675323,1.2857142857142858,0.4675324675324675,0.3116883116883117,1.9350649350649352,3.5064935064935066,8.831168831168831,0.8961038961038961,1.2467532467532467
Ian Clark,GSW,SG,66,8.757575757575758,3.5757575757575757,1.0303030303030303,0.9696969696969697,0.25757575757575757,0.19696969696969696,0.45454545454545453,1.3484848484848484,3.0606060606060606,0.42424242424242425,0.5151515151515151
Ian Mahinmi,IND,C,71,25.577464788732396,9.295774647887324,7.140845070422535,1.4647887323943662,0.9154929577464789,1.056338028169014,0.0,3.7183098591549295,6.309859154929577,1.8591549295774648,3.1690140845070425
Iman Shumpert,CLE,SG,54,24.37037037037037,5.7592592592592595,3.759259259259259,1.7037037037037037,1.0,0.35185185185185186,0.7962962962962963,2.111111111111111,5.648148148148148,0.7407407407407407,0.9444444444444444
Isaiah Canaan,PHI,SG,77,25.532467532467532,10.987012987012987,2.25974025974026,1.7792207792207793,0.7272727272727273,0.15584415584415584,2.2857142857142856,3.3766233766233764,9.376623376623376,1.948051948051948,2.3376623376623376
Isaiah Thomas,BOS,PG,82,32.24390243902439,22.23170731707317,2.9634146341463414,6.2073170731707314,1.1097560975609757,0.10975609756097561,2.0365853658536586,7.2073170731707314,16.853658536585368,5.780487804878049,6.634146341463414
Ish Smith,2TM,PG,77,29.07792207792208,12.623376623376624,3.961038961038961,6.51948051948052,1.1428571428571428,0.3116883116883117,0.7272727272727273,5.1558441558441555,12.558441558441558,1.5844155844155845,2.2857142857142856
J.J. Barea,DAL,PG,74,22.527027027027028,10.91891891891892,2.054054054054054,4.081081081081081,0.35135135135135137,0.02702702702702703,1.3513513513513513,4.283783783783784,9.608108108108109,1.0,1.2972972972972974
J.J. Hickson,2TM,C,35,12.457142857142857,5.885714285714286,3.7714285714285714,0.6571428571428571,0.42857142857142855,0.4,0.0,2.2857142857142856,4.428571428571429,1.3142857142857143,2.942857142857143
J.J. O'Brien,UTA,SF,2,3.0,0.0,0.5,0.0,0.5,0.0,0.0,0.0,0.5,0.0,0.0
J.R. Smith,CLE,SG,77,30.675324675324674,12.402597402597403,2.8181818181818183,1.6883116883116882,1.051948051948052,0.2727272727272727,2.6493506493506493,4.584415584415584,11.03896103896104,0.5844155844155844,0.922077922077922
JJ Redick,LAC,SG,75,27.96,16.346666666666668,1.8533333333333333,1.4133333333333333,0.56,0.06666666666666667,2.6666666666666665,5.626666666666667,11.733333333333333,2.4266666666666667,2.7333333333333334
JaKarr Sampson,2TM,SF,73,15.89041095890411,5.123287671232877,2.6027397260273974,0.6301369863013698,0.3150684931506849,0.4520547945205479,0.1917808219178082,1.917808219178082,4.342465753424658,1.095890410958904,1.6712328767123288
JaMychal Green,MEM,PF,78,18.53846153846154,7.410256410256411,4.782051282051282,0.8589743589743589,0.5897435897435898,0.4230769230769231,0.19230769230769232,2.948717948717949,6.346153846153846,1.3205128205128205,1.7564102564102564
JaVale McGee,DAL,C,34,10.882352941176471,5.0588235294117645,3.911764705882353,0.08823529411764706,0.14705882352941177,0.7647058823529411,0.0,2.264705882352941,3.9411764705882355,0.5294117647058824,1.0588235294117647
Jabari Parker,MIL,PF,76,31.68421052631579,14.078947368421053,5.197368421052632,1.7105263157894737,0.9078947368421053,0.3815789473684211,0.11842105263157894,5.828947368421052,11.828947368421053,2.3026315789473686,3.0
Jae Crowder,BOS,SF,73,31.616438356164384,14.219178082191782,5.109589041095891,1.8493150684931507,1.726027397260274,0.4794520547945205,1.6712328767123288,4.931506849315069,11.136986301369863,2.684931506849315,3.2739726027397262
Jahlil Okafor,PHI,C,53,30.0188679245283,17.50943396226415,7.037735849056604,1.2264150943396226,0.41509433962264153,1.150943396226415,0.018867924528301886,7.490566037735849,14.735849056603774,2.509433962264151,3.660377358490566
Jamal Crawford,LAC,SG,79,26.911392405063292,14.177215189873417,1.8354430379746836,2.3164556962025316,0.6582278481012658,0.1518987341772152,1.481012658227848,4.7974683544303796,11.886075949367088,3.1012658227848102,3.430379746835443
Jameer Nelson,DEN,PG,39,26.564102564102566,7.666666666666667,2.948717948717949,4.871794871794871,0.6410256410256411,0.1282051282051282,1.1025641025641026,2.8974358974358974,7.871794871794871,0.7692307692307693,0.8974358974358975
James Anderson,SAC,SG,51,14.137254901960784,3.5098039215686274,1.6862745098039216,0.803921568627451,0.4117647058823529,0.27450980392156865,0.45098039215686275,1.3137254901960784,3.4901960784313726,0.43137254901960786,0.5686274509803921
James Ennis III,3TM,SF,22,14.954545454545455,7.2272727272727275,1.9090909090909092,0.9545454545454546,0.7272727272727273,0.22727272727272727,1.1818181818181819,2.4545454545454546,5.136363636363637,1.1363636363636365,1.5454545454545454
James Harden,HOU,SG,82,38.109756097560975,28.975609756097562,6.109756097560975,7.463414634146342,1.6951219512195121,0.6219512195121951,2.8780487804878048,8.658536585365853,19.71951219512195,8.78048780487805,10.207317073170731
James Johnson,TOR,PF,57,16.24561403508772,5.035087719298246,2.210526315789474,1.1754385964912282,0.5087719298245614,0.5789473684210527,0.3508771929824561,2.0,4.2105263157894735,0.6842105263157895,1.1929824561403508
James Jones,CLE,SF,48,9.645833333333334,3.7083333333333335,1.0416666666666667,0.2916666666666667,0.22916666666666666,0.20833333333333334,0.8541666666666666,1.2083333333333333,2.9583333333333335,0.4375,0.5416666666666666
James Michael McAdoo,GSW,PF,41,6.390243902439025,2.8536585365853657,1.4146341463414633,0.4146341463414634,0.24390243902439024,0.1951219512195122,0.024390243902439025,1.0975609756097562,2.048780487804878,0.6341463414634146,1.1951219512195121
James Young,BOS,SG,29,6.862068965517241,1.0,0.896551724137931,0.3103448275862069,0.20689655172413793,0.034482758620689655,0.20689655172413793,0.3793103448275862,1.2413793103448276,0.034482758620689655,0.13793103448275862
Jared Cunningham,2TM,SG,44,9.318181818181818,2.727272727272727,0.8636363636363636,0.45454545454545453,0.3181818181818182,0.045454545454545456,0.2727272727272727,0.8181818181818182,2.3863636363636362,0.8181818181818182,1.25
Jared Dudley,WAS,PF,81,25.901234567901234,7.8765432098765435,3.5308641975308643,2.0987654320987654,0.9259259259259259,0.2222222222222222,1.2345679012345678,2.876543209876543,6.012345679012346,0.8888888888888888,1.2098765432098766
Jared Sullinger,BOS,PF,81,23.641975308641975,10.296296296296296,8.308641975308642,2.308641975308642,0.9259259259259259,0.5802469135802469,0.35802469135802467,4.333333333333333,9.950617283950617,1.271604938271605,1.9876543209876543
Jarell Eddie,WAS,SF,26,5.653846153846154,2.423076923076923,0.8846153846153846,0.19230769230769232,0.19230769230769232,0.038461538461538464,0.5769230769230769,0.7692307692307693,2.5,0.3076923076923077,0.3076923076923077
Jarell Martin,MEM,PF,27,14.074074074074074,5.666666666666667,3.185185185185185,0.5555555555555556,0.2962962962962963,0.25925925925925924,0.0,2.0,4.296296296296297,1.6666666666666667,2.2962962962962963
Jarnell Stokes,2TM,C,7,2.5714285714285716,1.0,0.5714285714285714,0.14285714285714285,0.14285714285714285,0.0,0.0,0.42857142857142855,0.7142857142857143,0.14285714285714285,0.2857142857142857
Jarrett Jack,BRK,PG,32,32.09375,12.84375,4.25,7.375,1.0625,0.21875,0.96875,4.375,11.1875,3.125,3.5
Jason Smith,ORL,C,76,15.539473684210526,7.184210526315789,2.8815789473684212,0.8157894736842105,0.4342105263157895,0.8552631578947368,0.05263157894736842,3.210526315789474,6.618421052631579,0.7105263157894737,0.881578947368421
Jason Terry,HOU,SG,72,17.47222222222222,5.861111111111111,1.0972222222222223,1.4305555555555556,0.6527777777777778,0.125,1.2916666666666667,2.0972222222222223,5.222222222222222,0.375,0.4583333333333333
Jason Thompson,2TM,C,47,10.02127659574468,3.127659574468085,2.851063829787234,0.6170212765957447,0.2553191489361702,0.425531914893617,0.10638297872340426,1.1063829787234043,2.297872340425532,0.8085106382978723,1.148936170212766
Jeff Ayres,LAC,C,17,6.294117647058823,1.7647058823529411,1.2941176470588236,0.29411764705882354,0.0,0.17647058823529413,0.0,0.7058823529411765,1.3529411764705883,0.35294117647058826,0.35294117647058826
Jeff Green,2TM,SF,80,28.1625,11.7375,4.15,1.725,0.725,0.5,0.8375,4.425,10.3,2.05,2.75
Jeff Teague,ATL,PG,79,28.544303797468356,15.683544303797468,2.7088607594936707,5.949367088607595,1.2278481012658229,0.3037974683544304,1.3924050632911393,5.493670886075949,12.50632911392405,3.3037974683544302,3.949367088607595
Jeff Withey,UTA,C,51,12.901960784313726,4.254901960784314,3.392156862745098,0.39215686274509803,0.4117647058823529,1.0392156862745099,0.0,1.7058823529411764,3.176470588235294,0.8431372549019608,1.1568627450980393
Jerami Grant,PHI,PF,77,26.83116883116883,9.727272727272727,4.688311688311688,1.7532467532467533,0.7012987012987013,1.6493506493506493,0.45454545454545453,3.25974025974026,7.779220779220779,2.7532467532467533,4.181818181818182
Jeremy Evans,DAL,SF,30,8.366666666666667,2.3666666666666667,1.8,0.06666666666666667,0.2,0.3,0.13333333333333333,0.8666666666666667,1.6,0.5,0.7
Jeremy Lamb,CHO,SG,66,18.59090909090909,8.787878787878787,3.8181818181818183,1.1666666666666667,0.6363636363636364,0.45454545454545453,0.8484848484848485,3.484848484848485,7.7272727272727275,0.9696969696969697,1.3333333333333333
Jeremy Lin,CHO,SG,78,26.256410256410255,11.717948717948717,3.2435897435897436,3.0128205128205128,0.7435897435897436,0.5384615384615384,0.9743589743589743,3.8461538461538463,9.333333333333334,3.051282051282051,3.7435897435897436
Jerian Grant,NYK,PG,76,16.644736842105264,5.605263157894737,1.881578947368421,2.3289473684210527,0.6578947368421053,0.13157894736842105,0.2894736842105263,2.026315789473684,5.144736842105263,1.263157894736842,1.618421052631579
Jerryd Bayless,MIL,SG,52,28.942307692307693,10.403846153846153,2.7115384615384617,3.1346153846153846,0.9038461538461539,0.21153846153846154,1.9423076923076923,3.5576923076923075,8.403846153846153,1.3461538461538463,1.7307692307692308
Jimmer Fredette,2TM,SG,6,3.0,1.5,0.0,0.16666666666666666,0.16666666666666666,0.0,0.16666666666666666,0.3333333333333333,0.8333333333333334,0.6666666666666666,0.8333333333333334
Jimmy Butler,CHI,SG,67,36.92537313432836,20.880597014925375,5.343283582089552,4.791044776119403,1.6417910447761195,0.6417910447761194,0.9552238805970149,7.014925373134329,15.447761194029852,5.895522388059701,7.08955223880597
Joakim Noah,CHI,C,29,21.896551724137932,4.275862068965517,8.793103448275861,3.793103448275862,0.6206896551724138,1.0,0.0,1.7586206896551724,4.586206896551724,0.7586206896551724,1.5517241379310345
Jodie Meeks,DET,SG,3,14.333333333333334,7.333333333333333,1.6666666666666667,1.0,0.0,0.0,1.3333333333333333,2.3333333333333335,6.666666666666667,1.3333333333333333,1.3333333333333333
Joe Harris,CLE,SG,5,3.0,0.6,0.6,0.4,0.0,0.0,0.2,0.2,0.8,0.0,0.0
Joe Ingles,UTA,SF,81,15.320987654320987,4.222222222222222,1.8641975308641976,1.1851851851851851,0.6790123456790124,0.04938271604938271,1.0,1.5308641975308641,3.5925925925925926,0.16049382716049382,0.2222222222222222
Joe Johnson,2TM,SF,81,33.370370370370374,12.246913580246913,3.6049382716049383,3.925925925925926,0.7530864197530864,0.04938271604938271,1.4814814814814814,4.654320987654321,10.604938271604938,1.4567901234567902,1.7530864197530864
Joe Young,IND,PG,41,9.365853658536585,3.7560975609756095,1.2195121951219512,1.5853658536585367,0.36585365853658536,0.0,0.24390243902439024,1.5121951219512195,4.121951219512195,0.4878048780487805,0.6097560975609756
Joel Anthony,DET,C,19,5.052631578947368,0.9473684210526315,1.105263157894737,0.05263157894736842,0.10526315789473684,0.631578947368421,0.0,0.3157894736842105,0.5263157894736842,0.3157894736842105,0.42105263157894735
Joffrey Lauvergne,DEN,C,59,17.64406779661017,7.88135593220339,4.915254237288136,0.9491525423728814,0.22033898305084745,0.2542372881355932,0.22033898305084745,3.305084745762712,6.440677966101695,1.0508474576271187,1.1694915254237288
John Henson,MIL,C,57,16.842105263157894,6.964912280701754,3.8771929824561404,0.9473684210526315,0.3157894736842105,1.912280701754386,0.0,2.8771929824561404,5.105263157894737,1.2105263157894737,2.0526315789473686
John Jenkins,2TM,SG,43,11.162790697674419,4.1395348837209305,1.3255813953488371,0.813953488372093,0.18604651162790697,0.023255813953488372,0.37209302325581395,1.6511627906976745,3.7209302325581395,0.46511627906976744,0.5581395348837209
John Wall,WAS,PG,77,36.15584415584416,19.883116883116884,4.922077922077922,10.246753246753247,1.8831168831168832,0.7662337662337663,1.4935064935064934,7.428571428571429,17.51948051948052,3.5324675324675323,4.467532467532467
Johnny O'Bryant,MIL,PF,66,12.984848484848484,3.0303030303030303,2.6666666666666665,0.48484848484848486,0.2727272727272727,0.12121212121212122,0.015151515151515152,1.303030303030303,3.1666666666666665,0.4090909090909091,0.6060606060606061
Jon Leuer,PHO,PF,67,18.73134328358209,8.462686567164178,5.567164179104478,1.0746268656716418,0.5671641791044776,0.44776119402985076,0.6268656716417911,3.343283582089552,6.955223880597015,1.1492537313432836,1.507462686567164
Jonas Jerebko,BOS,PF,78,15.076923076923077,4.358974358974359,3.6923076923076925,0.7948717948717948,0.2564102564102564,0.3076923076923077,0.5512820512820513,1.5128205128205128,3.6666666666666665,0.782051282051282,1.0
Jonas Valančiūnas,TOR,C,60,25.95,12.8,9.116666666666667,0.7,0.4166666666666667,1.3333333333333333,0.0,5.05,8.933333333333334,2.7,3.55
Jonathon Simmons,SAS,SG,55,14.781818181818181,6.0181818181818185,1.7454545454545454,1.0545454545454545,0.43636363636363634,0.09090909090909091,0.32727272727272727,2.2181818181818183,4.4,1.2545454545454546,1.6727272727272726
Jordan Adams,MEM,SG,2,7.5,3.5,1.0,1.5,1.5,0.0,0.0,1.0,3.0,1.5,2.5
Jordan Clarkson,LAL,SG,79,32.30379746835443,15.50632911392405,3.962025316455696,2.430379746835443,1.1139240506329113,0.08860759493670886,1.4050632911392404,6.012658227848101,13.89873417721519,2.0759493670886076,2.5822784810126582
Jordan Farmar,MEM,PG,12,24.25,9.166666666666666,2.0833333333333335,3.0833333333333335,1.25,0.16666666666666666,1.3333333333333333,3.5,8.333333333333334,0.8333333333333334,0.8333333333333334
Jordan Hamilton,NOP,SF,11,27.636363636363637,11.363636363636363,5.636363636363637,2.272727272727273,0.7272727272727273,0.2727272727272727,1.1818181818181819,4.454545454545454,10.545454545454545,1.2727272727272727,1.9090909090909092
Jordan Hill,IND,C,73,20.726027397260275,8.835616438356164,6.178082191780822,1.1917808219178083,0.4931506849315068,0.5068493150684932,0.0,3.808219178082192,7.52054794520548,1.2191780821917808,1.7123287671232876
Jordan McRae,2TM,PG,22,8.863636363636363,4.5,0.9090909090909091,1.1363636363636365,0.13636363636363635,0.045454545454545456,0.45454545454545453,1.5454545454545454,3.5454545454545454,0.9545454545454546,1.2727272727272727
Jordan Mickey,BOS,PF,16,3.5625,1.3125,0.8125,0.0625,0.0,0.6875,0.0,0.5,1.375,0.3125,0.625
Jorge Gutiérrez,CHO,PG,12,5.25,1.8333333333333333,0.5833333333333334,1.4166666666666667,0.25,0.0,0.0,0.5,0.9166666666666666,0.8333333333333334,0.9166666666666666
Josh Huestis,OKC,PF,5,11.0,2.8,2.0,0.0,0.2,0.4,0.8,1.0,2.4,0.0,0.8
Josh McRoberts,MIA,PF,42,14.166666666666666,3.5714285714285716,2.5,1.9285714285714286,0.42857142857142855,0.16666666666666666,0.2857142857142857,1.3095238095238095,3.5238095238095237,0.6666666666666666,0.9523809523809523
Josh Richardson,MIA,SG,52,21.28846153846154,6.5576923076923075,2.0576923076923075,1.4038461538461537,0.6923076923076923,0.4807692307692308,1.0192307692307692,2.3653846153846154,5.230769230769231,0.8076923076923077,1.2115384615384615
Josh Smith,2TM,PF,55,16.0,6.036363636363636,3.4909090909090907,1.6363636363636365,0.6181818181818182,0.8545454545454545,0.7454545454545455,2.309090909090909,6.345454545454546,0.6727272727272727,1.2181818181818183
José Calderón,NYK,PG,72,28.11111111111111,7.555555555555555,3.1805555555555554,4.138888888888889,0.875,0.09722222222222222,1.1666666666666667,2.9027777777777777,6.319444444444445,0.5833333333333334,0.6666666666666666
Jrue Holiday,NOP,PG,65,28.16923076923077,16.753846153846155,3.0,6.015384615384615,1.353846153846154,0.3384615384615385,1.3384615384615384,6.3076923076923075,14.384615384615385,2.8,3.3230769230769233
Julius Randle,LAL,PF,81,28.22222222222222,11.345679012345679,10.234567901234568,1.7777777777777777,0.654320987654321,0.35802469135802467,0.12345679012345678,4.419753086419753,10.308641975308642,2.382716049382716,3.3333333333333335
Justin Anderson,DAL,SF,55,11.763636363636364,3.7818181818181817,2.4,0.5272727272727272,0.34545454545454546,0.45454545454545453,0.4,1.290909090909091,3.1818181818181817,0.8,1.0
Justin Harper,DET,PF,5,7.0,2.6,0.2,0.0,0.2,0.0,0.8,0.8,2.0,0.2,0.4
Justin Holiday,2TM,SG,53,14.584905660377359,4.509433962264151,1.6981132075471699,1.0566037735849056,0.6037735849056604,0.3584905660377358,0.6792452830188679,1.6603773584905661,4.30188679245283,0.5094339622641509,0.6981132075471698
Justise Winslow,MIA,SF,78,28.615384615384617,6.435897435897436,5.166666666666667,1.5,0.8717948717948718,0.3333333333333333,0.41025641025641024,2.5,5.923076923076923,1.0256410256410255,1.5
Jusuf Nurkić,DEN,C,32,17.09375,8.21875,5.46875,1.25,0.75,1.375,0.0,3.15625,7.5625,1.90625,3.09375
K.J. McDaniels,HOU,SF,37,6.351351351351352,2.4054054054054053,1.135135135135135,0.2702702702702703,0.1891891891891892,0.16216216216216217,0.1891891891891892,0.7837837837837838,1.945945945945946,0.6486486486486487,0.8108108108108109
Karl-Anthony Towns,MIN,C,82,32.03658536585366,18.329268292682926,10.463414634146341,1.9634146341463414,0.7073170731707317,1.6829268292682926,0.36585365853658536,7.621951219512195,14.060975609756097,2.7195121951219514,3.3536585365853657
Kawhi Leonard,SAS,SF,72,33.05555555555556,21.15277777777778,6.847222222222222,2.5833333333333335,1.7777777777777777,0.9861111111111112,1.7916666666666667,7.652777777777778,15.13888888888889,4.055555555555555,4.638888888888889
Keith Appling,ORL,PG,5,5.4,1.2,0.2,0.2,0.2,0.0,0.0,0.4,1.6,0.4,0.4
Kelly Olynyk,BOS,C,69,20.217391304347824,9.956521739130435,4.072463768115942,1.5217391304347827,0.7536231884057971,0.4782608695652174,1.2318840579710144,3.6666666666666665,8.057971014492754,1.391304347826087,1.855072463768116
Kelly Oubre Jr.,WAS,SF,63,10.65079365079365,3.746031746031746,2.111111111111111,0.20634920634920634,0.3492063492063492,0.1111111111111111,0.3968253968253968,1.4285714285714286,3.3492063492063493,0.49206349206349204,0.7777777777777778
Kemba Walker,CHO,PG,81,35.617283950617285,20.85185185185185,4.407407407407407,5.197530864197531,1.5555555555555556,0.48148148148148145,2.246913580246914,7.012345679012346,16.432098765432098,4.580246913580247,5.407407407407407
Kendall Marshall,PHI,PG,30,13.333333333333334,3.7,0.9333333333333333,2.433333333333333,0.5333333333333333,0.06666666666666667,0.5333333333333333,1.4333333333333333,3.933333333333333,0.3,0.43333333333333335
Kendrick Perkins,NOP,C,37,14.64864864864865,2.4594594594594597,3.4594594594594597,0.8378378378378378,0.2972972972972973,0.2972972972972973,0.0,1.0810810810810811,2.027027027027027,0.2972972972972973,0.6756756756756757
Kenneth Faried,DEN,PF,67,25.28358208955224,12.462686567164178,8.671641791044776,1.1791044776119404,0.47761194029850745,0.8955223880597015,0.014925373134328358,5.208955223880597,9.343283582089553,2.029850746268657,3.3134328358208953
Kent Bazemore,ATL,SF,75,27.773333333333333,11.626666666666667,5.053333333333334,2.28,1.3066666666666666,0.5066666666666667,1.4533333333333334,4.266666666666667,9.666666666666666,1.64,2.013333333333333
Kentavious Caldwell-Pope,DET,SG,76,36.69736842105263,14.539473684210526,3.710526315789474,1.8157894736842106,1.4473684210526316,0.2236842105263158,1.5,5.302631578947368,12.631578947368421,2.4342105263157894,3.0
Kevin Durant,OKC,SF,72,35.80555555555556,28.180555555555557,8.180555555555555,5.013888888888889,0.9583333333333334,1.1805555555555556,2.5833333333333335,9.694444444444445,19.180555555555557,6.208333333333333,6.916666666666667
Kevin Garnett,MIN,PF,38,14.631578947368421,3.210526315789474,3.9473684210526314,1.631578947368421,0.7368421052631579,0.2631578947368421,0.0,1.4210526315789473,3.026315789473684,0.3684210526315789,0.5526315789473685
Kevin Love,CLE,PF,77,31.48051948051948,16.025974025974026,9.896103896103897,2.4155844155844157,0.7532467532467533,0.5324675324675324,2.051948051948052,5.311688311688312,12.688311688311689,3.3506493506493507,4.077922077922078
Kevin Martin,2TM,SG,55,19.90909090909091,9.345454545454546,2.0,1.0545454545454545,0.4727272727272727,0.05454545454545454,0.8909090909090909,2.8363636363636364,7.618181818181818,2.7818181818181817,3.1272727272727274
Kevin Séraphin,NYK,C,48,10.958333333333334,3.8958333333333335,2.625,0.9791666666666666,0.16666666666666666,0.75,0.0,1.75,4.270833333333333,0.3958333333333333,0.4791666666666667
Kevon Looney,GSW,PF,5,4.2,1.8,2.0,0.0,0.0,0.0,0.2,0.8,1.4,0.0,0.0
Khris Middleton,MIL,SG,79,36.10126582278481,18.151898734177216,3.8227848101265822,4.189873417721519,1.6582278481012658,0.24050632911392406,1.8101265822784811,6.417721518987341,14.455696202531646,3.5063291139240507,3.949367088607595
Kirk Hinrich,2TM,PG,46,13.717391304347826,2.9782608695652173,1.5217391304347827,1.5869565217391304,0.32608695652173914,0.043478260869565216,0.5217391304347826,1.065217391304348,2.8043478260869565,0.32608695652173914,0.34782608695652173
Klay Thompson,GSW,SG,80,33.325,22.1375,3.825,2.075,0.75,0.6125,3.45,8.1375,17.325,2.4125,2.7625
Kobe Bryant,LAL,SF,66,28.227272727272727,17.59090909090909,3.742424242424242,2.787878787878788,0.9393939393939394,0.19696969696969696,2.015151515151515,6.03030303030303,16.863636363636363,3.515151515151515,4.257575757575758
Kosta Koufos,SAC,C,78,19.0,6.782051282051282,5.423076923076923,0.4230769230769231,0.5128205128205128,0.8974358974358975,0.0,3.0256410256410255,5.6923076923076925,0.7307692307692307,1.3333333333333333
Kostas Papanikolaou,DEN,SF,26,11.307692307692308,2.576923076923077,1.5384615384615385,0.6153846153846154,0.5,0.19230769230769232,0.38461538461538464,0.9230769230769231,2.5384615384615383,0.34615384615384615,0.5384615384615384
Kris Humphries,3TM,PF,53,15.754716981132075,6.471698113207547,4.113207547169812,0.6792452830188679,0.3018867924528302,0.4339622641509434,0.6415094339622641,2.2830188679245285,5.566037735849057,1.2641509433962264,1.5849056603773586
Kristaps Porziņģis,NYK,PF,72,28.430555555555557,14.277777777777779,7.305555555555555,1.3055555555555556,0.7361111111111112,1.8611111111111112,1.125,5.180555555555555,12.305555555555555,2.7916666666666665,3.3333333333333335
Kyle Anderson,SAS,SF,78,15.961538461538462,4.487179487179487,3.128205128205128,1.5769230769230769,0.7692307692307693,0.3717948717948718,0.15384615384615385,1.7692307692307692,3.782051282051282,0.7948717948717948,1.064102564102564
Kyle Korver,ATL,SG,80,30.0125,9.2375,3.25,2.05,0.75,0.4375,1.975,3.35,7.7,0.5625,0.675
Kyle Lowry,TOR,PG,77,37.02597402597402,21.22077922077922,4.740259740259741,6.415584415584416,2.051948051948052,0.44155844155844154,2.7532467532467533,6.64935064935065,15.558441558441558,5.1688311688311686,6.376623376623376
Kyle O'Quinn,NYK,PF,65,11.753846153846155,4.753846153846154,3.8461538461538463,1.1076923076923078,0.3076923076923077,0.7538461538461538,0.07692307692307693,1.9846153846153847,4.1692307692307695,0.7076923076923077,0.9230769230769231
Kyle Singler,OKC,SF,68,14.367647058823529,3.3970588235294117,2.073529411764706,0.35294117647058826,0.4411764705882353,0.1323529411764706,0.4411764705882353,1.2647058823529411,3.25,0.4264705882352941,0.6470588235294118
Kyrie Irving,CLE,PG,53,31.452830188679247,19.641509433962263,2.9622641509433962,4.69811320754717,1.0566037735849056,0.33962264150943394,1.5849056603773586,7.433962264150943,16.58490566037736,3.188679245283019,3.6037735849056602
LaMarcus Aldridge,SAS,PF,74,30.554054054054053,17.986486486486488,8.54054054054054,1.4864864864864864,0.5135135135135135,1.0945945945945945,0.0,7.243243243243243,14.121621621621621,3.5,4.081081081081081
Lamar Patterson,ATL,SG,35,11.285714285714286,2.4,1.4285714285714286,1.1142857142857143,0.2571428571428571,0.05714285714285714,0.34285714285714286,0.8,2.2857142857142856,0.45714285714285713,0.6285714285714286
Lance Stephenson,2TM,SF,69,19.884057971014492,8.304347826086957,3.2318840579710146,1.9275362318840579,0.6231884057971014,0.13043478260869565,0.43478260869565216,3.3043478260869565,6.869565217391305,1.2608695652173914,1.608695652173913
Lance Thomas,NYK,PF,59,22.25423728813559,8.203389830508474,2.2203389830508473,0.8983050847457628,0.3728813559322034,0.11864406779661017,0.7457627118644068,2.864406779661017,6.47457627118644,1.728813559322034,2.016949152542373
Langston Galloway,NYK,PG,82,24.79268292682927,7.621951219512195,3.5121951219512195,2.524390243902439,0.9390243902439024,0.2682926829268293,0.9390243902439024,2.817073170731707,7.170731707317073,1.048780487804878,1.3902439024390243
Larry Nance Jr.,LAL,PF,63,20.095238095238095,5.5396825396825395,4.9523809523809526,0.6984126984126984,0.8571428571428571,0.36507936507936506,0.015873015873015872,2.507936507936508,4.761904761904762,0.5079365079365079,0.746031746031746
Lavoy Allen,IND,PF,79,20.240506329113924,5.417721518987341,5.367088607594937,0.9620253164556962,0.3291139240506329,0.5316455696202531,0.0,2.4177215189873418,4.6835443037974684,0.5822784810126582,0.9240506329113924
LeBron James,CLE,SF,76,35.64473684210526,25.263157894736842,7.434210526315789,6.7631578947368425,1.368421052631579,0.6447368421052632,1.144736842105263,9.697368421052632,18.63157894736842,4.723684210526316,6.4605263157894735
Leandro Barbosa,GSW,SG,68,15.867647058823529,6.367647058823529,1.7205882352941178,1.2058823529411764,0.6470588235294118,0.14705882352941177,0.5735294117647058,2.514705882352941,5.4411764705882355,0.7647058823529411,0.9117647058823529
Lorenzo Brown,PHO,PG,8,7.625,2.5,0.875,1.375,0.375,0.125,0.125,1.0,3.125,0.375,0.5
Lou Amundson,NYK,PF,29,7.0344827586206895,1.793103448275862,1.6896551724137931,0.41379310344827586,0.20689655172413793,0.2413793103448276,0.0,0.6551724137931034,1.8275862068965518,0.4827586206896552,0.9310344827586207
Lou Williams,LAL,SG,67,28.46268656716418,15.343283582089553,2.5223880597014925,2.4925373134328357,0.9253731343283582,0.2835820895522388,1.6417910447761195,4.223880597014926,10.343283582089553,5.253731343283582,6.3283582089552235
Luc Mbah a Moute,LAC,PF,75,16.986666666666668,3.08,2.28,0.4,0.5866666666666667,0.25333333333333335,0.17333333333333334,1.2533333333333334,2.76,0.4,0.76
Lucas Nogueira,TOR,C,29,7.758620689655173,2.2413793103448274,1.5862068965517242,0.2413793103448276,0.41379310344827586,0.41379310344827586,0.034482758620689655,0.9655172413793104,1.5172413793103448,0.27586206896551724,0.5172413793103449
Luis Montero,POR,SG,12,3.5,1.1666666666666667,0.3333333333333333,0.08333333333333333,0.0,0.0,0.08333333333333333,0.4166666666666667,1.5833333333333333,0.25,0.3333333333333333
Luis Scola,TOR,PF,76,21.526315789473685,8.736842105263158,4.7368421052631575,0.868421052631579,0.6052631578947368,0.35526315789473684,0.8552631578947368,3.539473684210526,7.868421052631579,0.8026315789473685,1.105263157894737
Luke Babbitt,NOP,SF,47,17.97872340425532,6.957446808510638,3.148936170212766,1.127659574468085,0.23404255319148937,0.14893617021276595,0.9361702127659575,2.595744680851064,6.148936170212766,0.8297872340425532,1.0638297872340425
Luol Deng,MIA,PF,74,32.351351351351354,12.31081081081081,5.986486486486487,1.8918918918918919,1.0,0.3918918918918919,1.1891891891891893,4.581081081081081,10.067567567567568,1.9594594594594594,2.5945945945945947
Manu Ginóbili,SAS,SG,58,19.551724137931036,9.568965517241379,2.5172413793103448,3.0517241379310347,1.1379310344827587,0.1896551724137931,1.206896551724138,3.396551724137931,7.5,1.5689655172413792,1.9310344827586208
Marc Gasol,MEM,C,52,34.44230769230769,16.557692307692307,6.961538461538462,3.769230769230769,0.9615384615384616,1.3461538461538463,0.038461538461538464,6.3076923076923075,13.596153846153847,3.9038461538461537,4.711538461538462
Marcelo Huertas,LAL,PG,53,16.39622641509434,4.471698113207547,1.6981132075471699,3.4339622641509435,0.49056603773584906,0.1320754716981132,0.3018867924528302,1.830188679245283,4.339622641509434,0.5094339622641509,0.5471698113207547
Marcin Gortat,WAS,C,75,30.08,13.493333333333334,9.88,1.4133333333333333,0.6266666666666667,1.28,0.0,5.773333333333333,10.186666666666667,1.9466666666666668,2.76
Marco Belinelli,SAC,SG,68,24.58823529411765,10.235294117647058,1.7205882352941178,1.8676470588235294,0.5441176470588235,0.029411764705882353,1.338235294117647,3.6029411764705883,9.338235294117647,1.6911764705882353,2.0294117647058822
Marcus Morris,DET,SF,80,35.7,14.1375,5.05,2.5125,0.8375,0.2875,1.35,5.125,11.8125,2.5375,3.3875
Marcus Smart,BOS,PG,61,27.327868852459016,9.147540983606557,4.180327868852459,3.0327868852459017,1.4918032786885247,0.29508196721311475,1.0,3.0163934426229506,8.672131147540984,2.1147540983606556,2.721311475409836
Marcus Thornton,2TM,SG,61,18.18032786885246,9.672131147540984,2.459016393442623,1.3934426229508197,0.7704918032786885,0.06557377049180328,1.4918032786885247,3.540983606557377,8.885245901639344,1.098360655737705,1.2950819672131149
Mario Chalmers,2TM,PG,61,22.508196721311474,10.295081967213115,2.5737704918032787,3.7704918032786887,1.4426229508196722,0.21311475409836064,0.7540983606557377,2.9836065573770494,7.278688524590164,3.5737704918032787,4.295081967213115
Mario Hezonja,ORL,SF,79,17.88607594936709,6.050632911392405,2.2278481012658227,1.379746835443038,0.4936708860759494,0.21518987341772153,0.8481012658227848,2.2911392405063293,5.291139240506329,0.620253164556962,0.6835443037974683
Markel Brown,BRK,SG,62,15.838709677419354,5.854838709677419,1.967741935483871,1.467741935483871,0.6129032258064516,0.24193548387096775,0.6129032258064516,2.0483870967741935,5.193548387096774,1.1451612903225807,1.5161290322580645
Markieff Morris,2TM,PF,64,25.453125,11.953125,5.5,1.9375,0.90625,0.53125,0.734375,4.765625,11.21875,1.6875,2.296875
Marreese Speights,GSW,C,72,11.555555555555555,7.111111111111111,3.3194444444444446,0.8472222222222222,0.2638888888888889,0.4722222222222222,0.3333333333333333,2.736111111111111,6.333333333333333,1.3055555555555556,1.5833333333333333
Marvin Williams,CHO,PF,81,28.864197530864196,11.703703703703704,6.432098765432099,1.3580246913580247,0.7160493827160493,0.9506172839506173,1.876543209876543,4.172839506172839,9.222222222222221,1.4814814814814814,1.7777777777777777
Mason Plumlee,POR,C,82,25.414634146341463,9.134146341463415,7.658536585365853,2.7560975609756095,0.8292682926829268,1.0365853658536586,0.0,3.2560975609756095,6.304878048780488,2.6219512195121952,4.085365853658536
Matt Barnes,MEM,SF,76,28.81578947368421,9.973684210526315,5.526315789473684,2.1447368421052633,1.0263157894736843,0.75,1.5657894736842106,3.473684210526316,9.118421052631579,1.4605263157894737,1.8157894736842106
Matt Bonner,SAS,C,30,6.866666666666666,2.533333333333333,0.9,0.3,0.2,0.03333333333333333,0.5,0.9666666666666667,1.9,0.1,0.13333333333333333
Matthew Dellavedova,CLE,PG,76,24.56578947368421,7.4868421052631575,2.1315789473684212,4.434210526315789,0.5789473684210527,0.11842105263157894,1.2894736842105263,2.723684210526316,6.723684210526316,0.75,0.868421052631579
Maurice Harkless,POR,SF,78,18.67948717948718,6.384615384615385,3.58974358974359,0.8589743589743589,0.6282051282051282,0.44871794871794873,0.5,2.5,5.269230769230769,0.8846153846153846,1.4230769230769231
Metta World Peace,LAL,SF,35,16.857142857142858,5.0285714285714285,2.5428571428571427,0.7714285714285715,0.6285714285714286,0.3142857142857143,0.7428571428571429,1.5714285714285714,5.057142857142857,1.1428571428571428,1.6285714285714286
Meyers Leonard,POR,PF,61,21.852459016393443,8.37704918032787,5.147540983606557,1.5081967213114753,0.13114754098360656,0.29508196721311475,1.4098360655737705,3.19672131147541,7.131147540983607,0.5737704918032787,0.7540983606557377
Michael Beasley,HOU,PF,20,18.15,12.75,4.9,0.8,0.55,0.45,0.15,5.35,10.25,1.9,2.45
Michael Carter-Williams,MIL,PG,54,30.537037037037038,11.537037037037036,5.111111111111111,5.203703703703703,1.4814814814814814,0.7592592592592593,0.2777777777777778,4.648148148148148,10.277777777777779,1.962962962962963,3.0
Michael Kidd-Gilchrist,CHO,SF,7,29.285714285714285,12.714285714285714,6.428571428571429,1.2857142857142858,0.42857142857142855,0.42857142857142855,0.42857142857142855,4.714285714285714,8.714285714285714,2.857142857142857,4.142857142857143
Mike Conley,MEM,PG,56,31.446428571428573,15.303571428571429,2.9285714285714284,6.107142857142857,1.1964285714285714,0.2857142857142857,1.3928571428571428,5.25,12.428571428571429,3.4107142857142856,4.089285714285714
Mike Dunleavy,CHI,SF,31,22.677419354838708,7.161290322580645,2.6774193548387095,1.2580645161290323,0.45161290322580644,0.3225806451612903,1.2580645161290323,2.4838709677419355,6.064516129032258,0.9354838709677419,1.1935483870967742
Mike Miller,DEN,SF,47,7.9361702127659575,1.3404255319148937,1.127659574468085,0.851063829787234,0.2765957446808511,0.0851063829787234,0.40425531914893614,0.46808510638297873,1.3191489361702127,0.0,0.0
Mike Muscala,ATL,C,60,9.416666666666666,3.25,1.95,0.5666666666666667,0.21666666666666667,0.45,0.2,1.2666666666666666,2.533333333333333,0.5166666666666667,0.65
Mike Scott,ATL,PF,75,15.28,6.1866666666666665,2.7466666666666666,1.04,0.3333333333333333,0.22666666666666666,0.8266666666666667,2.3466666666666667,5.013333333333334,0.6666666666666666,0.84
Miles Plumlee,MIL,C,61,14.262295081967213,5.147540983606557,3.80327868852459,0.26229508196721313,0.3442622950819672,0.819672131147541,0.0,2.2950819672131146,3.819672131147541,0.5573770491803278,0.9672131147540983
Mirza Teletović,PHO,PF,79,21.341772151898734,12.215189873417721,3.8227848101265822,1.1265822784810127,0.4050632911392405,0.26582278481012656,2.2911392405063293,4.2025316455696204,9.835443037974683,1.518987341772152,1.9620253164556962
Mitch McGary,OKC,PF,20,3.6,1.3,0.9,0.15,0.05,0.1,0.0,0.55,1.15,0.2,0.5
Mo Williams,CLE,PG,41,18.24390243902439,8.24390243902439,1.7560975609756098,2.3902439024390243,0.34146341463414637,0.12195121951219512,0.8780487804878049,3.2195121951219514,7.365853658536586,0.926829268292683,1.024390243902439
Monta Ellis,IND,SG,81,33.75308641975309,13.839506172839506,3.345679012345679,4.728395061728395,1.8518518518518519,0.4567901234567901,1.0740740740740742,5.382716049382716,12.604938271604938,2.0,2.54320987654321
Montrezl Harrell,HOU,PF,39,9.717948717948717,3.58974358974359,1.6666666666666667,0.4358974358974359,0.28205128205128205,0.28205128205128205,0.0,1.4871794871794872,2.3076923076923075,0.6153846153846154,1.1794871794871795
Myles Turner,IND,C,60,22.783333333333335,10.316666666666666,5.533333333333333,0.6833333333333333,0.4166666666666667,1.4333333333333333,0.05,4.4,8.833333333333334,1.4666666666666666,2.0166666666666666
Nate Robinson,NOP,PG,2,11.5,0.0,0.0,2.0,0.5,0.0,0.0,0.0,0.5,0.0,0.0
Nazr Mohammed,OKC,C,5,3.8,1.6,0.8,0.0,0.0,0.0,0.0,0.6,1.0,0.4,0.4
Nemanja Bjelica,MIN,PF,60,17.916666666666668,5.133333333333334,3.5,1.3833333333333333,0.43333333333333335,0.35,0.8,1.8333333333333333,3.9166666666666665,0.6666666666666666,0.9166666666666666
Nenê,WAS,PF,57,19.19298245614035,9.210526315789474,4.543859649122807,1.7017543859649122,0.9473684210526315,0.45614035087719296,0.0,3.6666666666666665,6.7368421052631575,1.8771929824561404,3.245614035087719
Nerlens Noel,PHI,C,67,29.328358208955223,11.149253731343284,8.08955223880597,1.8208955223880596,1.7611940298507462,1.492537313432836,0.014925373134328358,4.567164179104478,8.761194029850746,2.0,3.388059701492537
Nick Collison,OKC,PF,59,11.847457627118644,2.0847457627118646,2.8983050847457625,0.8813559322033898,0.2542372881355932,0.2711864406779661,0.0,0.847457627118644,1.847457627118644,0.3898305084745763,0.559322033898305
Nick Young,LAL,SG,54,19.12962962962963,7.2592592592592595,1.7962962962962963,0.6296296296296297,0.42592592592592593,0.12962962962962962,1.4259259259259258,2.3333333333333335,6.888888888888889,1.1666666666666667,1.4074074074074074
Nicolas Batum,CHO,SF,70,34.97142857142857,14.942857142857143,6.114285714285714,5.757142857142857,0.9285714285714286,0.6142857142857143,1.9857142857142858,5.314285714285714,12.471428571428572,2.3285714285714287,2.742857142857143
Nik Stauskas,PHI,SG,73,24.78082191780822,8.452054794520548,2.506849315068493,1.8904109589041096,0.6027397260273972,0.273972602739726,1.452054794520548,2.8767123287671232,7.465753424657534,1.2465753424657535,1.6164383561643836
Nikola Jokić,DEN,C,80,21.6625,9.95,7.0,2.3625,0.9875,0.625,0.35,3.8375,7.5,1.925,2.375
Nikola Mirotić,CHI,PF,66,24.939393939393938,11.772727272727273,5.484848484848484,1.5151515151515151,0.8787878787878788,0.696969696969697,2.0454545454545454,3.757575757575758,9.227272727272727,2.212121212121212,2.742424242424242
Nikola Peković,MIN,C,12,13.0,4.5,1.75,0.9166666666666666,0.08333333333333333,0.0,0.0,1.5833333333333333,4.166666666666667,1.3333333333333333,1.6666666666666667
Nikola Vučević,ORL,C,65,31.338461538461537,18.16923076923077,8.861538461538462,2.753846153846154,0.8153846153846154,1.0769230769230769,0.03076923076923077,8.2,16.092307692307692,1.7384615384615385,2.3076923076923075
Noah Vonleh,POR,PF,78,15.051282051282051,3.628205128205128,3.91025641025641,0.38461538461538464,0.34615384615384615,0.3333333333333333,0.14102564102564102,1.5,3.5641025641025643,0.48717948717948717,0.6538461538461539
Norman Powell,TOR,SG,49,14.795918367346939,5.571428571428571,2.2653061224489797,0.9591836734693877,0.5918367346938775,0.20408163265306123,0.7346938775510204,1.9795918367346939,4.673469387755102,0.8775510204081632,1.0816326530612246
Norris Cole,NOP,PG,45,26.622222222222224,10.6,3.3555555555555556,3.7111111111111112,0.8222222222222222,0.1111111111111111,0.7333333333333333,4.355555555555555,10.755555555555556,1.1555555555555554,1.4444444444444444
O.J. Mayo,MIL,SG,41,26.585365853658537,7.829268292682927,2.5609756097560976,2.8780487804878048,1.170731707317073,0.1951219512195122,1.2682926829268293,2.902439024390244,7.829268292682927,0.7560975609756098,0.975609756097561
Omri Casspi,SAC,PF,69,27.246376811594203,11.782608695652174,5.942028985507246,1.3768115942028984,0.8115942028985508,0.2463768115942029,1.6231884057971016,4.333333333333333,9.014492753623188,1.4927536231884058,2.3043478260869565
Orlando Johnson,2TM,SG,7,14.428571428571429,3.7142857142857144,2.142857142857143,0.2857142857142857,0.42857142857142855,0.42857142857142855,0.2857142857142857,1.2857142857142858,4.857142857142857,0.8571428571428571,1.1428571428571428
Otto Porter Jr.,WAS,SF,75,30.346666666666668,11.613333333333333,5.213333333333333,1.6,1.4,0.4266666666666667,1.3066666666666666,4.52,9.56,1.2666666666666666,1.68
P.J. Hairston,2TM,SF,66,19.893939393939394,6.212121212121212,2.6363636363636362,0.5757575757575758,0.48484848484848486,0.16666666666666666,1.0606060606060606,2.196969696969697,6.181818181818182,0.7575757575757576,0.9696969696969697
P.J. Tucker,PHO,SF,82,30.975609756097562,7.951219512195122,6.2439024390243905,2.158536585365854,1.2926829268292683,0.24390243902439024,0.8292682926829268,2.9146341463414633,7.097560975609756,1.2926829268292683,1.7317073170731707
Pablo Prigioni,LAC,PG,59,13.94915254237288,2.457627118644068,1.9322033898305084,2.2033898305084745,0.8983050847457628,0.01694915254237288,0.4745762711864407,0.9322033898305084,2.4915254237288136,0.11864406779661017,0.13559322033898305
Pat Connaughton,POR,SG,34,4.205882352941177,1.0588235294117647,0.9411764705882353,0.29411764705882354,0.058823529411764705,0.0,0.14705882352941177,0.38235294117647056,1.4411764705882353,0.14705882352941177,0.14705882352941177
Patrick Beverley,HOU,PG,71,28.746478873239436,9.859154929577464,3.5211267605633805,3.3661971830985915,1.323943661971831,0.36619718309859156,1.7464788732394365,3.6338028169014085,8.366197183098592,0.8450704225352113,1.2394366197183098
Patrick Patterson,TOR,PF,79,25.569620253164558,6.8734177215189876,4.329113924050633,1.1898734177215189,0.6708860759493671,0.4050632911392405,1.3417721518987342,2.5822784810126582,6.2405063291139244,0.3670886075949367,0.43037974683544306
Patty Mills,SAS,PG,81,20.51851851851852,8.518518518518519,1.9506172839506173,2.7901234567901234,0.7283950617283951,0.07407407407407407,1.5185185185185186,3.2098765432098766,7.555555555555555,0.5802469135802469,0.7160493827160493
Pau Gasol,CHI,C,72,31.819444444444443,16.48611111111111,11.01388888888889,4.083333333333333,0.5833333333333334,2.0277777777777777,0.3333333333333333,6.486111111111111,13.819444444444445,3.1805555555555554,4.013888888888889
Paul George,IND,SF,81,34.80246913580247,23.135802469135804,6.950617283950617,4.061728395061729,1.876543209876543,0.35802469135802467,2.5925925925925926,7.469135802469136,17.88888888888889,5.604938271604938,6.518518518518518
Paul Millsap,ATL,PF,81,32.67901234567901,17.098765432098766,9.037037037037036,3.271604938271605,1.8148148148148149,1.7160493827160495,0.9135802469135802,6.185185185185185,13.160493827160494,3.814814814814815,5.037037037037037
Paul Pierce,LAC,SF,68,18.102941176470587,6.132352941176471,2.735294117647059,1.0441176470588236,0.4852941176470588,0.25,1.1029411764705883,2.1176470588235294,5.838235294117647,0.7941176470588235,0.9705882352941176
Phil Pressey,2TM,PG,23,12.304347826086957,3.347826086956522,1.3478260869565217,3.260869565217391,0.782608695652174,0.17391304347826086,0.17391304347826086,1.3043478260869565,3.391304347826087,0.5652173913043478,1.0869565217391304
Quincy Acy,SAC,PF,59,14.847457627118644,5.203389830508475,3.1864406779661016,0.4576271186440678,0.4915254237288136,0.4067796610169492,0.3220338983050847,2.016949152542373,3.6271186440677967,0.847457627118644,1.152542372881356
R.J. Hunter,BOS,SG,36,8.75,2.6944444444444446,1.0277777777777777,0.3611111111111111,0.3888888888888889,0.1111111111111111,0.5277777777777778,1.0,2.7222222222222223,0.16666666666666666,0.19444444444444445
Rajon Rondo,SAC,PG,72,35.236111111111114,11.930555555555555,6.041666666666667,11.652777777777779,1.9583333333333333,0.1388888888888889,0.8611111111111112,4.930555555555555,10.86111111111111,1.2083333333333333,2.0833333333333335
Rakeem Christmas,IND,PF,1,6.0,4.0,1.0,0.0,0.0,0.0,0.0,2.0,2.0,0.0,0.0
Ramon Sessions,WAS,PG,82,20.329268292682926,9.878048780487806,2.475609756097561,2.9146341463414633,0.5609756097560976,0.06097560975609756,0.43902439024390244,3.4146341463414633,7.219512195121951,2.6097560975609757,3.451219512195122
Randy Foye,2TM,SG,81,20.271604938271604,5.851851851851852,1.9259259259259258,1.9876543209876543,0.48148148148148145,0.35802469135802467,0.9259259259259259,2.0864197530864197,5.950617283950617,0.7530864197530864,0.9135802469135802
Rashad Vaughn,MIL,SG,70,14.3,3.1,1.2571428571428571,0.5571428571428572,0.4142857142857143,0.22857142857142856,0.6142857142857143,1.1571428571428573,3.8,0.17142857142857143,0.21428571428571427
Rasual Butler,SAS,SF,46,9.391304347826088,2.6956521739130435,1.2173913043478262,0.5217391304347826,0.2826086956521739,0.5,0.32608695652173914,1.065217391304348,2.260869565217391,0.2391304347826087,0.34782608695652173
Raul Neto,UTA,PG,81,18.506172839506174,5.8765432098765435,1.4814814814814814,2.1481481481481484,0.7654320987654321,0.024691358024691357,0.7901234567901234,2.2222222222222223,5.160493827160494,0.6419753086419753,0.8641975308641975
Ray McCallum,2TM,PG,41,11.585365853658537,3.341463414634146,1.146341463414634,1.4634146341463414,0.2926829268292683,0.17073170731707318,0.36585365853658536,1.3414634146341464,3.5609756097560976,0.2926829268292683,0.36585365853658536
Raymond Felton,DAL,PG,80,27.4,9.5375,3.225,3.55,0.85,0.1875,0.75,3.4625,8.525,1.8625,2.2
Reggie Bullock,DET,SF,37,11.594594594594595,3.2972972972972974,1.837837837837838,0.7297297297297297,0.2702702702702703,0.05405405405405406,0.5945945945945946,1.162162162162162,2.6486486486486487,0.3783783783783784,0.40540540540540543
Reggie Jackson,DET,PG,79,30.68354430379747,18.848101265822784,3.2025316455696204,6.227848101265823,0.7468354430379747,0.13924050632911392,1.4936708860759493,6.8354430379746836,15.746835443037975,3.6835443037974684,4.265822784810126
Richard Jefferson,CLE,SF,74,17.91891891891892,5.54054054054054,1.7297297297297298,0.7972972972972973,0.44594594594594594,0.1891891891891892,0.8918918918918919,1.9324324324324325,4.216216216216216,0.7837837837837838,1.1756756756756757
Richaun Holmes,PHI,PF,51,13.764705882352942,5.627450980392157,2.6470588235294117,0.6470588235294118,0.37254901960784315,0.7843137254901961,0.1568627450980392,2.235294117647059,4.352941176470588,1.0,1.4509803921568627
Ricky Rubio,MIN,PG,76,30.56578947368421,10.078947368421053,4.2894736842105265,8.657894736842104,2.1315789473684212,0.13157894736842105,0.8157894736842105,2.8815789473684212,7.7105263157894735,3.5,4.131578947368421
Robert Covington,PHI,SF,67,28.402985074626866,12.805970149253731,6.253731343283582,1.4477611940298507,1.5671641791044777,0.5970149253731343,2.537313432835821,4.08955223880597,10.626865671641792,2.08955223880597,2.6417910447761193
Robert Sacre,LAL,C,25,12.8,3.48,2.88,0.56,0.16,0.4,0.0,1.24,3.0,1.0,1.52
Robin Lopez,NYK,C,82,27.0609756097561,10.268292682926829,7.341463414634147,1.3902439024390243,0.1951219512195122,1.5731707317073171,0.0,4.353658536585366,8.073170731707316,1.5609756097560976,1.9634146341463414
Rodney Hood,UTA,SG,79,32.164556962025316,14.544303797468354,3.3797468354430378,2.6962025316455698,0.9240506329113924,0.20253164556962025,2.037974683544304,5.1645569620253164,12.30379746835443,2.1772151898734178,2.5316455696202533
Rodney Stuckey,IND,PG,58,21.982758620689655,8.913793103448276,2.689655172413793,2.4482758620689653,0.7413793103448276,0.13793103448275862,0.3448275862068966,3.1551724137931036,7.637931034482759,2.2586206896551726,2.7241379310344827
Rondae Hollis-Jefferson,BRK,SF,29,21.20689655172414,5.758620689655173,5.310344827586207,1.4827586206896552,1.3448275862068966,0.5517241379310345,0.13793103448275862,2.1724137931034484,4.758620689655173,1.2758620689655173,1.793103448275862
Ronnie Price,PHO,PG,62,19.532258064516128,5.338709677419355,1.596774193548387,2.370967741935484,1.1935483870967742,0.20967741935483872,1.096774193548387,1.8709677419354838,4.870967741935484,0.5,0.6612903225806451
Roy Hibbert,LAL,C,81,23.185185185185187,5.938271604938271,4.91358024691358,1.1728395061728396,0.3950617283950617,1.3580246913580247,0.0,2.246913580246914,5.074074074074074,1.4444444444444444,1.7901234567901234
Rudy Gay,SAC,SF,70,33.98571428571429,17.2,6.514285714285714,1.7142857142857142,1.4285714285714286,0.7285714285714285,1.0571428571428572,6.6571428571428575,14.385714285714286,2.8285714285714287,3.6285714285714286
Rudy Gobert,UTA,C,61,31.672131147540984,9.131147540983607,10.950819672131148,1.4918032786885247,0.7377049180327869,2.2131147540983607,0.0,3.2459016393442623,5.80327868852459,2.639344262295082,4.639344262295082
Russ Smith,MEM,PG,15,4.4,1.5333333333333334,0.6,0.7333333333333333,0.3333333333333333,0.06666666666666667,0.06666666666666667,0.4666666666666667,1.4666666666666666,0.5333333333333333,0.8666666666666667
Russell Westbrook,OKC,PG,80,34.375,23.475,7.825,10.425,2.0375,0.25,1.2625,8.2,18.05,5.8125,7.1625
Ryan Anderson,NOP,PF,66,30.424242424242426,17.03030303030303,6.0,1.106060606060606,0.5757575757575758,0.3787878787878788,1.9848484848484849,6.015151515151516,14.075757575757576,3.015151515151515,3.4545454545454546
Ryan Hollins,2TM,C,37,12.432432432432432,3.3513513513513513,2.6486486486486487,0.2702702702702703,0.16216216216216217,0.5675675675675675,0.0,1.3243243243243243,2.135135135135135,0.7027027027027027,1.135135135135135
Ryan Kelly,LAL,PF,36,13.055555555555555,4.222222222222222,3.361111111111111,0.5555555555555556,0.3611111111111111,0.2777777777777778,0.1388888888888889,1.5277777777777777,4.138888888888889,1.0277777777777777,1.5
Salah Mejri,DAL,C,34,11.676470588235293,3.676470588235294,3.6176470588235294,0.29411764705882354,0.23529411764705882,1.0588235294117647,0.0,1.4411764705882353,2.2941176470588234,0.7941176470588235,1.3529411764705883
Sam Dekker,HOU,PF,3,2.0,0.0,0.3333333333333333,0.0,0.3333333333333333,0.0,0.0,0.0,0.0,0.0,0.0
Sasha Kaun,CLE,C,25,3.8,0.92,1.04,0.12,0.16,0.2,0.0,0.36,0.68,0.2,0.44
Sasha Vujačić,NYK,SG,61,14.885245901639344,4.852459016393443,2.442622950819672,1.3770491803278688,0.5573770491803278,0.08196721311475409,0.8524590163934426,1.7377049180327868,4.540983606557377,0.5245901639344263,0.639344262295082
Sean Kilpatrick,2TM,SG,31,19.870967741935484,11.129032258064516,1.8064516129032258,0.9354838709677419,0.3870967741935484,0.06451612903225806,1.2580645161290323,3.967741935483871,8.709677419354838,1.935483870967742,2.161290322580645
Serge Ibaka,OKC,PF,78,32.05128205128205,12.602564102564102,6.833333333333333,0.8461538461538461,0.48717948717948717,1.8974358974358974,0.7692307692307693,5.333333333333333,11.14102564102564,1.1666666666666667,1.5512820512820513
Sergey Karasev,BRK,SF,40,9.975,2.425,1.45,0.875,0.15,0.05,0.275,0.75,1.85,0.65,0.7
Seth Curry,SAC,PG,44,15.727272727272727,6.795454545454546,1.3636363636363635,1.5227272727272727,0.5,0.06818181818181818,1.1363636363636365,2.3181818181818183,5.090909090909091,1.0227272727272727,1.2272727272727273
Shabazz Muhammad,MIN,SF,82,20.51219512195122,10.524390243902438,3.2560975609756095,0.6341463414634146,0.2926829268292683,0.08536585365853659,0.5365853658536586,3.8658536585365852,8.304878048780488,2.2560975609756095,2.951219512195122
Shabazz Napier,ORL,PG,55,10.909090909090908,3.690909090909091,1.0,1.7636363636363637,0.41818181818181815,0.01818181818181818,0.6181818181818182,1.2363636363636363,3.6545454545454548,0.6,0.8181818181818182
Shane Larkin,BRK,PG,78,22.44871794871795,7.256410256410256,2.3076923076923075,4.384615384615385,1.2179487179487178,0.15384615384615385,0.5,2.8461538461538463,6.435897435897436,1.064102564102564,1.3717948717948718
Shaun Livingston,GSW,PG,78,19.487179487179485,6.256410256410256,2.1666666666666665,3.0384615384615383,0.7307692307692307,0.34615384615384615,0.02564102564102564,2.6025641025641026,4.858974358974359,1.0256410256410255,1.1923076923076923
Shayne Whittington,IND,PF,7,5.857142857142857,1.5714285714285714,1.7142857142857142,0.42857142857142855,0.14285714285714285,0.14285714285714285,0.0,0.7142857142857143,1.5714285714285714,0.14285714285714285,0.2857142857142857
Shelvin Mack,2TM,PG,52,20.346153846153847,8.615384615384615,2.4615384615384617,3.5961538461538463,0.6538461538461539,0.057692307692307696,0.75,3.5,7.980769230769231,0.8653846153846154,1.1730769230769231
Solomon Hill,IND,SF,59,14.677966101694915,4.169491525423729,2.8135593220338984,0.9661016949152542,0.6271186440677966,0.1864406779661017,0.4067796610169492,1.576271186440678,3.5254237288135593,0.6101694915254238,0.711864406779661
Sonny Weems,2TM,SF,43,11.604651162790697,2.488372093023256,1.2325581395348837,1.1395348837209303,0.23255813953488372,0.023255813953488372,0.3488372093023256,0.9767441860465116,2.558139534883721,0.18604651162790697,0.3488372093023256
Spencer Dinwiddie,DET,PG,12,13.25,4.833333333333333,1.4166666666666667,1.8333333333333333,0.25,0.0,0.08333333333333333,1.5833333333333333,4.5,1.5833333333333333,2.75
Spencer Hawes,CHO,PF,57,18.157894736842106,5.964912280701754,4.280701754385965,1.912280701754386,0.38596491228070173,0.47368421052631576,0.6666666666666666,2.175438596491228,5.368421052631579,0.9473684210526315,1.1403508771929824
Stanley Johnson,DET,SF,73,23.10958904109589,8.123287671232877,4.191780821917808,1.6164383561643836,0.7534246575342466,0.1643835616438356,0.863013698630137,3.0821917808219177,8.219178082191782,1.095890410958904,1.3972602739726028
Stephen Curry,GSW,PG,79,34.177215189873415,30.063291139240505,5.443037974683544,6.670886075949367,2.1392405063291138,0.189873417721519,5.0886075949367084,10.189873417721518,20.227848101265824,4.594936708860759,5.063291139240507
Steve Blake,DET,PG,58,17.0,4.379310344827586,1.5344827586206897,3.4482758620689653,0.41379310344827586,0.08620689655172414,0.896551724137931,1.603448275862069,4.137931034482759,0.27586206896551724,0.3448275862068966
Steve Novak,2TM,PF,10,4.4,2.4,0.5,0.0,0.0,0.0,0.7,0.8,1.8,0.1,0.1
Steven Adams,OKC,C,80,25.175,7.95,6.6625,0.775,0.525,1.1125,0.0,3.2625,5.325,1.425,2.45
T.J. McConnell,PHI,PG,81,19.82716049382716,6.08641975308642,3.0864197530864197,4.530864197530864,1.1728395061728396,0.12345679012345678,0.38271604938271603,2.691358024691358,5.728395061728395,0.32098765432098764,0.5061728395061729
T.J. Warren,PHO,SF,47,22.76595744680851,10.957446808510639,3.127659574468085,0.9361702127659575,0.7872340425531915,0.3404255319148936,0.5957446808510638,4.702127659574468,9.382978723404255,0.9574468085106383,1.3617021276595744
Taj Gibson,CHI,PF,73,26.52054794520548,8.58904109589041,6.904109589041096,1.452054794520548,0.6438356164383562,1.0547945205479452,0.0,3.6027397260273974,6.8493150684931505,1.3835616438356164,2.0
Tarik Black,LAL,C,39,12.717948717948717,3.41025641025641,4.0256410256410255,0.41025641025641024,0.358974358974359,0.46153846153846156,0.0,1.4615384615384615,2.6666666666666665,0.48717948717948717,1.1538461538461537
Tayshaun Prince,MIN,SF,77,18.98701298701299,2.8701298701298703,1.9090909090909092,0.948051948051948,0.4675324675324675,0.16883116883116883,0.05194805194805195,1.3246753246753247,2.9740259740259742,0.16883116883116883,0.24675324675324675
Terrence Jones,HOU,PF,50,20.88,8.68,4.22,0.82,0.46,0.78,0.5,3.32,7.34,1.54,2.32
Terrence Ross,TOR,SF,73,23.931506849315067,9.863013698630137,2.5342465753424657,0.7671232876712328,0.7397260273972602,0.3424657534246575,1.7945205479452055,3.6986301369863015,8.575342465753424,0.6712328767123288,0.8493150684931506
Terry Rozier,BOS,PG,39,7.9743589743589745,1.8461538461538463,1.6153846153846154,0.9487179487179487,0.15384615384615385,0.02564102564102564,0.15384615384615385,0.7435897435897436,2.717948717948718,0.20512820512820512,0.2564102564102564
Thabo Sefolosha,ATL,SF,75,23.44,6.4,4.453333333333333,1.4266666666666667,1.1333333333333333,0.49333333333333335,0.56,2.506666666666667,4.96,0.8266666666666667,1.32
Thaddeus Young,BRK,PF,73,32.97260273972603,15.095890410958905,9.04109589041096,1.8630136986301369,1.5342465753424657,0.5068493150684932,0.0958904109589041,6.780821917808219,13.191780821917808,1.4383561643835616,2.232876712328767
Thanasis Antetokounmpo,NYK,SF,2,3.0,3.0,0.5,0.0,0.0,0.0,0.0,1.5,2.0,0.0,0.0
Thomas Robinson,BRK,PF,71,12.915492957746478,4.323943661971831,5.056338028169014,0.647887323943662,0.5492957746478874,0.5070422535211268,0.0,1.8309859154929577,4.098591549295775,0.6619718309859155,1.5352112676056338
Tiago Splitter,ATL,C,36,16.083333333333332,5.583333333333333,3.3333333333333335,0.8333333333333334,0.5555555555555556,0.3333333333333333,0.0,2.25,4.305555555555555,1.0833333333333333,1.3333333333333333
Tibor Pleiß,UTA,C,12,6.833333333333333,2.0,1.25,0.16666666666666666,0.08333333333333333,0.16666666666666666,0.0,0.9166666666666666,2.0833333333333335,0.16666666666666666,0.16666666666666666
Tim Duncan,SAS,C,61,25.18032786885246,8.557377049180328,7.327868852459017,2.6721311475409837,0.7704918032786885,1.278688524590164,0.0,3.5245901639344264,7.229508196721311,1.5081967213114753,2.1475409836065573
Tim Frazier,2TM,PG,51,14.529411764705882,5.117647058823529,2.156862745098039,3.176470588235294,0.6470588235294118,0.0392156862745098,0.3137254901960784,1.8823529411764706,4.490196078431373,1.0392156862745099,1.4509803921568627
Tim Hardaway Jr.,ATL,SG,51,16.941176470588236,6.392156862745098,1.6862745098039216,1.0,0.4117647058823529,0.13725490196078433,0.9411764705882353,2.235294117647059,5.196078431372549,0.9803921568627451,1.0980392156862746
Timofey Mozgov,CLE,C,76,17.44736842105263,6.25,4.434210526315789,0.4342105263157895,0.2894736842105263,0.75,0.013157894736842105,2.6710526315789473,4.723684210526316,0.8947368421052632,1.25
Tobias Harris,2TM,PF,76,33.06578947368421,14.68421052631579,6.7105263157894735,2.223684210526316,0.8552631578947368,0.5263157894736842,1.0526315789473684,5.4868421052631575,11.697368421052632,2.6578947368421053,3.1973684210526314
Toney Douglas,NOP,PG,61,20.688524590163933,8.704918032786885,2.3442622950819674,2.5737704918032787,1.1475409836065573,0.08196721311475409,1.3278688524590163,3.0,7.295081967213115,1.3770491803278688,1.6229508196721312
Tony Allen,MEM,SG,64,25.3125,8.359375,4.625,1.09375,1.71875,0.28125,0.234375,3.359375,7.328125,1.40625,2.15625
Tony Parker,SAS,PG,72,27.5,11.902777777777779,2.4444444444444446,5.263888888888889,0.75,0.1527777777777778,0.375,4.861111111111111,9.86111111111111,1.8055555555555556,2.375
Tony Snell,CHI,SF,64,20.328125,5.28125,3.109375,0.984375,0.25,0.265625,0.875,1.96875,5.296875,0.46875,0.515625
Tony Wroten,PHI,PG,8,18.0,8.375,2.625,2.5,0.375,0.0,0.375,2.75,8.125,2.5,4.625
Trevor Ariza,HOU,SF,81,35.2962962962963,12.654320987654321,4.518518518518518,2.3209876543209877,1.9753086419753085,0.32098765432098764,2.2839506172839505,4.407407407407407,10.604938271604938,1.5555555555555556,1.9876543209876543
Trevor Booker,UTA,PF,79,20.658227848101266,5.860759493670886,5.7215189873417724,1.0506329113924051,0.7468354430379747,0.5189873417721519,0.1518987341772152,2.4050632911392404,4.9113924050632916,0.8987341772151899,1.3417721518987342
Trey Burke,UTA,PG,64,21.34375,10.609375,1.75,2.3125,0.546875,0.09375,1.375,4.09375,9.90625,1.046875,1.28125
Trey Lyles,UTA,PF,80,17.275,6.1,3.7375,0.7375,0.325,0.225,0.6125,2.3875,5.45,0.7125,1.025
Tristan Thompson,CLE,PF,82,27.670731707317074,7.841463414634147,9.0,0.7560975609756098,0.4634146341463415,0.6219512195121951,0.0,3.0121951219512195,5.121951219512195,1.8170731707317074,2.951219512195122
Troy Daniels,CHO,SG,43,11.069767441860465,5.627906976744186,1.3255813953488371,0.4883720930232558,0.2558139534883721,0.06976744186046512,1.372093023255814,2.0697674418604652,4.348837209302325,0.11627906976744186,0.20930232558139536
Ty Lawson,2TM,PG,66,21.37878787878788,5.651515151515151,1.8181818181818181,3.590909090909091,0.803030303030303,0.10606060606060606,0.5454545454545454,2.106060606060606,5.363636363636363,0.8939393939393939,1.303030303030303
Tyler Ennis,MIL,PG,46,14.217391304347826,4.478260869565218,1.6304347826086956,2.0652173913043477,0.5434782608695652,0.021739130434782608,0.2826086956521739,1.826086956521739,4.065217391304348,0.5434782608695652,0.7391304347826086
Tyler Hansbrough,CHO,PF,44,7.795454545454546,2.3636363636363638,2.022727272727273,0.18181818181818182,0.2727272727272727,0.1590909090909091,0.045454545454545456,0.7272727272727273,1.6136363636363635,0.8636363636363636,1.4772727272727273
Tyler Johnson,MIA,SG,36,23.97222222222222,8.722222222222221,3.0277777777777777,2.1944444444444446,0.6666666666666666,0.3888888888888889,0.75,3.2777777777777777,6.75,1.4166666666666667,1.7777777777777777
Tyler Zeller,BOS,C,60,11.833333333333334,6.066666666666666,2.966666666666667,0.48333333333333334,0.16666666666666666,0.36666666666666664,0.0,2.3,4.833333333333333,1.4666666666666666,1.8
Tyreke Evans,NOP,SG,25,30.6,15.16,5.16,6.56,1.28,0.32,1.32,5.44,12.56,2.96,3.72
Tyson Chandler,PHO,C,66,24.515151515151516,7.151515151515151,8.727272727272727,0.9696969696969697,0.5454545454545454,0.6666666666666666,0.0,2.772727272727273,4.757575757575758,1.606060606060606,2.590909090909091
Tyus Jones,MIN,PG,37,15.486486486486486,4.216216216216216,1.2702702702702702,2.918918918918919,0.8378378378378378,0.08108108108108109,0.43243243243243246,1.5135135135135136,4.216216216216216,0.7567567567567568,1.054054054054054
Udonis Haslem,MIA,PF,37,7.027027027027027,1.5945945945945945,2.027027027027027,0.3783783783783784,0.13513513513513514,0.05405405405405406,0.02702702702702703,0.6216216216216216,1.6486486486486487,0.32432432432432434,0.43243243243243246
Victor Oladipo,ORL,SG,72,33.041666666666664,16.01388888888889,4.791666666666667,3.9166666666666665,1.6111111111111112,0.75,1.3611111111111112,5.902777777777778,13.472222222222221,2.8472222222222223,3.4305555555555554
Vince Carter,MEM,SG,60,16.75,6.583333333333333,2.433333333333333,0.9333333333333333,0.6333333333333333,0.26666666666666666,0.9833333333333333,2.216666666666667,5.716666666666667,1.1666666666666667,1.4
Wayne Ellington,BRK,SG,76,21.25,7.7105263157894735,2.289473684210526,1.0921052631578947,0.631578947368421,0.06578947368421052,1.263157894736842,2.8684210526315788,7.381578947368421,0.7105263157894737,0.8289473684210527
Wesley Johnson,LAC,SF,80,20.825,6.8625,3.1,0.6125,1.1125,0.7,1.2875,2.6,6.4375,0.375,0.575
Wesley Matthews,DAL,SF,78,33.8974358974359,12.525641025641026,3.051282051282051,1.935897435897436,1.0,0.21794871794871795,2.423076923076923,4.243589743589744,10.948717948717949,1.6153846153846154,1.8717948717948718
Will Barton,DEN,SG,82,28.695121951219512,14.365853658536585,5.804878048780488,2.475609756097561,0.8658536585365854,0.47560975609756095,1.3658536585365855,5.182926829268292,11.987804878048781,2.6341463414634148,3.268292682926829
Willie Cauley-Stein,SAC,C,66,21.393939393939394,7.015151515151516,5.333333333333333,0.5606060606060606,0.7272727272727273,1.0,0.0,2.893939393939394,5.136363636363637,1.2272727272727273,1.893939393939394
Willie Reed,BRK,C,39,10.923076923076923,4.666666666666667,3.128205128205128,0.2564102564102564,0.15384615384615385,0.7692307692307693,0.0,1.9487179487179487,3.41025641025641,0.7692307692307693,1.4102564102564104
Xavier Munford,MEM,SG,14,17.428571428571427,5.714285714285714,2.2142857142857144,1.5714285714285714,0.9285714285714286,0.21428571428571427,0.6428571428571429,2.2857142857142856,5.5,0.5,1.0
Zach LaVine,MIN,SG,82,27.975609756097562,14.024390243902438,2.7804878048780486,3.0609756097560976,0.8414634146341463,0.2073170731707317,1.5,5.280487804878049,11.695121951219512,1.9634146341463414,2.475609756097561
Zach Randolph,MEM,PF,68,29.647058823529413,15.294117647058824,7.779411764705882,2.088235294117647,0.6323529411764706,0.19117647058823528,0.08823529411764706,6.338235294117647,13.338235294117647,2.5294117647058822,3.176470588235294
Zaza Pachulia,DAL,C,76,26.36842105263158,8.552631578947368,9.447368421052632,1.6842105263157894,0.8421052631578947,0.2894736842105263,0.0,2.8815789473684212,6.184210526315789,2.789473684210526,3.6315789473684212
Ömer Aşık,NOP,C,68,17.323529411764707,3.9558823529411766,6.088235294117647,0.38235294117647056,0.3088235294117647,0.3382352941176471,0.0,1.5294117647058822,2.8676470588235294,0.8970588235294118,1.6470588235294117
