player,nba_team,positions,games,minutes_pg,pts_pg,reb_pg,ast_pg,stl_pg,blk_pg,fg3m_pg,fgm_pg,fga_pg,ftm_pg,fta_pg,fg_pct,ft_pct,source_date,quality_note
Shai Gilgeous-Alexander,OKC,PG,77.0,34.23376623376623,31.09090909090909,4.532467532467533,6.246753246753247,1.6103896103896105,0.8181818181818182,1.6883116883116882,,,,,0.528,0.887,2026-09-19,"Missing projected FGM, FGA, FTM and FTA; not ready for eight-category valuation."
Giannis Antetokounmpo,MIA,"PF,C",72.0,33.30555555555556,31.27777777777778,11.583333333333334,6.597222222222222,1.0972222222222223,0.8888888888888888,0.3611111111111111,,,,,0.607,0.64,2026-09-19,"Missing projected FGM, FGA, FTM and FTA; not ready for eight-category valuation."
Luka Doncic,LAL,"PG,SG",73.0,36.47945205479452,31.095890410958905,8.0,8.150684931506849,1.5753424657534247,0.4657534246575342,3.6301369863013697,,,,,0.469,0.787,2026-09-19,"Missing projected FGM, FGA, FTM and FTA; not ready for eight-category valuation."
Anthony Edwards,MIN,"PG,SF,SG",75.0,35.77333333333333,28.76,5.586666666666667,4.253333333333333,1.3466666666666667,0.76,3.546666666666667,,,,,0.47,0.808,2026-09-19,"Missing projected FGM, FGA, FTM and FTA; not ready for eight-category valuation."
Jayson Tatum,BOS,"SF,PF",74.0,35.972972972972975,27.635135135135137,8.878378378378379,5.702702702702703,1.1081081081081081,0.44594594594594594,3.472972972972973,,,,,0.447,0.819,2026-09-19,"Missing projected FGM, FGA, FTM and FTA; not ready for eight-category valuation."
Nikola Jokic,DEN,C,75.0,36.18666666666667,27.266666666666666,12.506666666666666,9.6,1.48,0.8,1.68,,,,,0.563,0.819,2026-09-19,"Missing projected FGM, FGA, FTM and FTA; not ready for eight-category valuation."
Donovan Mitchell,CLE,"PG,SG",74.0,33.486486486486484,26.77027027027027,4.837837837837838,5.5675675675675675,1.5810810810810811,0.2972972972972973,3.2432432432432434,,,,,0.463,0.842,2026-09-19,"Missing projected FGM, FGA, FTM and FTA; not ready for eight-category valuation."
Jalen Brunson,NYK,PG,75.0,35.52,26.266666666666666,3.2933333333333334,6.826666666666667,0.88,0.10666666666666667,2.533333333333333,,,,,0.473,0.834,2026-09-19,"Missing projected FGM, FGA, FTM and FTA; not ready for eight-category valuation."
Joel Embiid,PHI,C,58.0,31.43103448275862,26.137931034482758,8.120689655172415,4.103448275862069,0.6206896551724138,1.206896551724138,1.2586206896551724,,,,,0.49,0.861,2026-09-19,"Missing projected FGM, FGA, FTM and FTA; not ready for eight-category valuation."
Devin Booker,PHO,"PG,SG",75.0,35.76,25.626666666666665,4.093333333333334,6.48,0.96,0.26666666666666666,2.066666666666667,,,,,0.459,0.882,2026-09-19,"Missing projected FGM, FGA, FTM and FTA; not ready for eight-category valuation."
Tyrese Maxey,PHI,"PG,SG",74.0,36.270270270270274,25.56756756756757,3.810810810810811,6.027027027027027,1.5945945945945945,0.6621621621621622,2.77027027027027,,,,,0.463,0.889,2026-09-19,"Missing projected FGM, FGA, FTM and FTA; not ready for eight-category valuation."
Kevin Durant,HOU,"PF,SF,SG",75.0,35.693333333333335,25.093333333333334,5.666666666666667,4.173333333333333,0.8133333333333334,1.0133333333333334,2.2933333333333334,,,,,0.517,0.86,2026-09-19,"Missing projected FGM, FGA, FTM and FTA; not ready for eight-category valuation."
Stephen Curry,GSW,PG,72.0,31.97222222222222,25.25,4.138888888888889,5.236111111111111,1.0972222222222223,0.375,4.472222222222222,,,,,0.452,0.928,2026-09-19,"Missing projected FGM, FGA, FTM and FTA; not ready for eight-category valuation."
Jaylen Brown,PHI,"PF,SF,SG",74.0,33.770270270270274,25.135135135135137,6.04054054054054,4.337837837837838,1.1756756756756757,0.40540540540540543,1.6081081081081081,,,,,0.48,0.774,2026-09-19,"Missing projected FGM, FGA, FTM and FTA; not ready for eight-category valuation."
Kawhi Leonard,TOR,"PF,SF,SG",69.0,32.30434782608695,24.72463768115942,6.159420289855072,3.652173913043478,1.5942028985507246,0.5072463768115942,2.2318840579710146,,,,,0.5,0.875,2026-09-19,"Missing projected FGM, FGA, FTM and FTA; not ready for eight-category valuation."
Victor Wembanyama,SAS,C,72.0,31.916666666666668,24.98611111111111,11.430555555555555,3.3055555555555554,1.0694444444444444,3.1527777777777777,2.0555555555555554,,,,,0.491,0.827,2026-09-19,"Missing projected FGM, FGA, FTM and FTA; not ready for eight-category valuation."
Cade Cunningham,DET,"PG,SG",73.0,35.49315068493151,24.82191780821918,5.835616438356165,9.575342465753424,1.3424657534246576,0.8356164383561644,2.0821917808219177,,,,,0.461,0.825,2026-09-19,"Missing projected FGM, FGA, FTM and FTA; not ready for eight-category valuation."
Kyrie Irving,DAL,PG,68.0,35.4264705882353,24.13235294117647,4.5,4.867647058823529,1.25,0.4411764705882353,2.6911764705882355,,,,,0.478,0.915,2026-09-19,"Missing projected FGM, FGA, FTM and FTA; not ready for eight-category valuation."
Paolo Banchero,ORL,"PF,SF",73.0,35.19178082191781,24.0,8.0,5.260273972602739,0.8082191780821918,0.6027397260273972,1.4657534246575343,,,,,0.458,0.751,2026-09-19,"Missing projected FGM, FGA, FTM and FTA; not ready for eight-category valuation."
LaMelo Ball,MIN,PG,73.0,30.602739726027398,22.52054794520548,5.205479452054795,7.835616438356165,1.3835616438356164,0.2876712328767123,3.7534246575342465,,,,,0.414,0.88,2026-09-19,"Missing projected FGM, FGA, FTM and FTA; not ready for eight-category valuation."
Jamal Murray,DEN,PG,73.0,36.136986301369866,22.671232876712327,4.191780821917808,6.315068493150685,1.0273972602739727,0.5068493150684932,2.671232876712329,,,,,0.475,0.887,2026-09-19,"Missing projected FGM, FGA, FTM and FTA; not ready for eight-category valuation."
Deni Avdija,POR,"PF,SF,SG",75.0,33.666666666666664,22.466666666666665,7.346666666666667,5.8,0.8533333333333334,0.6133333333333333,1.8533333333333333,,,,,0.469,0.794,2026-09-19,"Missing projected FGM, FGA, FTM and FTA; not ready for eight-category valuation."
Damian Lillard,POR,PG,71.0,33.80281690140845,22.577464788732396,4.267605633802817,6.197183098591549,1.2112676056338028,0.2112676056338028,2.971830985915493,,,,,0.435,0.921,2026-09-19,"Missing projected FGM, FGA, FTM and FTA; not ready for eight-category valuation."
Franz Wagner,ORL,"PF,SF",72.0,33.27777777777778,22.208333333333332,5.569444444444445,4.236111111111111,1.2083333333333333,0.3611111111111111,1.5138888888888888,,,,,0.472,0.85,2026-09-19,"Missing projected FGM, FGA, FTM and FTA; not ready for eight-category valuation."
Zion Williamson,NOR,"C,PF",69.0,29.956521739130434,22.159420289855074,5.898550724637682,4.260869565217392,1.0144927536231885,0.6086956521739131,0.028985507246376812,,,,,0.586,0.7,2026-09-19,"Missing projected FGM, FGA, FTM and FTA; not ready for eight-category valuation."
Cooper Flagg,DAL,"PF,SF,SG",75.0,34.57333333333333,22.066666666666666,6.36,5.0,1.2,0.88,1.1333333333333333,,,,,0.474,0.829,2026-09-19,"Missing projected FGM, FGA, FTM and FTA; not ready for eight-category valuation."
Anthony Davis,WAS,"PF,C",69.0,32.63768115942029,22.217391304347824,11.072463768115941,3.0144927536231885,1.0869565217391304,2.0,0.5507246376811594,,,,,0.514,0.783,2026-09-19,"Missing projected FGM, FGA, FTM and FTA; not ready for eight-category valuation."
Lauri Markkanen,UTH,"SF,PF",73.0,33.534246575342465,22.19178082191781,6.178082191780822,1.7945205479452055,0.8904109589041096,0.4383561643835616,2.712328767123288,,,,,0.457,0.891,2026-09-19,"Missing projected FGM, FGA, FTM and FTA; not ready for eight-category valuation."
Pascal Siakam,IND,"C,PF,SF",76.0,33.71052631578947,21.92105263157895,6.7894736842105265,3.763157894736842,0.9210526315789473,0.4605263157894737,1.5,,,,,0.512,0.715,2026-09-19,"Missing projected FGM, FGA, FTM and FTA; not ready for eight-category valuation."
Norman Powell,CHI,"SG,SF",73.0,32.863013698630134,22.068493150684933,3.315068493150685,2.3835616438356166,1.0547945205479452,0.2465753424657534,2.863013698630137,,,,,0.472,0.822,2026-09-19,"Missing projected FGM, FGA, FTM and FTA; not ready for eight-category valuation."
Tyler Herro,MIL,"PG,SG",72.0,34.55555555555556,21.875,4.708333333333333,4.597222222222222,0.75,0.25,2.9444444444444446,,,,,0.474,0.897,2026-09-19,"Missing projected FGM, FGA, FTM and FTA; not ready for eight-category valuation."
Austin Reaves,LAL,"PG,SF,SG",73.0,35.63013698630137,21.71232876712329,4.6438356164383565,5.465753424657534,1.0547945205479452,0.3698630136986301,2.3972602739726026,,,,,0.472,0.871,2026-09-19,"Missing projected FGM, FGA, FTM and FTA; not ready for eight-category valuation."
Brandon Ingram,LAC,"SG,SF,PF",72.0,34.708333333333336,21.84722222222222,5.722222222222222,4.097222222222222,0.8194444444444444,0.6805555555555556,1.9166666666666667,,,,,0.48,0.818,2026-09-19,"Missing projected FGM, FGA, FTM and FTA; not ready for eight-category valuation."
LeBron James,PHI,"SF,PF",68.0,32.6764705882353,21.470588235294116,6.8088235294117645,6.911764705882353,1.088235294117647,0.6176470588235294,1.588235294117647,,,,,0.511,0.758,2026-09-19,"Missing projected FGM, FGA, FTM and FTA; not ready for eight-category valuation."
Karl-Anthony Towns,NYK,"PF,C",74.0,32.63513513513514,21.216216216216218,11.81081081081081,3.6621621621621623,0.918918918918919,0.6891891891891891,1.7297297297297298,,,,,0.51,0.851,2026-09-19,"Missing projected FGM, FGA, FTM and FTA; not ready for eight-category valuation."
Trae Young,WAS,PG,74.0,34.810810810810814,21.33783783783784,2.77027027027027,9.283783783783784,1.027027027027027,0.20270270270270271,2.4054054054054053,,,,,0.415,0.868,2026-09-19,"Missing projected FGM, FGA, FTM and FTA; not ready for eight-category valuation."
Jalen Johnson,ATL,"PF,SF",75.0,36.2,21.14666666666667,9.786666666666667,7.12,1.2133333333333334,0.52,1.56,,,,,0.485,0.783,2026-09-19,"Missing projected FGM, FGA, FTM and FTA; not ready for eight-category valuation."
Brandon Miller,CHA,"PF,SF,SG",73.0,32.75342465753425,20.835616438356166,4.890410958904109,3.4246575342465753,1.0,0.684931506849315,3.4657534246575343,,,,,0.427,0.884,2026-09-19,"Missing projected FGM, FGA, FTM and FTA; not ready for eight-category valuation."
Michael Porter Jr.,BKN,"SF,PF",73.0,33.273972602739725,20.82191780821918,6.465753424657534,2.4794520547945207,0.8767123287671232,0.3561643835616438,3.0684931506849313,,,,,0.455,0.835,2026-09-19,"Missing projected FGM, FGA, FTM and FTA; not ready for eight-category valuation."
Ja Morant,POR,PG,71.0,29.225352112676056,20.577464788732396,3.7746478873239435,6.633802816901408,1.056338028169014,0.30985915492957744,1.4366197183098592,,,,,0.437,0.842,2026-09-19,"Missing projected FGM, FGA, FTM and FTA; not ready for eight-category valuation."
Jalen Green,PHO,"SF,SG",71.0,31.95774647887324,20.323943661971832,4.422535211267606,3.5211267605633805,1.0985915492957747,0.30985915492957744,2.676056338028169,,,,,0.426,0.784,2026-09-19,"Missing projected FGM, FGA, FTM and FTA; not ready for eight-category valuation."
James Harden,CLE,"PG,SG",75.0,33.84,20.4,5.293333333333333,8.026666666666667,1.2666666666666666,0.5733333333333334,2.7733333333333334,,,,,0.422,0.875,2026-09-19,"Missing projected FGM, FGA, FTM and FTA; not ready for eight-category valuation."
Jalen Williams,OKC,"PF,SF,SG",74.0,32.148648648648646,20.18918918918919,4.77027027027027,5.0,1.3783783783783783,0.527027027027027,1.4054054054054055,,,,,0.492,0.805,2026-09-19,"Missing projected FGM, FGA, FTM and FTA; not ready for eight-category valuation."
Coby White,CHA,"PG,SG",75.0,34.08,20.16,3.8933333333333335,4.413333333333333,0.7333333333333333,0.18666666666666668,3.0,,,,,0.44,0.857,2026-09-19,"Missing projected FGM, FGA, FTM and FTA; not ready for eight-category valuation."
Jaren Jackson Jr.,UTH,"PF,C",70.0,30.942857142857143,20.085714285714285,5.071428571428571,1.957142857142857,1.1428571428571428,1.2428571428571429,1.7285714285714286,,,,,0.465,0.794,2026-09-19,"Missing projected FGM, FGA, FTM and FTA; not ready for eight-category valuation."
Keyonte George,UTH,"PG,SG",73.0,32.87671232876713,20.013698630136986,3.4246575342465753,5.780821917808219,0.958904109589041,0.2054794520547945,2.328767123287671,,,,,0.427,0.871,2026-09-19,"Missing projected FGM, FGA, FTM and FTA; not ready for eight-category valuation."
Darius Garland,LAC,PG,73.0,33.06849315068493,20.054794520547944,2.8219178082191783,6.63013698630137,1.2191780821917808,0.1917808219178082,2.6164383561643834,,,,,0.461,0.87,2026-09-19,"Missing projected FGM, FGA, FTM and FTA; not ready for eight-category valuation."
AJ Dybantsa,WAS,SF,75.0,32.4,19.813333333333333,6.093333333333334,3.0533333333333332,1.1066666666666667,0.68,1.7066666666666668,,,,,0.464,0.79,2026-09-19,"Missing projected FGM, FGA, FTM and FTA; not ready for eight-category valuation."
Zach LaVine,SAC,"PG,SF,SG",69.0,33.44927536231884,19.942028985507246,3.5942028985507246,3.2753623188405796,0.7536231884057971,0.21739130434782608,2.5652173913043477,,,,,0.501,0.844,2026-09-19,"Missing projected FGM, FGA, FTM and FTA; not ready for eight-category valuation."
Trey Murphy III,NOR,"PF,SF,SG",73.0,34.10958904109589,19.73972602739726,5.164383561643835,3.3424657534246576,1.2054794520547945,0.4383561643835616,2.8219178082191783,,,,,0.474,0.887,2026-09-19,"Missing projected FGM, FGA, FTM and FTA; not ready for eight-category valuation."
Bam Adebayo,MIA,"C,PF",75.0,33.22666666666667,19.69333333333333,9.813333333333333,3.56,1.2666666666666666,0.7333333333333333,1.5066666666666666,,,,,0.456,0.774,2026-09-19,"Missing projected FGM, FGA, FTM and FTA; not ready for eight-category valuation."
RJ Barrett,TOR,"PF,SF,SG",72.0,31.166666666666668,19.541666666666668,5.597222222222222,3.9722222222222223,0.7361111111111112,0.3055555555555556,1.7222222222222223,,,,,0.482,0.68,2026-09-19,"Missing projected FGM, FGA, FTM and FTA; not ready for eight-category valuation."
Julius Randle,BKN,PF,75.0,33.45333333333333,19.493333333333332,6.8,4.64,0.72,0.2,1.4133333333333333,,,,,0.464,0.801,2026-09-19,"Missing projected FGM, FGA, FTM and FTA; not ready for eight-category valuation."
Alperen Sengun,HOU,"C,PF",75.0,32.653333333333336,19.333333333333332,9.346666666666666,5.466666666666667,1.16,0.9733333333333334,0.44,,,,,0.512,0.691,2026-09-19,"Missing projected FGM, FGA, FTM and FTA; not ready for eight-category valuation."
Desmond Bane,ORL,"SG,SF",75.0,33.16,19.30666666666667,4.773333333333333,4.44,1.12,0.4666666666666667,2.16,,,,,0.475,0.899,2026-09-19,"Missing projected FGM, FGA, FTM and FTA; not ready for eight-category valuation."
De'Aaron Fox,SAS,"PG,SG",74.0,31.635135135135137,19.216216216216218,3.9324324324324325,5.608108108108108,1.2972972972972974,0.2972972972972973,1.8108108108108107,,,,,0.471,0.781,2026-09-19,"Missing projected FGM, FGA, FTM and FTA; not ready for eight-category valuation."
Paul George,BOS,"PF,SF",63.0,31.682539682539684,18.936507936507937,5.349206349206349,3.6984126984126986,1.4285714285714286,0.47619047619047616,3.126984126984127,,,,,0.447,0.838,2026-09-19,"Missing projected FGM, FGA, FTM and FTA; not ready for eight-category valuation."
CJ McCollum,ATL,"PG,SG",75.0,31.066666666666666,18.986666666666668,3.2666666666666666,3.96,0.8133333333333334,0.4666666666666667,2.6533333333333333,,,,,0.452,0.754,2026-09-19,"Missing projected FGM, FGA, FTM and FTA; not ready for eight-category valuation."
Darryn Peterson,UTH,"PG,SG",75.0,31.346666666666668,18.906666666666666,3.9466666666666668,3.1866666666666665,1.44,0.26666666666666666,1.9066666666666667,,,,,0.441,0.807,2026-09-19,"Missing projected FGM, FGA, FTM and FTA; not ready for eight-category valuation."
Evan Mobley,CLE,"PF,C",72.0,32.43055555555556,18.694444444444443,9.569444444444445,3.611111111111111,0.9027777777777778,1.6388888888888888,1.0555555555555556,,,,,0.554,0.67,2026-09-19,"Missing projected FGM, FGA, FTM and FTA; not ready for eight-category valuation."
Kon Knueppel,CHA,"SF,SG",78.0,32.87179487179487,18.641025641025642,5.256410256410256,3.358974358974359,0.7307692307692307,0.24358974358974358,3.5,,,,,0.468,0.862,2026-09-19,"Missing projected FGM, FGA, FTM and FTA; not ready for eight-category valuation."
Darius Acuff Jr.,SAC,PG,75.0,31.8,18.76,3.3733333333333335,6.653333333333333,1.4,0.26666666666666666,1.88,,,,,0.457,0.817,2026-09-19,"Missing projected FGM, FGA, FTM and FTA; not ready for eight-category valuation."
Scottie Barnes,TOR,"C,PF,SF,SG",75.0,33.72,18.573333333333334,7.44,5.84,1.3733333333333333,1.3066666666666666,1.0,,,,,0.487,0.791,2026-09-19,"Missing projected FGM, FGA, FTM and FTA; not ready for eight-category valuation."
Tyrese Haliburton,IND,"PG,SG",71.0,33.36619718309859,18.56338028169014,3.704225352112676,9.591549295774648,1.2112676056338028,0.6197183098591549,2.7746478873239435,,,,,0.473,0.852,2026-09-19,"Missing projected FGM, FGA, FTM and FTA; not ready for eight-category valuation."
Jimmy Butler III,GSW,"PF,SF,SG",49.0,32.285714285714285,18.612244897959183,5.3061224489795915,5.0,1.4285714285714286,0.2857142857142857,0.7755102040816326,,,,,0.504,0.848,2026-09-19,"Missing projected FGM, FGA, FTM and FTA; not ready for eight-category valuation."
Josh Giddey,CHI,"PG,SG,SF",73.0,35.602739726027394,18.068493150684933,8.465753424657533,9.082191780821917,1.2054794520547945,0.6027397260273972,1.8493150684931507,,,,,0.451,0.769,2026-09-19,"Missing projected FGM, FGA, FTM and FTA; not ready for eight-category valuation."
Cameron Boozer,MEM,PF,75.0,32.14666666666667,17.76,8.16,2.986666666666667,1.0,0.92,0.7733333333333333,,,,,0.507,0.755,2026-09-19,"Missing projected FGM, FGA, FTM and FTA; not ready for eight-category valuation."
Kristaps Porzingis,GSW,"PF,C",69.0,26.985507246376812,17.6231884057971,5.884057971014493,2.1594202898550723,0.7971014492753623,1.2608695652173914,1.9420289855072463,,,,,0.468,0.825,2026-09-19,"Missing projected FGM, FGA, FTM and FTA; not ready for eight-category valuation."
Jalen Duren,DET,C,75.0,30.213333333333335,17.586666666666666,11.2,2.3733333333333335,0.8533333333333334,1.1066666666666667,0.0,,,,,0.658,0.73,2026-09-19,"Missing projected FGM, FGA, FTM and FTA; not ready for eight-category valuation."
Miles Bridges,PHO,"SF,PF",74.0,30.95945945945946,17.68918918918919,6.202702702702703,3.22972972972973,0.7702702702702703,0.5135135135135135,1.864864864864865,,,,,0.461,0.844,2026-09-19,"Missing projected FGM, FGA, FTM and FTA; not ready for eight-category valuation."
Domantas Sabonis,SAC,"C,PF",73.0,34.45205479452055,17.65753424657534,12.863013698630137,5.890410958904109,0.7808219178082192,0.4383561643835616,0.6301369863013698,,,,,0.588,0.738,2026-09-19,"Missing projected FGM, FGA, FTM and FTA; not ready for eight-category valuation."
Dillon Brooks,PHO,"PF,SF,SG",73.0,31.328767123287673,17.52054794520548,3.5616438356164384,1.8082191780821917,1.0,0.2054794520547945,2.356164383561644,,,,,0.437,0.84,2026-09-19,"Missing projected FGM, FGA, FTM and FTA; not ready for eight-category valuation."
Derrick White,BOS,"PG,SG",77.0,34.701298701298704,17.38961038961039,4.48051948051948,5.038961038961039,1.025974025974026,1.1168831168831168,3.116883116883117,,,,,0.406,0.882,2026-09-19,"Missing projected FGM, FGA, FTM and FTA; not ready for eight-category valuation."
Stephon Castle,SAS,"PG,SG",75.0,31.6,17.173333333333332,5.053333333333334,6.666666666666667,1.0933333333333333,0.29333333333333333,1.24,,,,,0.457,0.737,2026-09-19,"Missing projected FGM, FGA, FTM and FTA; not ready for eight-category valuation."
Ty Jerome,MEM,"PG,SG",71.0,25.0,17.014084507042252,2.887323943661972,4.901408450704225,1.2253521126760563,0.15492957746478872,2.2253521126760565,,,,,0.479,0.872,2026-09-19,"Missing projected FGM, FGA, FTM and FTA; not ready for eight-category valuation."
OG Anunoby,NYK,"SF,PF",73.0,34.75342465753425,16.972602739726028,5.2465753424657535,2.095890410958904,1.5205479452054795,0.863013698630137,2.328767123287671,,,,,0.481,0.823,2026-09-19,"Missing projected FGM, FGA, FTM and FTA; not ready for eight-category valuation."
Dejounte Murray,NOR,"PG,SG",73.0,30.410958904109588,16.972602739726028,5.36986301369863,5.904109589041096,1.3972602739726028,0.2465753424657534,1.6027397260273972,,,,,0.439,0.821,2026-09-19,"Missing projected FGM, FGA, FTM and FTA; not ready for eight-category valuation."
DeMar DeRozan,DEN,"PF,SF",77.0,29.51948051948052,16.5974025974026,3.090909090909091,3.5974025974025974,0.7272727272727273,0.33766233766233766,0.7012987012987013,,,,,0.492,0.86,2026-09-19,"Missing projected FGM, FGA, FTM and FTA; not ready for eight-category valuation."
Immanuel Quickley,TOR,"PG,SG",71.0,31.169014084507044,16.676056338028168,3.915492957746479,5.76056338028169,1.1126760563380282,0.11267605633802817,2.5492957746478875,,,,,0.439,0.839,2026-09-19,"Missing projected FGM, FGA, FTM and FTA; not ready for eight-category valuation."
Amen Thompson,HOU,"PG,SF,SG",78.0,35.6025641025641,16.525641025641026,7.589743589743589,4.756410256410256,1.4487179487179487,0.8205128205128205,0.32051282051282054,,,,,0.543,0.757,2026-09-19,"Missing projected FGM, FGA, FTM and FTA; not ready for eight-category valuation."
Collin Sexton,LAL,"PG,SG",74.0,25.675675675675677,16.60810810810811,2.3783783783783785,3.675675675675676,0.9594594594594594,0.14864864864864866,1.527027027027027,,,,,0.492,0.86,2026-09-19,"Missing projected FGM, FGA, FTM and FTA; not ready for eight-category valuation."
Payton Pritchard,BOS,"PG,SG",75.0,30.626666666666665,16.48,3.7866666666666666,4.453333333333333,0.6933333333333334,0.09333333333333334,2.8933333333333335,,,,,0.463,0.878,2026-09-19,"Missing projected FGM, FGA, FTM and FTA; not ready for eight-category valuation."
Jerami Grant,MEM,"SF,PF",73.0,29.945205479452056,16.45205479452055,3.1232876712328768,2.1232876712328768,0.726027397260274,0.6301369863013698,2.232876712328767,,,,,0.437,0.824,2026-09-19,"Missing projected FGM, FGA, FTM and FTA; not ready for eight-category valuation."
Caleb Wilson,CHI,"PF,SF",74.0,32.567567567567565,16.41891891891892,8.31081081081081,2.1621621621621623,1.0,1.5,0.8648648648648649,,,,,0.51,0.746,2026-09-19,"Missing projected FGM, FGA, FTM and FTA; not ready for eight-category valuation."
Nickeil Alexander-Walker,ATL,"PG,SG",78.0,30.564102564102566,16.333333333333332,3.128205128205128,3.3205128205128207,1.0384615384615385,0.47435897435897434,2.58974358974359,,,,,0.449,0.878,2026-09-19,"Missing projected FGM, FGA, FTM and FTA; not ready for eight-category valuation."
Chet Holmgren,OKC,"PF,C",71.0,28.859154929577464,16.267605633802816,8.112676056338028,1.7464788732394365,0.6619718309859155,1.8873239436619718,1.295774647887324,,,,,0.533,0.788,2026-09-19,"Missing projected FGM, FGA, FTM and FTA; not ready for eight-category valuation."
John Collins,DET,"PF,C",73.0,29.47945205479452,16.08219178082192,7.232876712328767,1.36986301369863,0.9315068493150684,1.0,1.3424657534246576,,,,,0.54,0.803,2026-09-19,"Missing projected FGM, FGA, FTM and FTA; not ready for eight-category valuation."
Andrew Wiggins,MIA,"PF,SF,SG",72.0,30.63888888888889,16.0,4.638888888888889,2.7222222222222223,1.0972222222222223,0.9583333333333334,1.9722222222222223,,,,,0.471,0.77,2026-09-19,"Missing projected FGM, FGA, FTM and FTA; not ready for eight-category valuation."
Bennedict Mathurin,NOR,"SG,SF",73.0,28.698630136986303,15.863013698630137,5.027397260273973,1.8630136986301369,0.6575342465753424,0.273972602739726,1.2054794520547945,,,,,0.442,0.85,2026-09-19,"Missing projected FGM, FGA, FTM and FTA; not ready for eight-category valuation."
Saddiq Bey,NOR,"SF,PF",74.0,29.513513513513512,15.72972972972973,5.0675675675675675,2.2162162162162162,0.8243243243243243,0.0945945945945946,1.8243243243243243,,,,,0.454,0.84,2026-09-19,"Missing projected FGM, FGA, FTM and FTA; not ready for eight-category valuation."
Matas Buzelis,CHI,"SF,PF",76.0,30.526315789473685,15.460526315789474,5.394736842105263,1.894736842105263,0.6578947368421053,1.4736842105263157,2.0526315789473686,,,,,0.461,0.789,2026-09-19,"Missing projected FGM, FGA, FTM and FTA; not ready for eight-category valuation."
Mikel Brown Jr.,BKN,PG,74.0,31.60810810810811,15.486486486486486,2.810810810810811,4.9324324324324325,1.527027027027027,0.22972972972972974,1.2972972972972974,,,,,0.431,0.796,2026-09-19,"Missing projected FGM, FGA, FTM and FTA; not ready for eight-category valuation."
Ivica Zubac,IND,C,73.0,30.958904109589042,15.36986301369863,10.821917808219178,2.452054794520548,0.4657534246575342,1.0547945205479452,0.0,,,,,0.622,0.682,2026-09-19,"Missing projected FGM, FGA, FTM and FTA; not ready for eight-category valuation."
Mikal Bridges,NYK,"PF,SF,SG",80.0,34.65,15.2125,3.7,3.5875,1.175,0.725,1.8875,,,,,0.494,0.827,2026-09-19,"Missing projected FGM, FGA, FTM and FTA; not ready for eight-category valuation."
Dylan Harper,SAS,"PG,SG",75.0,28.84,15.093333333333334,4.4,4.693333333333333,0.9733333333333334,0.4,1.1333333333333333,,,,,0.508,0.773,2026-09-19,"Missing projected FGM, FGA, FTM and FTA; not ready for eight-category valuation."
Alex Sarr,WAS,"C,PF",72.0,27.97222222222222,15.069444444444445,6.888888888888889,2.5277777777777777,0.7222222222222222,1.7777777777777777,1.125,,,,,0.458,0.685,2026-09-19,"Missing projected FGM, FGA, FTM and FTA; not ready for eight-category valuation."
Jarrett Allen,CLE,C,74.0,29.54054054054054,15.14864864864865,9.68918918918919,2.0405405405405403,0.972972972972973,0.9864864864864865,0.0,,,,,0.664,0.717,2026-09-19,"Missing projected FGM, FGA, FTM and FTA; not ready for eight-category valuation."
Aaron Gordon,DEN,"PF,C",72.0,29.36111111111111,15.027777777777779,5.375,2.9027777777777777,0.4583333333333333,0.3194444444444444,1.5,,,,,0.515,0.79,2026-09-19,"Missing projected FGM, FGA, FTM and FTA; not ready for eight-category valuation."
VJ Edgecombe,PHI,"PG,SG",75.0,34.52,15.0,5.56,3.92,1.3333333333333333,0.5066666666666667,1.8133333333333332,,,,,0.444,0.814,2026-09-19,"Missing projected FGM, FGA, FTM and FTA; not ready for eight-category valuation."
Shaedon Sharpe,POR,"PG,SF,SG",24.0,24.166666666666668,15.0,3.5,2.0833333333333335,0.875,0.125,1.5416666666666667,,,,,0.455,0.785,2026-09-19,"Missing projected FGM, FGA, FTM and FTA; not ready for eight-category valuation."
De'Andre Hunter,SAC,"SF,PF",71.0,27.140845070422536,14.732394366197184,3.8028169014084505,1.6056338028169015,0.676056338028169,0.19718309859154928,1.8732394366197183,,,,,0.455,0.852,2026-09-19,"Missing projected FGM, FGA, FTM and FTA; not ready for eight-category valuation."
Ayo Dosunmu,MIN,"PG,SF,SG",75.0,28.893333333333334,14.546666666666667,3.5866666666666664,3.9066666666666667,1.0,0.32,1.68,,,,,0.512,0.858,2026-09-19,"Missing projected FGM, FGA, FTM and FTA; not ready for eight-category valuation."
Naz Reid,CHA,"PF,C",77.0,28.285714285714285,14.441558441558442,6.363636363636363,2.25974025974026,0.8831168831168831,0.922077922077922,2.4545454545454546,,,,,0.449,0.745,2026-09-19,"Missing projected FGM, FGA, FTM and FTA; not ready for eight-category valuation."
Keaton Wagler,LAC,"PG,SG",74.0,27.18918918918919,14.216216216216216,3.027027027027027,4.175675675675675,1.2027027027027026,0.20270270270270271,1.472972972972973,,,,,0.459,0.817,2026-09-19,"Missing projected FGM, FGA, FTM and FTA; not ready for eight-category valuation."
Onyeka Okongwu,ATL,C,75.0,30.026666666666667,14.013333333333334,7.506666666666667,2.7466666666666666,1.0,0.96,1.4933333333333334,,,,,0.506,0.759,2026-09-19,"Missing projected FGM, FGA, FTM and FTA; not ready for eight-category valuation."
Tobias Harris,SAS,"PF,SF",74.0,30.7027027027027,14.094594594594595,5.72972972972973,2.445945945945946,0.9324324324324325,0.5945945945945946,1.3513513513513513,,,,,0.474,0.865,2026-09-19,"Missing projected FGM, FGA, FTM and FTA; not ready for eight-category valuation."
Cameron Johnson,DEN,"PF,SF",73.0,30.15068493150685,13.945205479452055,4.013698630136986,2.6301369863013697,0.7534246575342466,0.4520547945205479,2.095890410958904,,,,,0.486,0.86,2026-09-19,"Missing projected FGM, FGA, FTM and FTA; not ready for eight-category valuation."
Cedric Coward,MEM,"SF,SG",73.0,27.575342465753426,14.027397260273972,5.8493150684931505,2.780821917808219,0.6575342465753424,0.4520547945205479,1.547945205479452,,,,,0.481,0.854,2026-09-19,"Missing projected FGM, FGA, FTM and FTA; not ready for eight-category valuation."
Jaden McDaniels,MIN,"PF,SF",76.0,31.61842105263158,13.907894736842104,4.855263157894737,2.460526315789474,1.2236842105263157,0.9605263157894737,1.3157894736842106,,,,,0.499,0.83,2026-09-19,"Missing projected FGM, FGA, FTM and FTA; not ready for eight-category valuation."
Jabari Smith Jr.,HOU,"C,PF",75.0,32.57333333333333,14.0,6.746666666666667,1.52,0.5866666666666667,0.8133333333333334,2.066666666666667,,,,,0.45,0.79,2026-09-19,"Missing projected FGM, FGA, FTM and FTA; not ready for eight-category valuation."
Quentin Grimes,LAL,"SG,SF",76.0,29.05263157894737,13.776315789473685,3.9078947368421053,3.1578947368421053,0.8947368421052632,0.32894736842105265,1.894736842105263,,,,,0.467,0.802,2026-09-19,"Missing projected FGM, FGA, FTM and FTA; not ready for eight-category valuation."
Ace Bailey,UTH,"PF,SF",75.0,29.346666666666668,13.72,4.013333333333334,1.8133333333333332,0.8533333333333334,0.6666666666666666,1.9066666666666667,,,,,0.437,0.75,2026-09-19,"Missing projected FGM, FGA, FTM and FTA; not ready for eight-category valuation."
Brandin Podziemski,GSW,"PG,SG",79.0,29.632911392405063,13.531645569620252,5.2405063291139244,3.6835443037974684,1.1772151898734178,0.189873417721519,1.9367088607594938,,,,,0.447,0.786,2026-09-19,"Missing projected FGM, FGA, FTM and FTA; not ready for eight-category valuation."
P.J. Washington Jr.,DAL,"C,PF,SF",71.0,30.267605633802816,13.422535211267606,6.47887323943662,1.9295774647887325,0.9295774647887324,0.9014084507042254,1.3943661971830985,,,,,0.45,0.701,2026-09-19,"Missing projected FGM, FGA, FTM and FTA; not ready for eight-category valuation."
Jalen Suggs,ORL,"PG,SG",70.0,27.34285714285714,13.4,3.657142857142857,4.271428571428571,1.542857142857143,0.7142857142857143,1.9714285714285715,,,,,0.43,0.851,2026-09-19,"Missing projected FGM, FGA, FTM and FTA; not ready for eight-category valuation."
Jonathan Kuminga,MIN,"PF,SF",72.0,23.055555555555557,13.194444444444445,5.083333333333333,2.111111111111111,0.6805555555555556,0.3888888888888889,0.9027777777777778,,,,,0.474,0.702,2026-09-19,"Missing projected FGM, FGA, FTM and FTA; not ready for eight-category valuation."
Andrew Nembhard,IND,"PG,SG",74.0,32.37837837837838,13.297297297297296,3.108108108108108,6.256756756756757,1.0810810810810811,0.13513513513513514,1.2837837837837838,,,,,0.462,0.81,2026-09-19,"Missing projected FGM, FGA, FTM and FTA; not ready for eight-category valuation."
Devin Vassell,SAS,"SG,SF",73.0,28.136986301369863,13.287671232876713,3.6164383561643834,2.4794520547945207,0.9178082191780822,0.3972602739726027,2.0684931506849313,,,,,0.446,0.807,2026-09-19,"Missing projected FGM, FGA, FTM and FTA; not ready for eight-category valuation."
Jaime Jaquez Jr.,MIL,"PF,SF,SG",76.0,26.82894736842105,13.171052631578947,4.447368421052632,3.960526315789474,0.6973684210526315,0.25,0.75,,,,,0.492,0.765,2026-09-19,"Missing projected FGM, FGA, FTM and FTA; not ready for eight-category valuation."
Ryan Rollins,MIL,"PG,SG",73.0,26.315068493150687,13.219178082191782,3.4794520547945207,4.287671232876712,1.178082191780822,0.3561643835616438,1.904109589041096,,,,,0.466,0.798,2026-09-19,"Missing projected FGM, FGA, FTM and FTA; not ready for eight-category valuation."
Keegan Murray,SAC,"SF,PF",74.0,34.63513513513514,13.175675675675675,5.945945945945946,1.5405405405405406,0.8783783783783784,1.0675675675675675,1.9324324324324325,,,,,0.447,0.814,2026-09-19,"Missing projected FGM, FGA, FTM and FTA; not ready for eight-category valuation."
Fred VanVleet,HOU,"PG,SG",73.0,32.397260273972606,13.068493150684931,3.3424657534246576,5.410958904109589,1.2602739726027397,0.4520547945205479,2.4383561643835616,,,,,0.398,0.839,2026-09-19,"Missing projected FGM, FGA, FTM and FTA; not ready for eight-category valuation."
Anfernee Simons,PHI,"PG,SG",72.0,23.63888888888889,13.055555555555555,2.125,2.8194444444444446,0.5138888888888888,0.1111111111111111,2.0833333333333335,,,,,0.442,0.901,2026-09-19,"Missing projected FGM, FGA, FTM and FTA; not ready for eight-category valuation."
Jared McCain,OKC,"PG,SG",73.0,25.643835616438356,13.013698630136986,2.808219178082192,2.0547945205479454,0.7397260273972602,0.0958904109589041,2.164383561643836,,,,,0.439,0.863,2026-09-19,"Missing projected FGM, FGA, FTM and FTA; not ready for eight-category valuation."
Jeremiah Fears,NOR,"PG,SG",77.0,24.441558441558442,12.987012987012987,3.4155844155844157,3.064935064935065,1.051948051948052,0.35064935064935066,1.0909090909090908,,,,,0.437,0.79,2026-09-19,"Missing projected FGM, FGA, FTM and FTA; not ready for eight-category valuation."
Malik Monk,SAC,"PG,SG",73.0,23.068493150684933,12.602739726027398,2.3835616438356166,3.7534246575342465,0.6301369863013698,0.4383561643835616,1.7671232876712328,,,,,0.445,0.863,2026-09-19,"Missing projected FGM, FGA, FTM and FTA; not ready for eight-category valuation."
Peyton Watson,CLE,"SF,PF",74.0,29.64864864864865,12.662162162162161,4.783783783783784,1.8783783783783783,0.972972972972973,1.2837837837837838,1.3243243243243243,,,,,0.479,0.717,2026-09-19,"Missing projected FGM, FGA, FTM and FTA; not ready for eight-category valuation."
Aaron Nesmith,IND,"PF,SF,SG",71.0,27.774647887323944,12.52112676056338,4.070422535211268,1.4647887323943662,0.704225352112676,0.4647887323943662,2.0140845070422535,,,,,0.467,0.855,2026-09-19,"Missing projected FGM, FGA, FTM and FTA; not ready for eight-category valuation."
Tim Hardaway Jr.,MIA,"SG,SF",79.0,27.10126582278481,12.481012658227849,2.5443037974683542,1.4430379746835442,0.5569620253164557,0.10126582278481013,2.5316455696202533,,,,,0.425,0.824,2026-09-19,"Missing projected FGM, FGA, FTM and FTA; not ready for eight-category valuation."
Bobby Portis Jr.,MIA,"PF,C",71.0,22.859154929577464,12.52112676056338,6.535211267605634,1.6338028169014085,0.6338028169014085,0.23943661971830985,1.5492957746478873,,,,,0.478,0.752,2026-09-19,"Missing projected FGM, FGA, FTM and FTA; not ready for eight-category valuation."
Myles Turner,MIL,C,74.0,28.06756756756757,12.513513513513514,5.27027027027027,1.4189189189189189,0.6486486486486487,1.5405405405405406,2.0135135135135136,,,,,0.449,0.753,2026-09-19,"Missing projected FGM, FGA, FTM and FTA; not ready for eight-category valuation."
Max Christie,DAL,"SG,SF",77.0,31.09090909090909,12.207792207792208,3.3766233766233764,2.142857142857143,0.6883116883116883,0.4025974025974026,2.220779220779221,,,,,0.44,0.885,2026-09-19,"Missing projected FGM, FGA, FTM and FTA; not ready for eight-category valuation."
Josh Hart,NYK,"SF,SG",73.0,32.56164383561644,12.095890410958905,8.315068493150685,5.0,1.2876712328767124,0.3287671232876712,1.36986301369863,,,,,0.506,0.741,2026-09-19,"Missing projected FGM, FGA, FTM and FTA; not ready for eight-category valuation."
Kyshawn George,WAS,"PF,SF,SG",72.0,28.375,12.083333333333334,4.625,3.5694444444444446,0.9444444444444444,0.8194444444444444,1.75,,,,,0.425,0.788,2026-09-19,"Missing projected FGM, FGA, FTM and FTA; not ready for eight-category valuation."
Kingston Flemings,ATL,"PG,SG",74.0,25.716216216216218,12.162162162162161,2.4864864864864864,3.9864864864864864,1.1891891891891893,0.32432432432432434,1.2837837837837838,,,,,0.441,0.794,2026-09-19,"Missing projected FGM, FGA, FTM and FTA; not ready for eight-category valuation."
Mark Williams,PHO,C,51.0,23.215686274509803,12.03921568627451,8.156862745098039,1.4509803921568627,0.803921568627451,0.9803921568627451,0.0,,,,,0.64,0.783,2026-09-19,"Missing projected FGM, FGA, FTM and FTA; not ready for eight-category valuation."
Christian Braun,DEN,"PF,SF,SG",71.0,30.732394366197184,12.014084507042254,4.577464788732394,2.3380281690140845,0.7605633802816901,0.4084507042253521,0.971830985915493,,,,,0.536,0.795,2026-09-19,"Missing projected FGM, FGA, FTM and FTA; not ready for eight-category valuation."
Scoot Henderson,POR,"PG,SG",72.0,23.48611111111111,11.902777777777779,2.5416666666666665,3.736111111111111,0.8611111111111112,0.2638888888888889,1.5138888888888888,,,,,0.418,0.805,2026-09-19,"Missing projected FGM, FGA, FTM and FTA; not ready for eight-category valuation."
Grayson Allen,CHA,"PG,SF,SG",70.0,23.214285714285715,11.957142857142857,2.5714285714285716,2.557142857142857,0.8714285714285714,0.24285714285714285,2.4714285714285715,,,,,0.412,0.847,2026-09-19,"Missing projected FGM, FGA, FTM and FTA; not ready for eight-category valuation."
Jakob Poeltl,TOR,C,72.0,27.13888888888889,11.86111111111111,8.055555555555555,2.3194444444444446,0.9305555555555556,1.0694444444444444,0.0,,,,,0.659,0.628,2026-09-19,"Missing projected FGM, FGA, FTM and FTA; not ready for eight-category valuation."
Nic Claxton,CHI,C,73.0,27.767123287671232,11.904109589041095,6.808219178082192,3.2465753424657535,0.6986301369863014,1.2602739726027397,0.0684931506849315,,,,,0.592,0.591,2026-09-19,"Missing projected FGM, FGA, FTM and FTA; not ready for eight-category valuation."
Dyson Daniels,ATL,"PG,SF,SG",76.0,33.21052631578947,11.763157894736842,6.105263157894737,5.223684210526316,2.0789473684210527,0.4605263157894737,0.5,,,,,0.507,0.607,2026-09-19,"Missing projected FGM, FGA, FTM and FTA; not ready for eight-category valuation."
Anthony Black,ORL,"PG,SG,SF",73.0,26.19178082191781,11.73972602739726,3.328767123287671,3.0821917808219177,1.2465753424657535,0.6027397260273972,1.1506849315068493,,,,,0.442,0.737,2026-09-19,"Missing projected FGM, FGA, FTM and FTA; not ready for eight-category valuation."
Klay Thompson,MIA,"SG,SF",74.0,21.972972972972972,11.635135135135135,2.2972972972972974,1.5405405405405406,0.5405405405405406,0.25675675675675674,2.7837837837837838,,,,,0.41,0.832,2026-09-19,"Missing projected FGM, FGA, FTM and FTA; not ready for eight-category valuation."
Kyle Kuzma,MIL,"SF,PF",73.0,24.410958904109588,11.602739726027398,4.109589041095891,2.232876712328767,0.5342465753424658,0.3424657534246575,1.1095890410958904,,,,,0.465,0.697,2026-09-19,"Missing projected FGM, FGA, FTM and FTA; not ready for eight-category valuation."
Duncan Robinson,DET,"SG,SF",76.0,25.80263157894737,11.552631578947368,2.526315789473684,2.1184210526315788,0.618421052631579,0.19736842105263158,2.6973684210526314,,,,,0.452,0.776,2026-09-19,"Missing projected FGM, FGA, FTM and FTA; not ready for eight-category valuation."
Zach Edey,MEM,C,70.0,25.82857142857143,11.442857142857143,9.142857142857142,1.1857142857142857,0.6142857142857143,1.5142857142857142,0.24285714285714285,,,,,0.595,0.736,2026-09-19,"Missing projected FGM, FGA, FTM and FTA; not ready for eight-category valuation."
Nikola Vucevic,ORL,C,75.0,22.533333333333335,11.386666666666667,6.666666666666667,2.1733333333333333,0.5866666666666667,0.5333333333333333,0.9466666666666667,,,,,0.501,0.814,2026-09-19,"Missing projected FGM, FGA, FTM and FTA; not ready for eight-category valuation."
Rudy Gobert,MIN,C,75.0,32.013333333333335,11.386666666666667,11.386666666666667,1.6933333333333334,0.7866666666666666,1.5733333333333333,0.0,,,,,0.666,0.59,2026-09-19,"Missing projected FGM, FGA, FTM and FTA; not ready for eight-category valuation."
Walker Kessler,LAL,C,71.0,31.08450704225352,11.450704225352112,11.422535211267606,1.647887323943662,0.7605633802816901,2.23943661971831,0.15492957746478872,,,,,0.681,0.536,2026-09-19,"Missing projected FGM, FGA, FTM and FTA; not ready for eight-category valuation."
Kelly Oubre Jr.,IND,"PF,SF,SG",72.0,25.930555555555557,11.38888888888889,4.236111111111111,1.375,0.9305555555555556,0.4166666666666667,1.0972222222222223,,,,,0.479,0.758,2026-09-19,"Missing projected FGM, FGA, FTM and FTA; not ready for eight-category valuation."
Brice Sensabaugh,UTH,"PF,SF,SG",75.0,19.746666666666666,11.266666666666667,2.493333333333333,1.4933333333333334,0.6266666666666667,0.09333333333333334,1.7466666666666666,,,,,0.455,0.836,2026-09-19,"Missing projected FGM, FGA, FTM and FTA; not ready for eight-category valuation."
Egor Demin,BKN,"PG,SG",74.0,28.95945945945946,11.324324324324325,3.5135135135135136,3.675675675675676,0.8783783783783784,0.36486486486486486,2.6216216216216215,,,,,0.4,0.831,2026-09-19,"Missing projected FGM, FGA, FTM and FTA; not ready for eight-category valuation."
Derik Queen,NOR,"C,PF",77.0,24.818181818181817,11.194805194805195,6.818181818181818,3.4675324675324677,0.974025974025974,0.8831168831168831,0.2597402597402597,,,,,0.472,0.798,2026-09-19,"Missing projected FGM, FGA, FTM and FTA; not ready for eight-category valuation."
Kevin Porter Jr.,MIL,"PG,SG",72.0,22.38888888888889,11.166666666666666,3.4722222222222223,4.513888888888889,1.2916666666666667,0.2916666666666667,0.8333333333333334,,,,,0.451,0.841,2026-09-19,"Missing projected FGM, FGA, FTM and FTA; not ready for eight-category valuation."
Jaylon Tyson,CLE,"PF,SF,SG",70.0,23.37142857142857,11.128571428571428,4.6,2.0428571428571427,0.7142857142857143,0.34285714285714286,1.6428571428571428,,,,,0.475,0.741,2026-09-19,"Missing projected FGM, FGA, FTM and FTA; not ready for eight-category valuation."
Keldon Johnson,SAS,"PF,SF",77.0,21.103896103896105,11.168831168831169,4.35064935064935,1.4025974025974026,0.5064935064935064,0.15584415584415584,1.051948051948052,,,,,0.494,0.774,2026-09-19,"Missing projected FGM, FGA, FTM and FTA; not ready for eight-category valuation."
Toumani Camara,POR,"PF,SF",76.0,31.18421052631579,11.144736842105264,5.184210526315789,2.0657894736842106,1.2105263157894737,0.5263157894736842,1.9210526315789473,,,,,0.449,0.722,2026-09-19,"Missing projected FGM, FGA, FTM and FTA; not ready for eight-category valuation."
Jordan Poole,NOR,"PG,SG",47.0,19.29787234042553,11.042553191489361,1.702127659574468,2.574468085106383,0.6595744680851063,0.2765957446808511,1.6808510638297873,,,,,0.42,0.877,2026-09-19,"Missing projected FGM, FGA, FTM and FTA; not ready for eight-category valuation."
Tre Jones,CHI,"PG,SG",73.0,23.26027397260274,10.876712328767123,2.4794520547945207,4.424657534246576,0.9726027397260274,0.136986301369863,0.4931506849315068,,,,,0.55,0.841,2026-09-19,"Missing projected FGM, FGA, FTM and FTA; not ready for eight-category valuation."
Jrue Holiday,POR,"PG,SG",73.0,26.10958904109589,10.821917808219178,3.9315068493150687,3.9315068493150687,0.8493150684931506,0.3150684931506849,1.6027397260273972,,,,,0.449,0.858,2026-09-19,"Missing projected FGM, FGA, FTM and FTA; not ready for eight-category valuation."
Morez Johnson Jr.,DAL,"C,PF",74.0,25.66216216216216,10.77027027027027,5.608108108108108,1.5810810810810811,0.6891891891891891,0.9864864864864865,0.3783783783783784,,,,,0.517,0.738,2026-09-19,"Missing projected FGM, FGA, FTM and FTA; not ready for eight-category valuation."
Bradley Beal,LAC,"SF,SG",45.0,21.377777777777776,10.777777777777779,2.2666666666666666,2.4444444444444446,0.7111111111111111,0.3333333333333333,1.1777777777777778,,,,,0.487,0.804,2026-09-19,"Missing projected FGM, FGA, FTM and FTA; not ready for eight-category valuation."
De'Anthony Melton,GSW,"PG,SG",72.0,21.11111111111111,10.680555555555555,2.9305555555555554,2.263888888888889,1.4166666666666667,0.3611111111111111,1.3472222222222223,,,,,0.398,0.817,2026-09-19,"Missing projected FGM, FGA, FTM and FTA; not ready for eight-category valuation."
Naji Marshall,DAL,"PF,SF,SG",74.0,22.60810810810811,10.621621621621621,3.608108108108108,2.5,0.8108108108108109,0.0945945945945946,0.7027027027027027,,,,,0.506,0.779,2026-09-19,"Missing projected FGM, FGA, FTM and FTA; not ready for eight-category valuation."
Scotty Pippen Jr.,MEM,"PG,SG",70.0,23.357142857142858,10.657142857142857,2.942857142857143,4.571428571428571,1.5,0.34285714285714286,1.1714285714285715,,,,,0.464,0.747,2026-09-19,"Missing projected FGM, FGA, FTM and FTA; not ready for eight-category valuation."
Brook Lopez,LAC,C,75.0,26.226666666666667,10.506666666666666,4.306666666666667,1.48,0.64,1.56,1.5733333333333333,,,,,0.473,0.808,2026-09-19,"Missing projected FGM, FGA, FTM and FTA; not ready for eight-category valuation."
Rui Hachimura,LAC,"SF,PF",74.0,25.56756756756757,10.54054054054054,3.445945945945946,0.8918918918918919,0.5945945945945946,0.2972972972972973,1.5135135135135136,,,,,0.514,0.733,2026-09-19,"Missing projected FGM, FGA, FTM and FTA; not ready for eight-category valuation."
Sam Merrill,CLE,"SF,SG",70.0,24.114285714285714,10.271428571428572,2.5,2.057142857142857,0.7,0.14285714285714285,2.5285714285714285,,,,,0.441,0.868,2026-09-19,"Missing projected FGM, FGA, FTM and FTA; not ready for eight-category valuation."
Dennis Schroder,CHA,"PG,SG",75.0,23.893333333333334,10.266666666666667,2.36,4.346666666666667,0.64,0.14666666666666667,1.4,,,,,0.403,0.833,2026-09-19,"Missing projected FGM, FGA, FTM and FTA; not ready for eight-category valuation."
Reed Sheppard,HOU,"PG,SG",77.0,21.272727272727273,10.233766233766234,2.3376623376623376,2.6233766233766236,1.1688311688311688,0.5454545454545454,2.1298701298701297,,,,,0.423,0.802,2026-09-19,"Missing projected FGM, FGA, FTM and FTA; not ready for eight-category valuation."
Yaxel Lendeborg,GSW,"PF,SF",75.0,24.906666666666666,10.2,5.1466666666666665,1.8,0.8533333333333334,0.7733333333333333,0.5733333333333334,,,,,0.491,0.755,2026-09-19,"Missing projected FGM, FGA, FTM and FTA; not ready for eight-category valuation."
Wendell Carter Jr.,ORL,C,75.0,26.893333333333334,10.186666666666667,6.986666666666666,1.8933333333333333,0.72,0.5733333333333334,0.76,,,,,0.5,0.761,2026-09-19,"Missing projected FGM, FGA, FTM and FTA; not ready for eight-category valuation."
Isaiah Joe,DET,"SF,SG",75.0,21.613333333333333,10.173333333333334,2.6266666666666665,1.44,0.68,0.2,2.3733333333333335,,,,,0.447,0.879,2026-09-19,"Missing projected FGM, FGA, FTM and FTA; not ready for eight-category valuation."
Donovan Clingan,POR,C,75.0,25.373333333333335,10.226666666666667,10.306666666666667,1.7866666666666666,0.56,1.72,0.8133333333333334,,,,,0.521,0.662,2026-09-19,"Missing projected FGM, FGA, FTM and FTA; not ready for eight-category valuation."
Jalen Smith,CHI,"PF,C",72.0,20.805555555555557,10.027777777777779,6.263888888888889,1.2083333333333333,0.3888888888888889,0.8055555555555556,1.375,,,,,0.483,0.76,2026-09-19,"Missing projected FGM, FGA, FTM and FTA; not ready for eight-category valuation."
Deandre Ayton,WAS,C,71.0,22.408450704225352,10.0,6.901408450704225,0.8591549295774648,0.4788732394366197,0.7464788732394366,0.014084507042253521,,,,,0.595,0.671,2026-09-19,"Missing projected FGM, FGA, FTM and FTA; not ready for eight-category valuation."
Santi Aldama,DAL,"PF,SF",72.0,21.833333333333332,9.86111111111111,4.805555555555555,2.1527777777777777,0.5972222222222222,0.4861111111111111,1.3194444444444444,,,,,0.479,0.671,2026-09-19,"Missing projected FGM, FGA, FTM and FTA; not ready for eight-category valuation."
Ausar Thompson,DET,"PF,SF,SG",74.0,26.027027027027028,9.837837837837839,5.824324324324325,2.8783783783783785,1.9189189189189189,0.9864864864864865,0.10810810810810811,,,,,0.523,0.585,2026-09-19,"Missing projected FGM, FGA, FTM and FTA; not ready for eight-category valuation."
Kel'el Ware,MIL,C,75.0,22.133333333333333,9.813333333333333,7.72,0.7333333333333333,0.6533333333333333,1.0133333333333334,0.9866666666666667,,,,,0.532,0.727,2026-09-19,"Missing projected FGM, FGA, FTM and FTA; not ready for eight-category valuation."
Ajay Mitchell,OKC,"PG,SG",66.0,19.803030303030305,9.863636363636363,2.409090909090909,2.621212121212121,0.8939393939393939,0.21212121212121213,0.7878787878787878,,,,,0.478,0.87,2026-09-19,"Missing projected FGM, FGA, FTM and FTA; not ready for eight-category valuation."
Derrick Jones Jr.,LAC,"SF,PF",73.0,25.315068493150687,9.780821917808218,3.315068493150685,1.0273972602739727,0.9178082191780822,0.7123287671232876,1.0684931506849316,,,,,0.506,0.729,2026-09-19,"Missing projected FGM, FGA, FTM and FTA; not ready for eight-category valuation."
Jusuf Nurkic,UTH,C,71.0,24.197183098591548,9.746478873239436,8.591549295774648,3.4225352112676055,1.0704225352112675,0.6338028169014085,0.5211267605633803,,,,,0.495,0.615,2026-09-19,"Missing projected FGM, FGA, FTM and FTA; not ready for eight-category valuation."
Moses Moody,GSW,"PF,SF,SG",36.0,21.77777777777778,9.63888888888889,2.6666666666666665,1.25,0.8055555555555556,0.3888888888888889,1.8888888888888888,,,,,0.435,0.783,2026-09-19,"Missing projected FGM, FGA, FTM and FTA; not ready for eight-category valuation."
Isaiah Hartenstein,OKC,C,71.0,25.112676056338028,9.647887323943662,8.943661971830986,3.2816901408450705,0.9436619718309859,0.7746478873239436,0.0,,,,,0.607,0.644,2026-09-19,"Missing projected FGM, FGA, FTM and FTA; not ready for eight-category valuation."
Obi Toppin,IND,"PF,SF",70.0,18.557142857142857,9.7,3.7285714285714286,1.5714285714285714,0.5142857142857142,0.3,1.2,,,,,0.531,0.799,2026-09-19,"Missing projected FGM, FGA, FTM and FTA; not ready for eight-category valuation."
Collin Gillespie,PHO,"PG,SG",75.0,22.533333333333335,9.64,3.3466666666666667,3.6666666666666665,1.08,0.16,2.16,,,,,0.42,0.871,2026-09-19,"Missing projected FGM, FGA, FTM and FTA; not ready for eight-category valuation."
Jaylen Wells,MEM,"SF,SG",74.0,22.635135135135137,9.554054054054054,2.581081081081081,1.2972972972972974,0.6486486486486487,0.0945945945945946,1.5,,,,,0.425,0.794,2026-09-19,"Missing projected FGM, FGA, FTM and FTA; not ready for eight-category valuation."
Max Strus,LAC,"PF,SF",72.0,25.77777777777778,9.458333333333334,4.277777777777778,2.9166666666666665,0.6805555555555556,0.25,2.0555555555555554,,,,,0.432,0.824,2026-09-19,"Missing projected FGM, FGA, FTM and FTA; not ready for eight-category valuation."
Sam Hauser,BOS,"SF,PF",77.0,24.324675324675326,9.402597402597403,3.688311688311688,1.2467532467532467,0.4805194805194805,0.24675324675324675,2.5714285714285716,,,,,0.428,0.888,2026-09-19,"Missing projected FGM, FGA, FTM and FTA; not ready for eight-category valuation."
Bilal Coulibaly,WAS,"SG,SF",73.0,23.027397260273972,9.26027397260274,3.547945205479452,2.1095890410958904,1.0410958904109588,0.6712328767123288,0.821917808219178,,,,,0.433,0.747,2026-09-19,"Missing projected FGM, FGA, FTM and FTA; not ready for eight-category valuation."
Kevin Huerter,DET,"SG,SF",73.0,22.47945205479452,9.205479452054794,3.191780821917808,2.2465753424657535,0.9452054794520548,0.4657534246575342,1.4383561643835616,,,,,0.444,0.764,2026-09-19,"Missing projected FGM, FGA, FTM and FTA; not ready for eight-category valuation."
Kyle Filipowski,UTH,"C,PF",75.0,20.08,9.186666666666667,5.653333333333333,2.0533333333333332,0.8,0.4,0.8133333333333334,,,,,0.492,0.725,2026-09-19,"Missing projected FGM, FGA, FTM and FTA; not ready for eight-category valuation."
Tari Eason,HOU,"PF,SF,SG",72.0,21.916666666666668,9.055555555555555,5.277777777777778,1.1944444444444444,1.125,0.5,1.1944444444444444,,,,,0.444,0.765,2026-09-19,"Missing projected FGM, FGA, FTM and FTA; not ready for eight-category valuation."
Daniel Gafford,DAL,C,73.0,19.15068493150685,9.054794520547945,5.684931506849315,1.1095890410958904,0.547945205479452,1.3013698630136987,0.0,,,,,0.691,0.687,2026-09-19,"Missing projected FGM, FGA, FTM and FTA; not ready for eight-category valuation."
Gary Trent Jr.,MIL,"SF,SG",72.0,23.38888888888889,9.083333333333334,1.3888888888888888,1.1527777777777777,0.6805555555555556,0.06944444444444445,2.0555555555555554,,,,,0.404,0.804,2026-09-19,"Missing projected FGM, FGA, FTM and FTA; not ready for eight-category valuation."
Gradey Dick,LAC,"SG,SF",75.0,20.226666666666667,9.013333333333334,2.6666666666666665,0.9866666666666667,0.7733333333333333,0.14666666666666667,1.2533333333333334,,,,,0.419,0.866,2026-09-19,"Missing projected FGM, FGA, FTM and FTA; not ready for eight-category valuation."
Julian Champagnie,SAS,"PF,SF,SG",80.0,23.3375,8.9875,4.4625,1.25,0.6375,0.4,1.925,,,,,0.432,0.855,2026-09-19,"Missing projected FGM, FGA, FTM and FTA; not ready for eight-category valuation."
Neemias Queta,BOS,C,75.0,21.8,8.933333333333334,7.04,1.3066666666666666,0.6,1.04,0.0,,,,,0.647,0.713,2026-09-19,"Missing projected FGM, FGA, FTM and FTA; not ready for eight-category valuation."
Isaiah Collier,UTH,"PG,SG",72.0,23.069444444444443,8.972222222222221,2.3472222222222223,5.847222222222222,0.9722222222222222,0.25,0.4027777777777778,,,,,0.467,0.714,2026-09-19,"Missing projected FGM, FGA, FTM and FTA; not ready for eight-category valuation."
Davion Mitchell,MIA,PG,74.0,28.2027027027027,8.91891891891892,2.472972972972973,5.905405405405405,0.9864864864864865,0.21621621621621623,1.2567567567567568,,,,,0.488,0.659,2026-09-19,"Missing projected FGM, FGA, FTM and FTA; not ready for eight-category valuation."
Luguentz Dort,ATL,"SG,SF",75.0,27.72,8.853333333333333,3.56,1.4266666666666667,0.8933333333333333,0.4266666666666667,2.013333333333333,,,,,0.409,0.749,2026-09-19,"Missing projected FGM, FGA, FTM and FTA; not ready for eight-category valuation."
Day'Ron Sharpe,BKN,C,73.0,20.589041095890412,8.849315068493151,6.972602739726027,2.0821917808219177,0.8904109589041096,0.8082191780821918,0.2054794520547945,,,,,0.563,0.698,2026-09-19,"Missing projected FGM, FGA, FTM and FTA; not ready for eight-category valuation."
Dereck Lively II,DAL,C,71.0,23.507042253521128,8.788732394366198,6.788732394366197,2.140845070422535,0.5915492957746479,1.380281690140845,0.0,,,,,0.72,0.618,2026-09-19,"Missing projected FGM, FGA, FTM and FTA; not ready for eight-category valuation."
Herbert Jones,NOR,"PF,SF,SG",70.0,28.47142857142857,8.67142857142857,3.3,2.6142857142857143,1.4428571428571428,0.45714285714285713,1.2428571428571429,,,,,0.402,0.813,2026-09-19,"Missing projected FGM, FGA, FTM and FTA; not ready for eight-category valuation."
Danny Wolf,BKN,"C,PF",74.0,21.12162162162162,8.64864864864865,4.797297297297297,2.1621621621621623,0.5135135135135135,0.5405405405405406,1.1486486486486487,,,,,0.403,0.771,2026-09-19,"Missing projected FGM, FGA, FTM and FTA; not ready for eight-category valuation."
Khris Middleton,WAS,"PF,SF,SG",65.0,18.70769230769231,8.646153846153846,2.953846153846154,2.6769230769230767,0.6,0.15384615384615385,0.9076923076923077,,,,,0.45,0.864,2026-09-19,"Missing projected FGM, FGA, FTM and FTA; not ready for eight-category valuation."
T.J. McConnell,IND,PG,74.0,16.256756756756758,8.432432432432432,2.2162162162162162,4.283783783783784,0.8513513513513513,0.16216216216216217,0.21621621621621623,,,,,0.533,0.778,2026-09-19,"Missing projected FGM, FGA, FTM and FTA; not ready for eight-category valuation."
Aaron Wiggins,ATL,"SG,SF",75.0,17.506666666666668,8.253333333333334,2.6666666666666665,1.3333333333333333,0.5733333333333334,0.2,1.2,,,,,0.464,0.802,2026-09-19,"Missing projected FGM, FGA, FTM and FTA; not ready for eight-category valuation."
Jake LaRavia,LAL,"SF,PF",78.0,25.653846153846153,8.23076923076923,4.141025641025641,1.9487179487179487,1.1794871794871795,0.4358974358974359,0.9743589743589743,,,,,0.459,0.743,2026-09-19,"Missing projected FGM, FGA, FTM and FTA; not ready for eight-category valuation."
Precious Achiuwa,SAC,"PF,C",74.0,21.256756756756758,8.14864864864865,5.675675675675675,1.1486486486486487,0.7702702702702703,0.6486486486486487,0.28378378378378377,,,,,0.528,0.565,2026-09-19,"Missing projected FGM, FGA, FTM and FTA; not ready for eight-category valuation."
Noah Clowney,BKN,"C,PF",73.0,19.397260273972602,8.095890410958905,2.9315068493150687,1.0,0.4931506849315068,0.4931506849315068,1.3287671232876712,,,,,0.387,0.808,2026-09-19,"Missing projected FGM, FGA, FTM and FTA; not ready for eight-category valuation."
Donte DiVincenzo,MIN,"PG,SF,SG",3.0,22.0,9.0,3.0,3.0,1.0,0.3333333333333333,2.3333333333333335,,,,,0.4,0.739,2026-09-19,"Missing projected FGM, FGA, FTM and FTA; not ready for eight-category valuation."
Bub Carrington,WAS,"PG,SG",80.0,23.575,8.025,2.8625,3.5125,0.5125,0.2,1.425,,,,,0.415,0.75,2026-09-19,"Missing projected FGM, FGA, FTM and FTA; not ready for eight-category valuation."
Marvin Bagley III,DEN,"PF,C",69.0,15.478260869565217,8.072463768115941,4.695652173913044,1.0579710144927537,0.3188405797101449,0.5507246376811594,0.2898550724637681,,,,,0.626,0.663,2026-09-19,"Missing projected FGM, FGA, FTM and FTA; not ready for eight-category valuation."
Draymond Green,GSW,"PF,C",71.0,27.253521126760564,8.04225352112676,5.591549295774648,5.169014084507042,1.1267605633802817,0.704225352112676,1.2112676056338028,,,,,0.425,0.696,2026-09-19,"Missing projected FGM, FGA, FTM and FTA; not ready for eight-category valuation."
Royce O'Neale,CHA,"SF,PF",77.0,22.233766233766232,7.896103896103896,3.831168831168831,1.948051948051948,0.7402597402597403,0.33766233766233766,2.207792207792208,,,,,0.42,0.721,2026-09-19,"Missing projected FGM, FGA, FTM and FTA; not ready for eight-category valuation."
Collin Murray-Boyles,TOR,"C,PF",72.0,19.86111111111111,7.708333333333333,4.416666666666667,1.6111111111111112,0.8333333333333334,0.8333333333333334,0.25,,,,,0.59,0.669,2026-09-19,"Missing projected FGM, FGA, FTM and FTA; not ready for eight-category valuation."
Luke Kennard,PHO,"PG,SF,SG",76.0,20.88157894736842,7.644736842105263,2.289473684210526,2.210526315789474,0.7236842105263158,0.10526315789473684,1.4210526315789473,,,,,0.506,0.9,2026-09-19,"Missing projected FGM, FGA, FTM and FTA; not ready for eight-category valuation."
Tristan Vukcevic,WAS,"PF,C",69.0,12.246376811594203,7.666666666666667,2.7246376811594204,0.927536231884058,0.4057971014492754,0.5942028985507246,0.8260869565217391,,,,,0.496,0.782,2026-09-19,"Missing projected FGM, FGA, FTM and FTA; not ready for eight-category valuation."
Al Horford,GSW,"PF,C",67.0,23.46268656716418,7.641791044776119,5.104477611940299,2.1343283582089554,0.6268656716417911,0.8059701492537313,1.5223880597014925,,,,,0.436,0.875,2026-09-19,"Missing projected FGM, FGA, FTM and FTA; not ready for eight-category valuation."
Isaiah Stewart,MEM,"C,PF",73.0,19.84931506849315,7.589041095890411,4.424657534246576,1.178082191780822,0.2465753424657534,1.2465753424657535,0.5205479452054794,,,,,0.544,0.753,2026-09-19,"Missing projected FGM, FGA, FTM and FTA; not ready for eight-category valuation."
Hannes Steinbach,CHA,PF,74.0,20.64864864864865,7.445945945945946,4.283783783783784,1.1891891891891893,0.5675675675675675,0.7297297297297297,0.43243243243243246,,,,,0.481,0.731,2026-09-19,"Missing projected FGM, FGA, FTM and FTA; not ready for eight-category valuation."
Cason Wallace,OKC,"PG,SF,SG",77.0,24.22077922077922,7.337662337662338,2.7142857142857144,2.168831168831169,1.6883116883116882,0.35064935064935066,1.0909090909090908,,,,,0.44,0.804,2026-09-19,"Missing projected FGM, FGA, FTM and FTA; not ready for eight-category valuation."
Nikola Jovic,MIA,"C,PF",50.0,17.12,7.08,3.04,2.08,0.52,0.34,0.96,,,,,0.413,0.732,2026-09-19,"Missing projected FGM, FGA, FTM and FTA; not ready for eight-category valuation."
Yves Missi,NOR,C,72.0,23.23611111111111,7.097222222222222,6.763888888888889,1.3333333333333333,0.3611111111111111,1.4722222222222223,0.0,,,,,0.548,0.588,2026-09-19,"Missing projected FGM, FGA, FTM and FTA; not ready for eight-category valuation."
Tristan da Silva,ORL,"SF,PF",77.0,19.246753246753247,7.090909090909091,2.896103896103896,1.2337662337662338,0.5844155844155844,0.2597402597402597,1.103896103896104,,,,,0.443,0.877,2026-09-19,"Missing projected FGM, FGA, FTM and FTA; not ready for eight-category valuation."
Gui Santos,GSW,"SF,PF",72.0,20.52777777777778,7.0,4.319444444444445,2.111111111111111,0.7361111111111112,0.25,0.9861111111111112,,,,,0.477,0.719,2026-09-19,"Missing projected FGM, FGA, FTM and FTA; not ready for eight-category valuation."
Jose Alvarado,NYK,PG,72.0,17.541666666666668,6.888888888888889,2.1527777777777777,3.013888888888889,0.875,0.1111111111111111,1.375,,,,,0.416,0.779,2026-09-19,"Missing projected FGM, FGA, FTM and FTA; not ready for eight-category valuation."
Jarace Walker,IND,"PF,SF",70.0,16.8,6.8428571428571425,3.2,1.6,0.5857142857142857,0.2571428571428571,1.042857142857143,,,,,0.444,0.724,2026-09-19,"Missing projected FGM, FGA, FTM and FTA; not ready for eight-category valuation."
Ronald Holland II,DET,"PF,SF",78.0,16.756410256410255,6.743589743589744,3.2948717948717947,1.0384615384615385,0.8974358974358975,0.3076923076923077,0.5128205128205128,,,,,0.441,0.786,2026-09-19,"Missing projected FGM, FGA, FTM and FTA; not ready for eight-category valuation."
Patrick Williams,CHI,"PF,SF",75.0,20.506666666666668,6.68,2.7333333333333334,1.3866666666666667,0.6533333333333333,0.38666666666666666,1.16,,,,,0.385,0.722,2026-09-19,"Missing projected FGM, FGA, FTM and FTA; not ready for eight-category valuation."
Cody Williams,MIN,"PF,SF,SG",71.0,20.845070422535212,6.661971830985915,2.464788732394366,1.6056338028169015,0.647887323943662,0.39436619718309857,0.43661971830985913,,,,,0.438,0.709,2026-09-19,"Missing projected FGM, FGA, FTM and FTA; not ready for eight-category valuation."
Jamal Shead,TOR,PG,79.0,21.253164556962027,6.531645569620253,1.620253164556962,4.7974683544303796,0.8860759493670886,0.16455696202531644,0.9746835443037974,,,,,0.387,0.777,2026-09-19,"Missing projected FGM, FGA, FTM and FTA; not ready for eight-category valuation."
Mitchell Robinson,BOS,C,69.0,22.869565217391305,6.507246376811594,9.855072463768115,0.927536231884058,0.9710144927536232,1.3623188405797102,0.0,,,,,0.703,0.409,2026-09-19,"Missing projected FGM, FGA, FTM and FTA; not ready for eight-category valuation."
Baylor Scheierman,BOS,"SG,SF",75.0,20.453333333333333,6.44,3.8266666666666667,1.6133333333333333,0.6533333333333333,0.09333333333333334,1.4533333333333334,,,,,0.434,0.877,2026-09-19,"Missing projected FGM, FGA, FTM and FTA; not ready for eight-category valuation."
Ryan Kalkbrenner,CHA,C,73.0,19.616438356164384,6.465753424657534,4.684931506849315,0.6575342465753424,0.4246575342465753,1.273972602739726,0.0,,,,,0.732,0.718,2026-09-19,"Missing projected FGM, FGA, FTM and FTA; not ready for eight-category valuation."
Paul Reed,DET,"C,PF",70.0,12.271428571428572,6.4,3.9,1.042857142857143,0.8285714285714286,0.8142857142857143,0.2,,,,,0.597,0.681,2026-09-19,"Missing projected FGM, FGA, FTM and FTA; not ready for eight-category valuation."
Jeremy Sochan,POR,"C,PF",47.0,15.042553191489361,6.297872340425532,3.702127659574468,1.4680851063829787,0.48936170212765956,0.3404255319148936,0.425531914893617,,,,,0.529,0.718,2026-09-19,"Missing projected FGM, FGA, FTM and FTA; not ready for eight-category valuation."
Grant Williams,CHA,"PF,C",70.0,18.242857142857144,6.185714285714286,3.257142857142857,1.3428571428571427,0.4714285714285714,0.44285714285714284,1.2,,,,,0.421,0.815,2026-09-19,"Missing projected FGM, FGA, FTM and FTA; not ready for eight-category valuation."
Isaiah Jackson,LAC,"PF,C",72.0,15.597222222222221,6.166666666666667,4.875,0.8888888888888888,0.625,0.8194444444444444,0.0,,,,,0.649,0.639,2026-09-19,"Missing projected FGM, FGA, FTM and FTA; not ready for eight-category valuation."
Robert Williams III,POR,C,68.0,16.808823529411764,6.147058823529412,6.529411764705882,0.9852941176470589,0.5735294117647058,1.411764705882353,0.1323529411764706,,,,,0.687,0.655,2026-09-19,"Missing projected FGM, FGA, FTM and FTA; not ready for eight-category valuation."
Moussa Diabate,CHA,"PF,C",74.0,21.256756756756758,6.04054054054054,6.8108108108108105,1.364864864864865,0.6081081081081081,0.7432432432432432,0.0,,,,,0.623,0.646,2026-09-19,"Missing projected FGM, FGA, FTM and FTA; not ready for eight-category valuation."
Jaylin Williams,OKC,"PF,C",72.0,17.51388888888889,6.069444444444445,4.833333333333333,2.125,0.5,0.5416666666666666,1.2638888888888888,,,,,0.423,0.776,2026-09-19,"Missing projected FGM, FGA, FTM and FTA; not ready for eight-category valuation."
Oso Ighodaro,PHO,"C,PF",78.0,21.833333333333332,6.051282051282051,4.897435897435898,2.0384615384615383,0.8589743589743589,0.6794871794871795,0.0,,,,,0.64,0.481,2026-09-19,"Missing projected FGM, FGA, FTM and FTA; not ready for eight-category valuation."
Zach Collins,CHI,C,67.0,13.149253731343284,5.791044776119403,3.4477611940298507,1.2985074626865671,0.2835820895522388,0.34328358208955223,0.47761194029850745,,,,,0.525,0.806,2026-09-19,"Missing projected FGM, FGA, FTM and FTA; not ready for eight-category valuation."
Andre Drummond,NYK,C,69.0,16.52173913043478,5.695652173913044,7.3478260869565215,1.0289855072463767,0.6086956521739131,0.5652173913043478,0.34782608695652173,,,,,0.506,0.628,2026-09-19,"Missing projected FGM, FGA, FTM and FTA; not ready for eight-category valuation."
Kris Dunn,LAC,"PG,SG",76.0,20.592105263157894,5.5,2.75,2.6973684210526314,1.3157894736842106,0.25,0.7894736842105263,,,,,0.462,0.745,2026-09-19,"Missing projected FGM, FGA, FTM and FTA; not ready for eight-category valuation."
Jaxson Hayes,UTH,C,71.0,15.225352112676056,5.394366197183099,3.3380281690140845,0.7323943661971831,0.4225352112676056,0.5915492957746479,0.014084507042253521,,,,,0.704,0.645,2026-09-19,"Missing projected FGM, FGA, FTM and FTA; not ready for eight-category valuation."
Mike Conley,BOS,PG,66.0,18.37878787878788,5.424242424242424,1.878787878787879,2.8484848484848486,0.6666666666666666,0.19696969696969696,1.2424242424242424,,,,,0.368,0.901,2026-09-19,"Missing projected FGM, FGA, FTM and FTA; not ready for eight-category valuation."
Ben Sheppard,IND,"SG,SF",70.0,18.285714285714285,5.142857142857143,2.4,1.3,0.5142857142857142,0.1,0.9857142857142858,,,,,0.425,0.826,2026-09-19,"Missing projected FGM, FGA, FTM and FTA; not ready for eight-category valuation."
Leonard Miller,CHI,"C,PF,SF",45.0,9.755555555555556,5.155555555555556,2.3777777777777778,0.5333333333333333,0.24444444444444444,0.15555555555555556,0.4444444444444444,,,,,0.581,0.757,2026-09-19,"Missing projected FGM, FGA, FTM and FTA; not ready for eight-category valuation."
Trayce Jackson-Davis,TOR,"PF,C",47.0,10.76595744680851,4.808510638297872,3.382978723404255,0.9574468085106383,0.3191489361702128,0.5319148936170213,0.0,,,,,0.599,0.551,2026-09-19,"Missing projected FGM, FGA, FTM and FTA; not ready for eight-category valuation."
Kyle Anderson,TOR,"PF,SF",70.0,15.17142857142857,4.814285714285714,2.6857142857142855,2.3857142857142857,0.6857142857142857,0.45714285714285713,0.18571428571428572,,,,,0.486,0.702,2026-09-19,"Missing projected FGM, FGA, FTM and FTA; not ready for eight-category valuation."
Luke Kornet,SAS,C,74.0,14.72972972972973,4.756756756756757,4.081081081081081,1.2162162162162162,0.3918918918918919,0.7297297297297297,0.0,,,,,0.658,0.783,2026-09-19,"Missing projected FGM, FGA, FTM and FTA; not ready for eight-category valuation."
Goga Bitadze,ORL,C,71.0,13.04225352112676,4.704225352112676,4.211267605633803,1.1549295774647887,0.49295774647887325,0.8591549295774648,0.014084507042253521,,,,,0.635,0.688,2026-09-19,"Missing projected FGM, FGA, FTM and FTA; not ready for eight-category valuation."
Thomas Bryant,CLE,C,48.0,9.229166666666666,4.625,2.7291666666666665,0.4583333333333333,0.2916666666666667,0.375,0.5208333333333334,,,,,0.504,0.817,2026-09-19,"Missing projected FGM, FGA, FTM and FTA; not ready for eight-category valuation."
Clint Capela,HOU,C,45.0,11.333333333333334,4.444444444444445,4.688888888888889,0.5777777777777777,0.37777777777777777,0.6,0.0,,,,,0.598,0.573,2026-09-19,"Missing projected FGM, FGA, FTM and FTA; not ready for eight-category valuation."
Adem Bona,PHI,C,73.0,15.04109589041096,4.315068493150685,3.767123287671233,0.3972602739726027,0.3561643835616438,1.082191780821918,0.0136986301369863,,,,,0.64,0.697,2026-09-19,"Missing projected FGM, FGA, FTM and FTA; not ready for eight-category valuation."
Jarred Vanderbilt,LAL,"C,PF,SF",70.0,17.32857142857143,4.1,4.614285714285714,1.1142857142857143,0.8857142857142857,0.3,0.32857142857142857,,,,,0.472,0.59,2026-09-19,"Missing projected FGM, FGA, FTM and FTA; not ready for eight-category valuation."
Kevon Looney,LAL,"C,PF",72.0,15.055555555555555,3.986111111111111,5.430555555555555,1.4444444444444444,0.4861111111111111,0.3888888888888889,0.013888888888888888,,,,,0.532,0.606,2026-09-19,"Missing projected FGM, FGA, FTM and FTA; not ready for eight-category valuation."
Mouhamed Gueye,ATL,"PF,C",74.0,13.486486486486486,3.891891891891892,3.0,0.7432432432432432,0.6621621621621622,0.4594594594594595,0.43243243243243246,,,,,0.45,0.669,2026-09-19,"Missing projected FGM, FGA, FTM and FTA; not ready for eight-category valuation."
Jericho Sims,MIL,"C,PF",46.0,15.108695652173912,3.391304347826087,4.065217391304348,1.108695652173913,0.2826086956521739,0.2826086956521739,0.0,,,,,0.811,0.621,2026-09-19,"Missing projected FGM, FGA, FTM and FTA; not ready for eight-category valuation."
Steven Adams,HOU,C,70.0,12.942857142857143,3.257142857142857,4.728571428571429,0.9142857142857143,0.32857142857142857,0.44285714285714284,0.0,,,,,0.537,0.523,2026-09-19,"Missing projected FGM, FGA, FTM and FTA; not ready for eight-category valuation."
Jonathan Isaac,ORL,"C,PF",42.0,9.857142857142858,2.8095238095238093,2.4761904761904763,0.38095238095238093,0.40476190476190477,0.5238095238095238,0.2619047619047619,,,,,0.429,0.64,2026-09-19,"Missing projected FGM, FGA, FTM and FTA; not ready for eight-category valuation."
Jonathan Mogbo,SAC,"C,PF",47.0,10.638297872340425,2.765957446808511,2.5106382978723403,1.0425531914893618,0.3829787234042553,0.3404255319148936,0.0425531914893617,,,,,0.506,0.699,2026-09-19,"Missing projected FGM, FGA, FTM and FTA; not ready for eight-category valuation."
