franchise,choice_rank,player,status,kept_by,eligible_cost,player_id,winner_cost,price_basis,prior_season,prior_cost,prior_contract_year,increase,source_workbook_sha256,prior_cost_cell,prior_year_cell
Joe,2,Keyonte George,blocked_by_keeper,Ian,6.0,keyontegeorge,6,Derived from claimant-specific prior final roster and inferred escalation; not a recorded bid.,2025-26,5.0,1,1.0,59a6a80ce913c1ee51e35c213b85ca13bb78380df68a73fa1ceb164b84c647a6,E10,F10
Kerry,1,Dejounte Murray,blocked_by_keeper,Max,3.0,dejountemurray,3,Derived from claimant-specific prior final roster and inferred escalation; not a recorded bid.,2025-26,2.0,1,1.0,59a6a80ce913c1ee51e35c213b85ca13bb78380df68a73fa1ceb164b84c647a6,E5,F5
Kerry,2,Kon Knueppel,blocked_by_keeper,Joe,5.0,konknueppel,5,Derived from claimant-specific prior final roster and inferred escalation; not a recorded bid.,2025-26,4.0,1,1.0,59a6a80ce913c1ee51e35c213b85ca13bb78380df68a73fa1ceb164b84c647a6,E16,F16
Peter,1,Cade Cunningham,blocked_by_keeper,Ron,37.0,cadecunningham,39,Derived from claimant-specific prior final roster and inferred escalation; not a recorded bid.,2025-26,36.0,1,1.0,59a6a80ce913c1ee51e35c213b85ca13bb78380df68a73fa1ceb164b84c647a6,E17,F17
Peter,2,Cooper Flagg,blocked_by_keeper,Jason,38.0,cooperflagg,38,Derived from claimant-specific prior final roster and inferred escalation; not a recorded bid.,2025-26,37.0,1,1.0,59a6a80ce913c1ee51e35c213b85ca13bb78380df68a73fa1ceb164b84c647a6,E13,F13
Peter,3,Kon Knueppel,blocked_by_keeper,Joe,5.0,konknueppel,5,Derived from claimant-specific prior final roster and inferred escalation; not a recorded bid.,2025-26,4.0,1,1.0,59a6a80ce913c1ee51e35c213b85ca13bb78380df68a73fa1ceb164b84c647a6,E16,F16
Peter,5,Chet Holmgren,blocked_by_keeper,Kerry,19.0,chetholmgren,19,Derived from claimant-specific prior final roster and inferred escalation; not a recorded bid.,2025-26,18.0,1,1.0,59a6a80ce913c1ee51e35c213b85ca13bb78380df68a73fa1ceb164b84c647a6,E15,F15
Alvin,2,Scottie Barnes,blocked_by_keeper,Brent,22.0,scottiebarnes,24,Derived from claimant-specific prior final roster and inferred escalation; not a recorded bid.,2025-26,21.0,1,1.0,59a6a80ce913c1ee51e35c213b85ca13bb78380df68a73fa1ceb164b84c647a6,E9,F9
Alvin,3,Jayson Tatum,blocked_by_keeper,Ian,24.0,jaysontatum,24,Derived from claimant-specific prior final roster and inferred escalation; not a recorded bid.,2025-26,23.0,1,1.0,59a6a80ce913c1ee51e35c213b85ca13bb78380df68a73fa1ceb164b84c647a6,E16,F16
Alvin,4,Cooper Flagg,blocked_by_keeper,Jason,38.0,cooperflagg,38,Derived from claimant-specific prior final roster and inferred escalation; not a recorded bid.,2025-26,37.0,1,1.0,59a6a80ce913c1ee51e35c213b85ca13bb78380df68a73fa1ceb164b84c647a6,E7,F7
Alvin,5,Cade Cunningham,blocked_by_keeper,Ron,37.0,cadecunningham,39,Derived from claimant-specific prior final roster and inferred escalation; not a recorded bid.,2025-26,36.0,1,1.0,59a6a80ce913c1ee51e35c213b85ca13bb78380df68a73fa1ceb164b84c647a6,E2,F2
Alvin,6,Nikola Jokic,blocked_by_keeper,Max,86.0,nikolajokic,88,Derived from claimant-specific prior final roster and inferred escalation; not a recorded bid.,2025-26,85.0,1,1.0,59a6a80ce913c1ee51e35c213b85ca13bb78380df68a73fa1ceb164b84c647a6,E17,F17
Alvin,7,Luka Doncic,blocked_by_keeper,Kerry,67.0,lukadoncic,69,Derived from claimant-specific prior final roster and inferred escalation; not a recorded bid.,2025-26,66.0,1,1.0,59a6a80ce913c1ee51e35c213b85ca13bb78380df68a73fa1ceb164b84c647a6,E18,F18
