source_id,season,league_year,franchise_sheet,finish,player,player_id,stage,roster_order,recorded_cost,contract_year_recorded,acquisition_class,raw_name,source_cell,cost_cell,contract_year_cell,note_raw
59a6a80ce913c1ee51e35c213b85ca13bb78380df68a73fa1ceb164b84c647a6,2025-26,11,Alvin,2,Karl-Anthony Towns,karlanthonytowns,opening,1,46,2,keeper,Karl-Anthony Towns,A2,B2,C2,
59a6a80ce913c1ee51e35c213b85ca13bb78380df68a73fa1ceb164b84c647a6,2025-26,11,Alvin,2,Dyson Daniels,dysondaniels,opening,2,2,2,keeper,Dyson Daniels,A3,B3,C3,
59a6a80ce913c1ee51e35c213b85ca13bb78380df68a73fa1ceb164b84c647a6,2025-26,11,Arthur,6,Victor Wembanyama,victorwembanyama,opening,1,43,3,keeper,Victor Wembanyama,A2,B2,C2,
59a6a80ce913c1ee51e35c213b85ca13bb78380df68a73fa1ceb164b84c647a6,2025-26,11,Arthur,6,Desmond Bane,desmondbane,opening,2,14,2,keeper,Desmond Bane,A3,B3,C3,
59a6a80ce913c1ee51e35c213b85ca13bb78380df68a73fa1ceb164b84c647a6,2025-26,11,Benji,15,Ja Morant,jamorant,opening,1,23,3,keeper,Ja Morant,A2,B2,C2,
59a6a80ce913c1ee51e35c213b85ca13bb78380df68a73fa1ceb164b84c647a6,2025-26,11,Benji,15,Paolo Banchero,paolobanchero,opening,2,28,2,keeper,Paolo Banchero,A3,B3,C3,
59a6a80ce913c1ee51e35c213b85ca13bb78380df68a73fa1ceb164b84c647a6,2025-26,11,Brent,8,Evan Mobley,evanmobley,opening,1,24,2,keeper,Evan Mobley,A2,B2,C2,
59a6a80ce913c1ee51e35c213b85ca13bb78380df68a73fa1ceb164b84c647a6,2025-26,11,Brent,8,Scottie Barnes,scottiebarnes,opening,2,21,2,keeper,Scottie Barnes,A3,B3,C3,
59a6a80ce913c1ee51e35c213b85ca13bb78380df68a73fa1ceb164b84c647a6,2025-26,11,Darren,5,Anthony Davis,anthonydavis,opening,1,48,3,keeper,Anthony Davis,A2,B2,C2,
59a6a80ce913c1ee51e35c213b85ca13bb78380df68a73fa1ceb164b84c647a6,2025-26,11,Darren,5,Tyrese Maxey,tyresemaxey,opening,2,32,4,keeper,Tyrese Maxey,A3,B3,C3,
59a6a80ce913c1ee51e35c213b85ca13bb78380df68a73fa1ceb164b84c647a6,2025-26,11,Graham,1,Shai Gilgeous-Alexander,shaigilgeousalexander,opening,1,40,4,keeper,Shai Gilgeous-Alexander,A2,B2,C2,
59a6a80ce913c1ee51e35c213b85ca13bb78380df68a73fa1ceb164b84c647a6,2025-26,11,Graham,1,Derrick White,derrickwhite,opening,2,12,3,keeper,Derrick White,A3,B3,C3,
59a6a80ce913c1ee51e35c213b85ca13bb78380df68a73fa1ceb164b84c647a6,2025-26,11,Ian,12,Chet Holmgren,chetholmgren,opening,1,18,4,keeper,Chet Holmgren,A2,B2,C2,
59a6a80ce913c1ee51e35c213b85ca13bb78380df68a73fa1ceb164b84c647a6,2025-26,11,Ian,12,OG Anunoby,oganunoby,opening,2,16,2,keeper,OG Anunoby,A3,B3,C3,
59a6a80ce913c1ee51e35c213b85ca13bb78380df68a73fa1ceb164b84c647a6,2025-26,11,Isaac,10,Julius Randle,juliusrandle,opening,1,20,2,keeper,Julius Randle,A2,B2,C2,
59a6a80ce913c1ee51e35c213b85ca13bb78380df68a73fa1ceb164b84c647a6,2025-26,11,Isaac,10,Austin Reaves,austinreaves,opening,2,18,2,keeper,Austin Reaves,A3,B3,C3,
59a6a80ce913c1ee51e35c213b85ca13bb78380df68a73fa1ceb164b84c647a6,2025-26,11,Jason,14,Anthony Edwards,anthonyedwards,opening,1,45,6,keeper,Anthony Edwards,A2,B2,C2,
59a6a80ce913c1ee51e35c213b85ca13bb78380df68a73fa1ceb164b84c647a6,2025-26,11,Jason,14,Kevin Durant,kevindurant,opening,2,60,2,keeper,Kevin Durant,A3,B3,C3,
59a6a80ce913c1ee51e35c213b85ca13bb78380df68a73fa1ceb164b84c647a6,2025-26,11,Joe,11,Donovan Mitchell,donovanmitchell,opening,1,44,5,keeper,Donovan Mitchell,A2,B2,C2,
59a6a80ce913c1ee51e35c213b85ca13bb78380df68a73fa1ceb164b84c647a6,2025-26,11,Joe,11,Immanuel Quickley,immanuelquickley,opening,2,7,3,keeper,Immanuel Quickley,A3,B3,C3,
59a6a80ce913c1ee51e35c213b85ca13bb78380df68a73fa1ceb164b84c647a6,2025-26,11,Kerry,4,Luka Doncic,lukadoncic,opening,1,66,2,keeper,Luka Doncic,A2,B2,C2,
59a6a80ce913c1ee51e35c213b85ca13bb78380df68a73fa1ceb164b84c647a6,2025-26,11,Kerry,4,Norman Powell,normanpowell,opening,2,4,2,keeper,Norman Powell,A3,B3,C3,
59a6a80ce913c1ee51e35c213b85ca13bb78380df68a73fa1ceb164b84c647a6,2025-26,11,Mark,13,Trey Murphy III,treymurphyiii,opening,1,8,2,keeper,Trey Murphy III,A2,B2,C2,
59a6a80ce913c1ee51e35c213b85ca13bb78380df68a73fa1ceb164b84c647a6,2025-26,11,Mark,13,Joel Embiid,joelembiid,opening,2,60,2,keeper,Joel Embiid,A3,B3,C3,
59a6a80ce913c1ee51e35c213b85ca13bb78380df68a73fa1ceb164b84c647a6,2025-26,11,Max,9,Devin Booker,devinbooker,opening,1,45,5,keeper,Devin Booker,A2,B2,C2,
59a6a80ce913c1ee51e35c213b85ca13bb78380df68a73fa1ceb164b84c647a6,2025-26,11,Max,9,Nikola Jokic,nikolajokic,opening,2,85,2,keeper,Nikola Jokic,A3,B3,C3,
59a6a80ce913c1ee51e35c213b85ca13bb78380df68a73fa1ceb164b84c647a6,2025-26,11,Peter,3,Jamal Murray,jamalmurray,opening,1,27,2,keeper,Jamal Murray,A2,B2,C2,
59a6a80ce913c1ee51e35c213b85ca13bb78380df68a73fa1ceb164b84c647a6,2025-26,11,Peter,3,Franz Wagner,franzwagner,opening,2,26,2,keeper,Franz Wagner,A3,B3,C3,
59a6a80ce913c1ee51e35c213b85ca13bb78380df68a73fa1ceb164b84c647a6,2025-26,11,Ron,7,Cade Cunningham,cadecunningham,opening,1,36,2,keeper,Cade Cunningham,A2,B2,C2,
59a6a80ce913c1ee51e35c213b85ca13bb78380df68a73fa1ceb164b84c647a6,2025-26,11,Ron,7,Jalen Williams,jalenwilliams,opening,2,31,3,keeper,Jalen Williams,A3,B3,C3,
59a6a80ce913c1ee51e35c213b85ca13bb78380df68a73fa1ceb164b84c647a6,2024-25,10,Alvin,1,LaMelo Ball,lameloball,opening,1,28,5,keeper,LaMelo Ball,A21,B21,C21,
59a6a80ce913c1ee51e35c213b85ca13bb78380df68a73fa1ceb164b84c647a6,2024-25,10,Alvin,1,Jaren Jackson Jr,jarenjacksonjr,opening,2,13,3,keeper,Jaren Jackson Jr,A22,B22,C22,
59a6a80ce913c1ee51e35c213b85ca13bb78380df68a73fa1ceb164b84c647a6,2024-25,10,Arthur,6,Victor Wembanyama,victorwembanyama,opening,1,40,2,keeper,Victor Wembanyama,A21,B21,C21,
59a6a80ce913c1ee51e35c213b85ca13bb78380df68a73fa1ceb164b84c647a6,2024-25,10,Arthur,6,Scottie Barnes,scottiebarnes,opening,2,20,4,keeper,Scottie Barnes,A22,B22,C22,
59a6a80ce913c1ee51e35c213b85ca13bb78380df68a73fa1ceb164b84c647a6,2024-25,10,Benji,14,Kawhi Leonard,kawhileonard,opening,1,22,4,keeper,Kawhi Leonard,A20,B20,C20,
59a6a80ce913c1ee51e35c213b85ca13bb78380df68a73fa1ceb164b84c647a6,2024-25,10,Benji,14,Ja Morant,jamorant,opening,2,20,2,keeper,Ja Morant,A21,B21,C21,
59a6a80ce913c1ee51e35c213b85ca13bb78380df68a73fa1ceb164b84c647a6,2024-25,10,Brent,7,Tyrese Haliburton,tyresehaliburton,opening,1,22,5,keeper,Tyrese Haliburton,A21,B21,C21,
59a6a80ce913c1ee51e35c213b85ca13bb78380df68a73fa1ceb164b84c647a6,2024-25,10,Brent,7,Brandon Miller,brandonmiller,opening,2,12,2,keeper,Brandon Miller,A22,B22,C22,
59a6a80ce913c1ee51e35c213b85ca13bb78380df68a73fa1ceb164b84c647a6,2024-25,10,Darren,5,Anthony Davis,anthonydavis,opening,1,45,2,keeper,Anthony Davis,A21,B21,C21,
59a6a80ce913c1ee51e35c213b85ca13bb78380df68a73fa1ceb164b84c647a6,2024-25,10,Darren,5,Tyrese Maxey,tyresemaxey,opening,2,26,3,keeper,Tyrese Maxey,A22,B22,C22,
59a6a80ce913c1ee51e35c213b85ca13bb78380df68a73fa1ceb164b84c647a6,2024-25,10,Graham,9,Shai Gilgeous-Alexander,shaigilgeousalexander,opening,1,34,3,keeper,Shai Gilgeous-Alexander,A20,B20,C20,
59a6a80ce913c1ee51e35c213b85ca13bb78380df68a73fa1ceb164b84c647a6,2024-25,10,Graham,9,Derrick White,derrickwhite,opening,2,9,2,keeper,Derrick White,A21,B21,C21,
59a6a80ce913c1ee51e35c213b85ca13bb78380df68a73fa1ceb164b84c647a6,2024-25,10,Ian,8,Karl-Anthony Towns,karlanthonytowns,opening,1,45,2,keeper,Karl-Anthony Towns,A20,B20,C20,
59a6a80ce913c1ee51e35c213b85ca13bb78380df68a73fa1ceb164b84c647a6,2024-25,10,Ian,8,Chet Holmgren,chetholmgren,opening,2,12,3,keeper,Chet Holmgren,A21,B21,C21,
59a6a80ce913c1ee51e35c213b85ca13bb78380df68a73fa1ceb164b84c647a6,2024-25,10,Isaac,11,LeBron James,lebronjames,opening,1,34,2,keeper,LeBron James,A20,B20,C20,
59a6a80ce913c1ee51e35c213b85ca13bb78380df68a73fa1ceb164b84c647a6,2024-25,10,Isaac,11,Austin Reaves,austinreaves,opening,2,15,2,keeper,Austin Reaves,A21,B21,C21,
59a6a80ce913c1ee51e35c213b85ca13bb78380df68a73fa1ceb164b84c647a6,2024-25,10,Jason,10,Anthony Edwards,anthonyedwards,opening,1,30,5,keeper,Anthony Edwards,A20,B20,C20,
59a6a80ce913c1ee51e35c213b85ca13bb78380df68a73fa1ceb164b84c647a6,2024-25,10,Jason,10,Lauri Markkanen,laurimarkkanen,opening,2,14,2,keeper,Lauri Markkanen,A21,B21,C21,
59a6a80ce913c1ee51e35c213b85ca13bb78380df68a73fa1ceb164b84c647a6,2024-25,10,Joe,15,Donovan Mitchell,donovanmitchell,opening,1,34,4,keeper,Donovan Mitchell,A20,B20,C20,
59a6a80ce913c1ee51e35c213b85ca13bb78380df68a73fa1ceb164b84c647a6,2024-25,10,Joe,15,Immanuel Quickley,immanuelquickley,opening,2,4,2,keeper,Immanuel Quickley,A21,B21,C21,
59a6a80ce913c1ee51e35c213b85ca13bb78380df68a73fa1ceb164b84c647a6,2024-25,10,Kerry,12,Jalen Brunson,jalenbrunson,opening,1,31,3,keeper,Jalen Brunson,A21,B21,C21,
59a6a80ce913c1ee51e35c213b85ca13bb78380df68a73fa1ceb164b84c647a6,2024-25,10,Kerry,12,Desmond Bane,desmondbane,opening,2,13,4,keeper,Desmond Bane,A22,B22,C22,
59a6a80ce913c1ee51e35c213b85ca13bb78380df68a73fa1ceb164b84c647a6,2024-25,10,Mark,13,Fred VanVleet,fredvanvleet,opening,1,34,2,keeper,Fred VanVleet,A20,B20,C20,
59a6a80ce913c1ee51e35c213b85ca13bb78380df68a73fa1ceb164b84c647a6,2024-25,10,Mark,13,Franz Wagner,franzwagner,opening,2,25,2,keeper,Franz Wagner,A21,B21,C21,
59a6a80ce913c1ee51e35c213b85ca13bb78380df68a73fa1ceb164b84c647a6,2024-25,10,Max,4,Devin Booker,devinbooker,opening,1,35,4,keeper,Devin Booker,A21,B21,C21,
59a6a80ce913c1ee51e35c213b85ca13bb78380df68a73fa1ceb164b84c647a6,2024-25,10,Max,4,Miles Bridges,milesbridges,opening,2,7,2,keeper,Miles Bridges,A22,B22,C22,
59a6a80ce913c1ee51e35c213b85ca13bb78380df68a73fa1ceb164b84c647a6,2024-25,10,Peter,2,Paul George,paulgeorge,opening,1,35,2,keeper,Paul George,A20,B20,C20,
59a6a80ce913c1ee51e35c213b85ca13bb78380df68a73fa1ceb164b84c647a6,2024-25,10,Peter,2,Jalen Duren,jalenduren,opening,2,13,2,keeper,Jalen Duren,A21,B21,C21,
59a6a80ce913c1ee51e35c213b85ca13bb78380df68a73fa1ceb164b84c647a6,2024-25,10,Ron,3,Jayson Tatum,jaysontatum,opening,1,35,4,keeper,Jayson Tatum,A21,B21,C21,
59a6a80ce913c1ee51e35c213b85ca13bb78380df68a73fa1ceb164b84c647a6,2024-25,10,Ron,3,Jalen Williams,jalenwilliams,opening,2,28,2,keeper,Jalen Williams,A22,B22,C22,
59a6a80ce913c1ee51e35c213b85ca13bb78380df68a73fa1ceb164b84c647a6,2023-24,9,Alvin,11,LaMelo Ball,lameloball,opening,1,18,4,keeper,LaMelo Ball,A40,B40,C40,
59a6a80ce913c1ee51e35c213b85ca13bb78380df68a73fa1ceb164b84c647a6,2023-24,9,Alvin,11,Jaren Jackson Jr,jarenjacksonjr,opening,2,7,2,keeper,Jaren Jackson Jr,A41,B41,C41,
59a6a80ce913c1ee51e35c213b85ca13bb78380df68a73fa1ceb164b84c647a6,2023-24,9,Arthur,7,Damian Lillard,damianlillard,opening,1,50,2,keeper,Damian Lillard,A40,B40,C40,
59a6a80ce913c1ee51e35c213b85ca13bb78380df68a73fa1ceb164b84c647a6,2023-24,9,Arthur,7,Scottie Barnes,scottiebarnes,opening,2,14,3,keeper,Scottie Barnes,A41,B41,C41,
59a6a80ce913c1ee51e35c213b85ca13bb78380df68a73fa1ceb164b84c647a6,2023-24,9,Benji,8,Kawhi Leonard,kawhileonard,opening,1,16,3,keeper,Kawhi Leonard,A38,B38,C38,
59a6a80ce913c1ee51e35c213b85ca13bb78380df68a73fa1ceb164b84c647a6,2023-24,9,Benji,8,Darius Garland,dariusgarland,opening,2,12,4,keeper,Darius Garland,A39,B39,C39,
59a6a80ce913c1ee51e35c213b85ca13bb78380df68a73fa1ceb164b84c647a6,2023-24,9,Brent,10,Evan Mobley,evanmobley,opening,1,24,3,keeper,Evan Mobley,A40,B40,C40,
59a6a80ce913c1ee51e35c213b85ca13bb78380df68a73fa1ceb164b84c647a6,2023-24,9,Brent,10,Tyrese Haliburton,tyresehaliburton,opening,2,12,4,keeper,Tyrese Haliburton,A41,B41,C41,
59a6a80ce913c1ee51e35c213b85ca13bb78380df68a73fa1ceb164b84c647a6,2023-24,9,Darren,9,Tyrese Maxey,tyresemaxey,opening,1,23,2,keeper,Tyese Maxey,A40,B40,C40,
59a6a80ce913c1ee51e35c213b85ca13bb78380df68a73fa1ceb164b84c647a6,2023-24,9,Darren,9,Walker Kessler,walkerkessler,opening,2,3,2,keeper,Walker Kessler,A41,B41,C41,
59a6a80ce913c1ee51e35c213b85ca13bb78380df68a73fa1ceb164b84c647a6,2023-24,9,Graham,14,Shai Gilgeous-Alexander,shaigilgeousalexander,opening,1,31,2,keeper,Shai Gilgeous-Alexander,A39,B39,C39,
59a6a80ce913c1ee51e35c213b85ca13bb78380df68a73fa1ceb164b84c647a6,2023-24,9,Graham,14,Jaylen Brown,jaylenbrown,opening,2,28,4,keeper,Jaylen Brown,A40,B40,C40,
59a6a80ce913c1ee51e35c213b85ca13bb78380df68a73fa1ceb164b84c647a6,2023-24,9,Ian,15,Jamal Murray,jamalmurray,opening,1,15,3,keeper,Jamal Murray,A38,B38,C38,
59a6a80ce913c1ee51e35c213b85ca13bb78380df68a73fa1ceb164b84c647a6,2023-24,9,Ian,15,Chet Holmgren,chetholmgren,opening,2,9,2,keeper,Chet Holmgren,A39,B39,C39,
59a6a80ce913c1ee51e35c213b85ca13bb78380df68a73fa1ceb164b84c647a6,2023-24,9,Isaac,3,Jordan Poole,jordanpoole,opening,1,5,3,keeper,Jordan Poole,A38,B38,C38,
59a6a80ce913c1ee51e35c213b85ca13bb78380df68a73fa1ceb164b84c647a6,2023-24,9,Isaac,3,Josh Giddey,joshgiddey,opening,2,4,2,keeper,Josh Giddey,A39,B39,C39,
59a6a80ce913c1ee51e35c213b85ca13bb78380df68a73fa1ceb164b84c647a6,2023-24,9,Jason,1,Luka Doncic,lukadoncic,opening,1,63,6,keeper,Luka Doncic,A39,B39,C39,
59a6a80ce913c1ee51e35c213b85ca13bb78380df68a73fa1ceb164b84c647a6,2023-24,9,Jason,1,Anthony Edwards,anthonyedwards,opening,2,20,4,keeper,Anthony Edwards,A40,B40,C40,
59a6a80ce913c1ee51e35c213b85ca13bb78380df68a73fa1ceb164b84c647a6,2023-24,9,Joe,5,Giannis Antetokounmpo,giannisantetokounmpo,opening,1,38,2,keeper,Giannis Antetokounmpo,A39,B39,C39,
59a6a80ce913c1ee51e35c213b85ca13bb78380df68a73fa1ceb164b84c647a6,2023-24,9,Joe,5,Donovan Mitchell,donovanmitchell,opening,2,28,3,keeper,Donovan Mitchell,A40,B40,C40,
59a6a80ce913c1ee51e35c213b85ca13bb78380df68a73fa1ceb164b84c647a6,2023-24,9,Kerry,12,Jalen Brunson,jalenbrunson,opening,1,28,2,keeper,Jalen Brunson,A40,B40,C40,
59a6a80ce913c1ee51e35c213b85ca13bb78380df68a73fa1ceb164b84c647a6,2023-24,9,Kerry,12,Desmond Bane,desmondbane,opening,2,7,3,keeper,Desmond Bane,A41,B41,C41,
59a6a80ce913c1ee51e35c213b85ca13bb78380df68a73fa1ceb164b84c647a6,2023-24,9,Mark,6,DeMar DeRozan,demarderozan,opening,1,28,3,keeper,DeMar DeRozan,A39,B39,C39,
59a6a80ce913c1ee51e35c213b85ca13bb78380df68a73fa1ceb164b84c647a6,2023-24,9,Mark,6,Nic Claxton,nicclaxton,opening,2,6,2,keeper,Nic Claxton,A40,B40,C40,
59a6a80ce913c1ee51e35c213b85ca13bb78380df68a73fa1ceb164b84c647a6,2023-24,9,Max,2,Mikal Bridges,mikalbridges,opening,1,31,2,keeper,Mikal Bridges,A40,B40,C40,
59a6a80ce913c1ee51e35c213b85ca13bb78380df68a73fa1ceb164b84c647a6,2023-24,9,Max,2,Devin Booker,devinbooker,opening,2,29,3,keeper,Devin Booker,A41,B41,C41,
59a6a80ce913c1ee51e35c213b85ca13bb78380df68a73fa1ceb164b84c647a6,2023-24,9,Peter,4,Domantas Sabonis,domantassabonis,opening,1,39,2,keeper,Domantas Sabonis,A39,B39,C39,
59a6a80ce913c1ee51e35c213b85ca13bb78380df68a73fa1ceb164b84c647a6,2023-24,9,Peter,4,Kevin Durant,kevindurant,opening,2,38,5,keeper,Kevin Durant,A40,B40,C40,
59a6a80ce913c1ee51e35c213b85ca13bb78380df68a73fa1ceb164b84c647a6,2023-24,9,Ron,13,Jayson Tatum,jaysontatum,opening,1,29,3,keeper,Jayson Tatum,A40,B40,C40,
59a6a80ce913c1ee51e35c213b85ca13bb78380df68a73fa1ceb164b84c647a6,2023-24,9,Ron,13,Lauri Markkanen,laurimarkkanen,opening,2,13,2,keeper,Lauri Markkanen,A41,B41,C41,
59a6a80ce913c1ee51e35c213b85ca13bb78380df68a73fa1ceb164b84c647a6,2022-23,8,Alvin,3,LaMelo Ball,lameloball,opening,1,12,3,keeper,LaMelo Ball,A59,B59,C59,
59a6a80ce913c1ee51e35c213b85ca13bb78380df68a73fa1ceb164b84c647a6,2022-23,8,Alvin,3,Giannis Antetokounmpo,giannisantetokounmpo,opening,2,37,2,keeper,Giannis Antetokounmpo,A60,B60,C60,
59a6a80ce913c1ee51e35c213b85ca13bb78380df68a73fa1ceb164b84c647a6,2022-23,8,Arthur,5,Scottie Barnes,scottiebarnes,opening,1,11,2,keeper,Scottie Barnes,A59,B59,C59,
59a6a80ce913c1ee51e35c213b85ca13bb78380df68a73fa1ceb164b84c647a6,2022-23,8,Arthur,5,Josh Giddey,joshgiddey,opening,2,3,2,keeper,Josh Giddey,A60,B60,C60,
59a6a80ce913c1ee51e35c213b85ca13bb78380df68a73fa1ceb164b84c647a6,2022-23,8,Benji,14,Darius Garland,dariusgarland,opening,1,6,3,keeper,Darius Garland,A56,B56,C56,
59a6a80ce913c1ee51e35c213b85ca13bb78380df68a73fa1ceb164b84c647a6,2022-23,8,Benji,14,Kawhi Leonard,kawhileonard,opening,2,13,2,keeper,Kawhi Leonard,A57,B57,C57,
59a6a80ce913c1ee51e35c213b85ca13bb78380df68a73fa1ceb164b84c647a6,2022-23,8,Brent,8,Tyrese Haliburton,tyresehaliburton,opening,1,6,3,keeper,Tyrese Haliburton,A59,B59,C59,
59a6a80ce913c1ee51e35c213b85ca13bb78380df68a73fa1ceb164b84c647a6,2022-23,8,Brent,8,Evan Mobley,evanmobley,opening,2,21,2,keeper,Evan Mobley,A60,B60,C60,
59a6a80ce913c1ee51e35c213b85ca13bb78380df68a73fa1ceb164b84c647a6,2022-23,8,Darren,9,Deandre Ayton,deandreayton,opening,1,35,2,keeper,Deandre Ayton,A59,B59,C59,
59a6a80ce913c1ee51e35c213b85ca13bb78380df68a73fa1ceb164b84c647a6,2022-23,8,Darren,9,Jonas Valanciunas,jonasvalanciunas,opening,2,16,2,keeper,Jonas Valanciunas,A60,B60,C60,
59a6a80ce913c1ee51e35c213b85ca13bb78380df68a73fa1ceb164b84c647a6,2022-23,8,Graham,15,Cade Cunningham,cadecunningham,opening,1,28,2,keeper,Cade Cunningham,A57,B57,C57,
59a6a80ce913c1ee51e35c213b85ca13bb78380df68a73fa1ceb164b84c647a6,2022-23,8,Graham,15,Jaylen Brown,jaylenbrown,opening,2,22,3,keeper,Jaylen Brown,A58,B58,C58,
59a6a80ce913c1ee51e35c213b85ca13bb78380df68a73fa1ceb164b84c647a6,2022-23,8,Ian,11,Zach LaVine,zachlavine,opening,1,38,5,keeper,Zach LaVine,A57,B57,C57,
59a6a80ce913c1ee51e35c213b85ca13bb78380df68a73fa1ceb164b84c647a6,2022-23,8,Ian,11,Jamal Murray,jamalmurray,opening,2,12,2,keeper,Jamal Murray,A58,B58,C58,
59a6a80ce913c1ee51e35c213b85ca13bb78380df68a73fa1ceb164b84c647a6,2022-23,8,Isaac,7,Miles Bridges,milesbridges,opening,1,4,2,keeper,Miles Bridges,A57,B57,C57,
59a6a80ce913c1ee51e35c213b85ca13bb78380df68a73fa1ceb164b84c647a6,2022-23,8,Isaac,7,Jordan Poole,jordanpoole,opening,2,2,2,keeper,Jordan Poole,A58,B58,C58,
59a6a80ce913c1ee51e35c213b85ca13bb78380df68a73fa1ceb164b84c647a6,2022-23,8,Jason,4,Luka Doncic,lukadoncic,opening,1,48,5,keeper,Luka Doncic,A58,B58,C58,
59a6a80ce913c1ee51e35c213b85ca13bb78380df68a73fa1ceb164b84c647a6,2022-23,8,Jason,4,Anthony Edwards,anthonyedwards,opening,2,14,3,keeper,Anthony Edwards,A59,B59,C59,
59a6a80ce913c1ee51e35c213b85ca13bb78380df68a73fa1ceb164b84c647a6,2022-23,8,Joe,10,Dejounte Murray,dejountemurray,opening,1,26,2,keeper,Dejounte Murray,A58,B58,C58,
59a6a80ce913c1ee51e35c213b85ca13bb78380df68a73fa1ceb164b84c647a6,2022-23,8,Joe,10,Donovan Mitchell,donovanmitchell,opening,2,25,2,keeper,Donovan Mitchell,A59,B59,C59,
59a6a80ce913c1ee51e35c213b85ca13bb78380df68a73fa1ceb164b84c647a6,2022-23,8,Kerry,6,Trae Young,traeyoung,opening,1,26,5,keeper,Trae Young,A59,B59,C59,
59a6a80ce913c1ee51e35c213b85ca13bb78380df68a73fa1ceb164b84c647a6,2022-23,8,Kerry,6,Desmond Bane,desmondbane,opening,2,4,2,keeper,Desmond Bane,A60,B60,C60,
59a6a80ce913c1ee51e35c213b85ca13bb78380df68a73fa1ceb164b84c647a6,2022-23,8,Mark,13,Nikola Jokic,nikolajokic,opening,1,72,2,keeper,Nikola Jokic,A58,B58,C58,
59a6a80ce913c1ee51e35c213b85ca13bb78380df68a73fa1ceb164b84c647a6,2022-23,8,Mark,13,DeMar DeRozan,demarderozan,opening,2,25,2,keeper,DeMar DeRozan,A59,B59,C59,
59a6a80ce913c1ee51e35c213b85ca13bb78380df68a73fa1ceb164b84c647a6,2022-23,8,Max,12,Devin Booker,devinbooker,opening,1,26,2,keeper,Devin Booker,A59,B59,C59,
59a6a80ce913c1ee51e35c213b85ca13bb78380df68a73fa1ceb164b84c647a6,2022-23,8,Max,12,Kyle Kuzma,kylekuzma,opening,2,3,2,keeper,Kyle Kuzma,A60,B60,C60,
59a6a80ce913c1ee51e35c213b85ca13bb78380df68a73fa1ceb164b84c647a6,2022-23,8,Peter,1,Kevin Durant,kevindurant,opening,1,28,4,keeper,Kevin Durant,A58,B58,C58,
59a6a80ce913c1ee51e35c213b85ca13bb78380df68a73fa1ceb164b84c647a6,2022-23,8,Peter,1,Ja Morant,jamorant,opening,2,25,2,keeper,Ja Morant,A59,B59,C59,
59a6a80ce913c1ee51e35c213b85ca13bb78380df68a73fa1ceb164b84c647a6,2022-23,8,Ron,2,Pascal Siakam,pascalsiakam,opening,1,26,5,keeper,Pascal Siakam,A59,B59,C59,
59a6a80ce913c1ee51e35c213b85ca13bb78380df68a73fa1ceb164b84c647a6,2022-23,8,Ron,2,Jayson Tatum,jaysontatum,opening,2,26,2,keeper,Jayson Tatum,A60,B60,C60,
59a6a80ce913c1ee51e35c213b85ca13bb78380df68a73fa1ceb164b84c647a6,2021-22,7,Alvin,4,LaMelo Ball,lameloball,opening,1,9,2,keeper,LaMelo Ball,A78,B78,C78,
59a6a80ce913c1ee51e35c213b85ca13bb78380df68a73fa1ceb164b84c647a6,2021-22,7,Alvin,4,Donovan Mitchell,donovanmitchell,opening,2,24,5,keeper,Donovan Mitchell,A79,B79,C79,
59a6a80ce913c1ee51e35c213b85ca13bb78380df68a73fa1ceb164b84c647a6,2021-22,7,Arthur,11,Devin Booker,devinbooker,opening,1,25,2,keeper,Devin Booker,A78,B78,C78,
59a6a80ce913c1ee51e35c213b85ca13bb78380df68a73fa1ceb164b84c647a6,2021-22,7,Arthur,11,Joel Embiid,joelembiid,opening,2,51,6,keeper,Joel Embiid,A79,B79,C79,
59a6a80ce913c1ee51e35c213b85ca13bb78380df68a73fa1ceb164b84c647a6,2021-22,7,Benji,15,Jayson Tatum,jaysontatum,opening,1,25,5,keeper,Jayson Tatum,A74,B74,C74,
59a6a80ce913c1ee51e35c213b85ca13bb78380df68a73fa1ceb164b84c647a6,2021-22,7,Benji,15,Darius Garland,dariusgarland,opening,2,3,2,keeper,Darius Garland,A75,B75,C75,
59a6a80ce913c1ee51e35c213b85ca13bb78380df68a73fa1ceb164b84c647a6,2021-22,7,Brent,14,Zion Williamson,zionwilliamson,opening,1,36,3,keeper,Zion Williamson,A78,B78,C78,
59a6a80ce913c1ee51e35c213b85ca13bb78380df68a73fa1ceb164b84c647a6,2021-22,7,Brent,14,Tyrese Haliburton,tyresehaliburton,opening,2,3,2,keeper,Tyrese Haliburton,A79,B79,C79,
59a6a80ce913c1ee51e35c213b85ca13bb78380df68a73fa1ceb164b84c647a6,2021-22,7,Darren,2,Shai Gilgeous-Alexander,shaigilgeousalexander,opening,1,32,3,keeper,Shai Gilgeous-Alexander,A78,B78,C78,
59a6a80ce913c1ee51e35c213b85ca13bb78380df68a73fa1ceb164b84c647a6,2021-22,7,Darren,2,CJ McCollum,cjmccollum,opening,2,22,2,keeper,CJ McCollum,A79,B79,C79,
59a6a80ce913c1ee51e35c213b85ca13bb78380df68a73fa1ceb164b84c647a6,2021-22,7,Graham,12,Giannis Antetokounmpo,giannisantetokounmpo,opening,1,36,3,keeper,Giannis Antetokounmpo,A76,B76,C76,
59a6a80ce913c1ee51e35c213b85ca13bb78380df68a73fa1ceb164b84c647a6,2021-22,7,Graham,12,Jaylen Brown,jaylenbrown,opening,2,19,2,keeper,Jaylen Brown,A77,B77,C77,
59a6a80ce913c1ee51e35c213b85ca13bb78380df68a73fa1ceb164b84c647a6,2021-22,7,Ian,9,Bam Adebayo,bamadebayo,opening,1,34,3,keeper,Bam Adebayo,A76,B76,C76,
59a6a80ce913c1ee51e35c213b85ca13bb78380df68a73fa1ceb164b84c647a6,2021-22,7,Ian,9,Zach LaVine,zachlavine,opening,2,28,4,keeper,Zach LaVine,A77,B77,C77,
59a6a80ce913c1ee51e35c213b85ca13bb78380df68a73fa1ceb164b84c647a6,2021-22,7,Isaac,3,Jrue Holiday,jrueholiday,opening,1,23,2,keeper,Jrue Holiday,A76,B76,C76,
59a6a80ce913c1ee51e35c213b85ca13bb78380df68a73fa1ceb164b84c647a6,2021-22,7,Isaac,3,Brandon Ingram,brandoningram,opening,2,14,3,keeper,Brandon Ingram,A77,B77,C77,
59a6a80ce913c1ee51e35c213b85ca13bb78380df68a73fa1ceb164b84c647a6,2021-22,7,Jason,13,Luka Doncic,lukadoncic,opening,1,38,4,keeper,Luka Doncic,A77,B77,C77,
59a6a80ce913c1ee51e35c213b85ca13bb78380df68a73fa1ceb164b84c647a6,2021-22,7,Jason,13,Anthony Edwards,anthonyedwards,opening,2,11,2,keeper,Anthony Edwards,A78,B78,C78,
59a6a80ce913c1ee51e35c213b85ca13bb78380df68a73fa1ceb164b84c647a6,2021-22,7,Joe,10,Nikola Vucevic,nikolavucevic,opening,1,38,2,keeper,Nikola Vucevic,A77,B77,C77,
59a6a80ce913c1ee51e35c213b85ca13bb78380df68a73fa1ceb164b84c647a6,2021-22,7,Joe,10,Malik Beasley,malikbeasley,opening,2,2,2,keeper,Malik Beasley,A78,B78,C78,
59a6a80ce913c1ee51e35c213b85ca13bb78380df68a73fa1ceb164b84c647a6,2021-22,7,Kerry,7,Trae Young,traeyoung,opening,1,16,4,keeper,Trae Young,A78,B78,C78,
59a6a80ce913c1ee51e35c213b85ca13bb78380df68a73fa1ceb164b84c647a6,2021-22,7,Kerry,7,Karl-Anthony Towns,karlanthonytowns,opening,2,56,2,keeper,Karl-Anthony Towns,A79,B79,C79,
59a6a80ce913c1ee51e35c213b85ca13bb78380df68a73fa1ceb164b84c647a6,2021-22,7,Mark,8,RJ Barrett,rjbarrett,opening,1,6,2,keeper,RJ Barrett,A77,B77,C77,
59a6a80ce913c1ee51e35c213b85ca13bb78380df68a73fa1ceb164b84c647a6,2021-22,7,Mark,8,Russell Westbrook,russellwestbrook,opening,2,34,2,keeper,Russell Westbrook,A78,B78,C78,
59a6a80ce913c1ee51e35c213b85ca13bb78380df68a73fa1ceb164b84c647a6,2021-22,7,Max,5,De'Aaron Fox,deaaronfox,opening,1,36,6,keeper,De'Aaron Fox,A78,B78,C78,
59a6a80ce913c1ee51e35c213b85ca13bb78380df68a73fa1ceb164b84c647a6,2021-22,7,Max,5,Miles Bridges,milesbridges,opening,2,3,2,keeper,Miles Bridges,A79,B79,C79,
59a6a80ce913c1ee51e35c213b85ca13bb78380df68a73fa1ceb164b84c647a6,2021-22,7,Peter,6,Kevin Durant,kevindurant,opening,1,22,3,keeper,Kevin Durant,A77,B77,C77,
59a6a80ce913c1ee51e35c213b85ca13bb78380df68a73fa1ceb164b84c647a6,2021-22,7,Peter,6,OG Anunoby,oganunoby,opening,2,20,2,keeper,OG Anunoby,A78,B78,C78,
59a6a80ce913c1ee51e35c213b85ca13bb78380df68a73fa1ceb164b84c647a6,2021-22,7,Ron,1,Fred VanVleet,fredvanvleet,opening,1,30,2,keeper,Fred VanVleet,A78,B78,C78,
59a6a80ce913c1ee51e35c213b85ca13bb78380df68a73fa1ceb164b84c647a6,2021-22,7,Ron,1,Pascal Siakam,pascalsiakam,opening,2,16,4,keeper,Pascal Siakam,A79,B79,C79,
59a6a80ce913c1ee51e35c213b85ca13bb78380df68a73fa1ceb164b84c647a6,2020-21,6,Alvin,3,Anthony Davis,anthonydavis,opening,1,59,2,keeper,Anthony Davis,A98,B98,C98,
59a6a80ce913c1ee51e35c213b85ca13bb78380df68a73fa1ceb164b84c647a6,2020-21,6,Alvin,3,Donovan Mitchell,donovanmitchell,opening,2,14,4,keeper,Donovan Mitchell,A99,B99,C99,
59a6a80ce913c1ee51e35c213b85ca13bb78380df68a73fa1ceb164b84c647a6,2020-21,6,Arthur,5,Damian Lillard,damianlillard,opening,1,48,2,keeper,Damian Lillard,A98,B98,C98,
59a6a80ce913c1ee51e35c213b85ca13bb78380df68a73fa1ceb164b84c647a6,2020-21,6,Arthur,5,Joel Embiid,joelembiid,opening,2,36,5,keeper,Joel Embiid,A99,B99,C99,
59a6a80ce913c1ee51e35c213b85ca13bb78380df68a73fa1ceb164b84c647a6,2020-21,6,Benji,11,Russell Westbrook,russellwestbrook,opening,1,33,2,keeper,Russell Westbrook,A93,B93,C93,
59a6a80ce913c1ee51e35c213b85ca13bb78380df68a73fa1ceb164b84c647a6,2020-21,6,Benji,11,Jayson Tatum,jaysontatum,opening,2,15,4,keeper,Jayson Tatum,A94,B94,C94,
59a6a80ce913c1ee51e35c213b85ca13bb78380df68a73fa1ceb164b84c647a6,2020-21,6,Brent,9,Kyrie Irving,kyrieirving,opening,1,37,4,keeper,Kyrie Irving,A98,B98,C98,
59a6a80ce913c1ee51e35c213b85ca13bb78380df68a73fa1ceb164b84c647a6,2020-21,6,Brent,9,Zion Williamson,zionwilliamson,opening,2,33,2,keeper,Zion Williamson,A99,B99,C99,
59a6a80ce913c1ee51e35c213b85ca13bb78380df68a73fa1ceb164b84c647a6,2020-21,6,Darren,8,Shai Gilgeous-Alexander,shaigilgeousalexander,opening,1,29,2,keeper,Shai Gilgeous-Alexander,A98,B98,C98,
59a6a80ce913c1ee51e35c213b85ca13bb78380df68a73fa1ceb164b84c647a6,2020-21,6,Darren,8,Kelly Oubre Jr.,kellyoubrejr,opening,2,20,2,keeper,Kelly Oubre Jr.,A99,B99,C99,
59a6a80ce913c1ee51e35c213b85ca13bb78380df68a73fa1ceb164b84c647a6,2020-21,6,Graham,7,Giannis Antetokounmpo,giannisantetokounmpo,opening,1,33,2,keeper,Giannis Antetokounmpo,A96,B96,C96,
59a6a80ce913c1ee51e35c213b85ca13bb78380df68a73fa1ceb164b84c647a6,2020-21,6,Graham,7,Joe Harris,joeharris,opening,2,12,2,keeper,Joe Harris,A97,B97,C97,
59a6a80ce913c1ee51e35c213b85ca13bb78380df68a73fa1ceb164b84c647a6,2020-21,6,Ian,2,Bam Adebayo,bamadebayo,opening,1,31,2,keeper,Bam Adebayo,A96,B96,C96,
59a6a80ce913c1ee51e35c213b85ca13bb78380df68a73fa1ceb164b84c647a6,2020-21,6,Ian,2,Zach LaVine,zachlavine,opening,2,22,3,keeper,Zach LaVine,A97,B97,C97,
59a6a80ce913c1ee51e35c213b85ca13bb78380df68a73fa1ceb164b84c647a6,2020-21,6,Isaac,4,Devin Booker,devinbooker,opening,1,34,5,keeper,Devin Booker,A96,B96,C96,
59a6a80ce913c1ee51e35c213b85ca13bb78380df68a73fa1ceb164b84c647a6,2020-21,6,Isaac,4,Brandon Ingram,brandoningram,opening,2,11,2,keeper,Brandon Ingram,A97,B97,C97,
59a6a80ce913c1ee51e35c213b85ca13bb78380df68a73fa1ceb164b84c647a6,2020-21,6,Jason,1,Deandre Ayton,deandreayton,opening,1,35,3,keeper,Deandre Ayton,A97,B97,C97,
59a6a80ce913c1ee51e35c213b85ca13bb78380df68a73fa1ceb164b84c647a6,2020-21,6,Jason,1,Luka Doncic,lukadoncic,opening,2,32,3,keeper,Luka Doncic,A98,B98,C98,
59a6a80ce913c1ee51e35c213b85ca13bb78380df68a73fa1ceb164b84c647a6,2020-21,6,Joe,13,Ja Morant,jamorant,opening,1,22,2,keeper,Ja Morant,A97,B97,C97,
59a6a80ce913c1ee51e35c213b85ca13bb78380df68a73fa1ceb164b84c647a6,2020-21,6,Joe,13,Dennis Schroder,dennisschroder,opening,2,6,2,keeper,Dennis Schroder,A98,B98,C98,
59a6a80ce913c1ee51e35c213b85ca13bb78380df68a73fa1ceb164b84c647a6,2020-21,6,Kerry,12,John Collins,johncollins,opening,1,21,3,keeper,John Collins,A98,B98,C98,
59a6a80ce913c1ee51e35c213b85ca13bb78380df68a73fa1ceb164b84c647a6,2020-21,6,Kerry,12,Trae Young,traeyoung,opening,2,10,3,keeper,Trae Young,A99,B99,C99,
59a6a80ce913c1ee51e35c213b85ca13bb78380df68a73fa1ceb164b84c647a6,2020-21,6,Mark,10,Ben Simmons,bensimmons,opening,1,31,2,keeper,Ben Simmons,A97,B97,C97,
59a6a80ce913c1ee51e35c213b85ca13bb78380df68a73fa1ceb164b84c647a6,2020-21,6,Mark,10,Jamal Murray,jamalmurray,opening,2,19,2,keeper,Jamal Murray,A98,B98,C98,
59a6a80ce913c1ee51e35c213b85ca13bb78380df68a73fa1ceb164b84c647a6,2020-21,6,Max,14,Kawhi Leonard,kawhileonard,opening,1,54,2,keeper,Kawhi Leonard,A98,B98,C98,
59a6a80ce913c1ee51e35c213b85ca13bb78380df68a73fa1ceb164b84c647a6,2020-21,6,Max,14,De'Aaron Fox,deaaronfox,opening,2,21,5,keeper,De'Aaron Fox,A99,B99,C99,
59a6a80ce913c1ee51e35c213b85ca13bb78380df68a73fa1ceb164b84c647a6,2020-21,6,Peter,6,Nikola Jokic,nikolajokic,opening,1,50,5,keeper,Nikola Jokic,A97,B97,C97,
59a6a80ce913c1ee51e35c213b85ca13bb78380df68a73fa1ceb164b84c647a6,2020-21,6,Peter,6,Kevin Durant,kevindurant,opening,2,19,2,keeper,Kevin Durant,A98,B98,C98,
59a6a80ce913c1ee51e35c213b85ca13bb78380df68a73fa1ceb164b84c647a6,2020-21,6,Ron,15,Karl-Anthony Towns,karlanthonytowns,opening,1,55,6,keeper,Karl-Anthony Towns,A98,B98,C98,
59a6a80ce913c1ee51e35c213b85ca13bb78380df68a73fa1ceb164b84c647a6,2020-21,6,Ron,15,Pascal Siakam,pascalsiakam,opening,2,10,3,keeper,Pascal Siakam,A99,B99,C99,
59a6a80ce913c1ee51e35c213b85ca13bb78380df68a73fa1ceb164b84c647a6,2019-20,5,Alvin,1,Giannis Antetokounmpo,giannisantetokounmpo,opening,1,32,5,keeper,Giannis Antetokounmpo,A118,B118,C118,
59a6a80ce913c1ee51e35c213b85ca13bb78380df68a73fa1ceb164b84c647a6,2019-20,5,Alvin,1,Donovan Mitchell,donovanmitchell,opening,2,8,3,keeper,Donovan Mitchell,A119,B119,C119,
59a6a80ce913c1ee51e35c213b85ca13bb78380df68a73fa1ceb164b84c647a6,2019-20,5,Arthur,4,Joel Embiid,joelembiid,opening,1,26,4,keeper,Joel Embiid,A118,B118,C118,
59a6a80ce913c1ee51e35c213b85ca13bb78380df68a73fa1ceb164b84c647a6,2019-20,5,Arthur,4,Mitchell Robinson,mitchellrobinson,opening,2,4,2,keeper,Mitchell Robinson,A119,B119,C119,
59a6a80ce913c1ee51e35c213b85ca13bb78380df68a73fa1ceb164b84c647a6,2019-20,5,Benji,10,Jayson Tatum,jaysontatum,opening,1,9,3,keeper,Jayson Tatum,A113,B113,C113,
59a6a80ce913c1ee51e35c213b85ca13bb78380df68a73fa1ceb164b84c647a6,2019-20,5,Benji,10,D'Angelo Russell,dangelorussell,opening,2,17,2,keeper,D'Angelo Russell,A114,B114,C114,
59a6a80ce913c1ee51e35c213b85ca13bb78380df68a73fa1ceb164b84c647a6,2019-20,5,Brent,14,Kyrie Irving,kyrieirving,opening,1,31,3,keeper,Kyrie Irving,A118,B118,C118,
59a6a80ce913c1ee51e35c213b85ca13bb78380df68a73fa1ceb164b84c647a6,2019-20,5,Brent,14,Nikola Vucevic,nikolavucevic,opening,2,19,2,keeper,Nikola Vucevic,A119,B119,C119,
59a6a80ce913c1ee51e35c213b85ca13bb78380df68a73fa1ceb164b84c647a6,2019-20,5,Darren,7,Kristaps Porzingis,kristapsporzingis,opening,1,22,5,keeper,Kristaps Porzingis,A118,B118,C118,
59a6a80ce913c1ee51e35c213b85ca13bb78380df68a73fa1ceb164b84c647a6,2019-20,5,Darren,7,Bradley Beal,bradleybeal,opening,2,29,5,keeper,Bradley Beal,A119,B119,C119,
59a6a80ce913c1ee51e35c213b85ca13bb78380df68a73fa1ceb164b84c647a6,2019-20,5,Graham,12,Damian Lillard,damianlillard,opening,1,47,3,keeper,Damian Lillard,A114,B114,C114,
59a6a80ce913c1ee51e35c213b85ca13bb78380df68a73fa1ceb164b84c647a6,2019-20,5,Graham,12,Anthony Davis,anthonydavis,opening,2,58,2,keeper,Anthony Davis,A115,B115,C115,
59a6a80ce913c1ee51e35c213b85ca13bb78380df68a73fa1ceb164b84c647a6,2019-20,5,Ian,13,Julius Randle,juliusrandle,opening,1,19,3,keeper,Julius Randle,A116,B116,C116,
59a6a80ce913c1ee51e35c213b85ca13bb78380df68a73fa1ceb164b84c647a6,2019-20,5,Ian,13,Zach LaVine,zachlavine,opening,2,19,2,keeper,Zach LaVine,A117,B117,C117,
59a6a80ce913c1ee51e35c213b85ca13bb78380df68a73fa1ceb164b84c647a6,2019-20,5,Isaac,11,Devin Booker,devinbooker,opening,1,24,4,keeper,Devin Booker,A116,B116,C116,
59a6a80ce913c1ee51e35c213b85ca13bb78380df68a73fa1ceb164b84c647a6,2019-20,5,Isaac,11,Jrue Holiday,jrueholiday,opening,2,20,2,keeper,Jrue Holiday,A117,B117,C117,
59a6a80ce913c1ee51e35c213b85ca13bb78380df68a73fa1ceb164b84c647a6,2019-20,5,Jason,2,Luka Doncic,lukadoncic,opening,1,29,2,keeper,Luka Doncic,A115,B115,C115,
59a6a80ce913c1ee51e35c213b85ca13bb78380df68a73fa1ceb164b84c647a6,2019-20,5,Jason,2,Deandre Ayton,deandreayton,opening,2,32,2,keeper,Deandre Ayton,A116,B116,C116,
59a6a80ce913c1ee51e35c213b85ca13bb78380df68a73fa1ceb164b84c647a6,2019-20,5,Joe,15,Josh Richardson,joshrichardson,opening,1,10,2,keeper,Josh Richardson,A117,B117,C117,
59a6a80ce913c1ee51e35c213b85ca13bb78380df68a73fa1ceb164b84c647a6,2019-20,5,Joe,15,Derrick Favors,derrickfavors,opening,2,10,2,keeper,Derrick Favors,A118,B118,C118,
59a6a80ce913c1ee51e35c213b85ca13bb78380df68a73fa1ceb164b84c647a6,2019-20,5,Kerry,3,John Collins,johncollins,opening,1,18,2,keeper,John Collins,A118,B118,C118,
59a6a80ce913c1ee51e35c213b85ca13bb78380df68a73fa1ceb164b84c647a6,2019-20,5,Kerry,3,Trae Young,traeyoung,opening,2,7,2,keeper,Trae Young,A119,B119,C119,
59a6a80ce913c1ee51e35c213b85ca13bb78380df68a73fa1ceb164b84c647a6,2019-20,5,Mark,9,LeBron James,lebronjames,opening,1,58,3,keeper,LeBron James,A116,B116,C116,
59a6a80ce913c1ee51e35c213b85ca13bb78380df68a73fa1ceb164b84c647a6,2019-20,5,Mark,9,Andre Drummond,andredrummond,opening,2,30,2,keeper,Andre Drummond,A117,B117,C117,
59a6a80ce913c1ee51e35c213b85ca13bb78380df68a73fa1ceb164b84c647a6,2019-20,5,Max,6,De'Aaron Fox,deaaronfox,opening,1,11,3,keeper,De'Aaron Fox,A118,B118,C118,
59a6a80ce913c1ee51e35c213b85ca13bb78380df68a73fa1ceb164b84c647a6,2019-20,5,Max,6,Thaddeus Young,thaddeusyoung,opening,2,8,2,keeper,Thaddeus Young,A119,B119,C119,
59a6a80ce913c1ee51e35c213b85ca13bb78380df68a73fa1ceb164b84c647a6,2019-20,5,Peter,5,Nikola Jokic,nikolajokic,opening,1,40,4,keeper,Nikola Jokic,A117,B117,C117,
59a6a80ce913c1ee51e35c213b85ca13bb78380df68a73fa1ceb164b84c647a6,2019-20,5,Peter,5,Buddy Hield,buddyhield,opening,2,11,2,keeper,Buddy Hield,A118,B118,C118,
59a6a80ce913c1ee51e35c213b85ca13bb78380df68a73fa1ceb164b84c647a6,2019-20,5,Ron,8,Karl-Anthony Towns,karlanthonytowns,opening,1,40,5,keeper,Karl-Anthony Towns,A118,B118,C118,
59a6a80ce913c1ee51e35c213b85ca13bb78380df68a73fa1ceb164b84c647a6,2019-20,5,Ron,8,Pascal Siakam,pascalsiakam,opening,2,7,2,keeper,Pascal Siakam,A119,B119,C119,
59a6a80ce913c1ee51e35c213b85ca13bb78380df68a73fa1ceb164b84c647a6,2018-19,4,Alvin,5,Giannis Antetokounmpo,giannisantetokounmpo,opening,1,22,4,keeper,Giannis Antetokounmpo,A138,B138,C138,
59a6a80ce913c1ee51e35c213b85ca13bb78380df68a73fa1ceb164b84c647a6,2018-19,4,Alvin,5,Donovan Mitchell,donovanmitchell,opening,2,5,2,keeper,Donovan Mitchell,A139,B139,C139,
59a6a80ce913c1ee51e35c213b85ca13bb78380df68a73fa1ceb164b84c647a6,2018-19,4,Arthur,1,Joel Embiid,joelembiid,opening,1,20,3,keeper,Joel Embiid,A138,B138,C138,
59a6a80ce913c1ee51e35c213b85ca13bb78380df68a73fa1ceb164b84c647a6,2018-19,4,Arthur,1,Anthony Davis,anthonydavis,opening,2,57,2,keeper,Anthony Davis,A139,B139,C139,
59a6a80ce913c1ee51e35c213b85ca13bb78380df68a73fa1ceb164b84c647a6,2018-19,4,Benji,13,Jayson Tatum,jaysontatum,opening,1,6,2,keeper,Jayson Tatum,A133,B133,C133,
59a6a80ce913c1ee51e35c213b85ca13bb78380df68a73fa1ceb164b84c647a6,2018-19,4,Benji,13,Josh Richardson,joshrichardson,opening,2,9,2,keeper,Josh Richardson,A134,B134,C134,
59a6a80ce913c1ee51e35c213b85ca13bb78380df68a73fa1ceb164b84c647a6,2018-19,4,Brent,7,Kyrie Irving,kyrieirving,opening,1,28,2,keeper,Kyrie Irving,A138,B138,C138,
59a6a80ce913c1ee51e35c213b85ca13bb78380df68a73fa1ceb164b84c647a6,2018-19,4,Brent,7,Gordon Hayward,gordonhayward,opening,2,19,2,keeper,Gordon Hayward,A139,B139,C139,
59a6a80ce913c1ee51e35c213b85ca13bb78380df68a73fa1ceb164b84c647a6,2018-19,4,Darren,15,Kristaps Porzingis,kristapsporzingis,opening,1,12,4,keeper,Kristaps Porzingis,A138,B138,C138,
59a6a80ce913c1ee51e35c213b85ca13bb78380df68a73fa1ceb164b84c647a6,2018-19,4,Darren,15,Bradley Beal,bradleybeal,opening,2,19,4,keeper,Bradley Beal,A139,B139,C139,
59a6a80ce913c1ee51e35c213b85ca13bb78380df68a73fa1ceb164b84c647a6,2018-19,4,Graham,6,Damian Lillard,damianlillard,opening,1,44,2,keeper,Damian Lillard,A135,B135,C135,
59a6a80ce913c1ee51e35c213b85ca13bb78380df68a73fa1ceb164b84c647a6,2018-19,4,Graham,6,Jrue Holiday,jrueholiday,opening,2,19,2,keeper,Jrue Holiday,A136,B136,C136,
59a6a80ce913c1ee51e35c213b85ca13bb78380df68a73fa1ceb164b84c647a6,2018-19,4,Ian,4,Julius Randle,juliusrandle,opening,1,16,2,keeper,Julius Randle,A137,B137,C137,
59a6a80ce913c1ee51e35c213b85ca13bb78380df68a73fa1ceb164b84c647a6,2018-19,4,Ian,4,Enes Kanter,eneskanter,opening,2,11,2,keeper,Enes Kanter,A138,B138,C138,
59a6a80ce913c1ee51e35c213b85ca13bb78380df68a73fa1ceb164b84c647a6,2018-19,4,Isaac,8,Devin Booker,devinbooker,opening,1,18,3,keeper,Devin Booker,A136,B136,C136,
59a6a80ce913c1ee51e35c213b85ca13bb78380df68a73fa1ceb164b84c647a6,2018-19,4,Isaac,8,Kris Dunn,krisdunn,opening,2,3,2,keeper,Kris Dunn,A137,B137,C137,
59a6a80ce913c1ee51e35c213b85ca13bb78380df68a73fa1ceb164b84c647a6,2018-19,4,Jason,2,James Harden,jamesharden,opening,1,73,2,keeper,James Harden,A135,B135,C135,
59a6a80ce913c1ee51e35c213b85ca13bb78380df68a73fa1ceb164b84c647a6,2018-19,4,Jason,2,Kyle Kuzma,kylekuzma,opening,2,5,2,keeper,Kyle Kuzma,A136,B136,C136,
59a6a80ce913c1ee51e35c213b85ca13bb78380df68a73fa1ceb164b84c647a6,2018-19,4,Joe,11,LaMarcus Aldridge,lamarcusaldridge,opening,1,34,2,keeper,LaMarcus Aldridge,A136,B136,C136,
59a6a80ce913c1ee51e35c213b85ca13bb78380df68a73fa1ceb164b84c647a6,2018-19,4,Joe,11,Wesley Matthews,wesleymatthews,opening,2,4,2,keeper,Wesley Matthews,A137,B137,C137,
59a6a80ce913c1ee51e35c213b85ca13bb78380df68a73fa1ceb164b84c647a6,2018-19,4,Kerry,14,Rudy Gobert,rudygobert,opening,1,27,2,keeper,Rudy Gobert,A137,B137,C137,
59a6a80ce913c1ee51e35c213b85ca13bb78380df68a73fa1ceb164b84c647a6,2018-19,4,Kerry,14,Jaylen Brown,jaylenbrown,opening,2,4,2,keeper,Jaylen Brown,A138,B138,C138,
59a6a80ce913c1ee51e35c213b85ca13bb78380df68a73fa1ceb164b84c647a6,2018-19,4,Mark,9,DeMar DeRozan,demarderozan,opening,1,22,4,keeper,DeMar DeRozan,A137,B137,C137,
59a6a80ce913c1ee51e35c213b85ca13bb78380df68a73fa1ceb164b84c647a6,2018-19,4,Mark,9,LeBron James,lebronjames,opening,2,55,2,keeper,LeBron James,A138,B138,C138,
59a6a80ce913c1ee51e35c213b85ca13bb78380df68a73fa1ceb164b84c647a6,2018-19,4,Max,10,Brandon Ingram,brandoningram,opening,1,13,2,keeper,Brandon Ingram,A138,B138,C138,
59a6a80ce913c1ee51e35c213b85ca13bb78380df68a73fa1ceb164b84c647a6,2018-19,4,Max,10,De'Aaron Fox,deaaronfox,opening,2,8,2,keeper,De'Aaron Fox,A139,B139,C139,
59a6a80ce913c1ee51e35c213b85ca13bb78380df68a73fa1ceb164b84c647a6,2018-19,4,Peter,3,Nikola Jokic,nikolajokic,opening,1,34,3,keeper,Nikola Jokic,A137,B137,C137,
59a6a80ce913c1ee51e35c213b85ca13bb78380df68a73fa1ceb164b84c647a6,2018-19,4,Peter,3,Khris Middleton,khrismiddleton,opening,2,23,2,keeper,Khris Middleton,A138,B138,C138,
59a6a80ce913c1ee51e35c213b85ca13bb78380df68a73fa1ceb164b84c647a6,2018-19,4,Ron,12,Karl-Anthony Towns,karlanthonytowns,opening,1,30,4,keeper,Karl-Anthony Towns,A138,B138,C138,
59a6a80ce913c1ee51e35c213b85ca13bb78380df68a73fa1ceb164b84c647a6,2018-19,4,Ron,12,Victor Oladipo,victoroladipo,opening,2,20,2,keeper,Victor Oladipo,A139,B139,C139,
59a6a80ce913c1ee51e35c213b85ca13bb78380df68a73fa1ceb164b84c647a6,2017-18,3,Alvin,4,Kevin Durant,kevindurant,opening,1,75,3,keeper,Kevin Durant,A159,B159,C159,
59a6a80ce913c1ee51e35c213b85ca13bb78380df68a73fa1ceb164b84c647a6,2017-18,3,Alvin,4,Giannis Antetokounmpo,giannisantetokounmpo,opening,2,16,3,keeper,Giannis Antetokounmpo,A160,B160,C160,
59a6a80ce913c1ee51e35c213b85ca13bb78380df68a73fa1ceb164b84c647a6,2017-18,3,Arthur,12,Joel Embiid,joelembiid,opening,1,17,2,keeper,Joel Embiid,A159,B159,C159,
59a6a80ce913c1ee51e35c213b85ca13bb78380df68a73fa1ceb164b84c647a6,2017-18,3,Arthur,12,CJ McCollum,cjmccollum,opening,2,15,2,keeper,CJ McCollum,A160,B160,C160,
59a6a80ce913c1ee51e35c213b85ca13bb78380df68a73fa1ceb164b84c647a6,2017-18,3,Benji,5,Myles Turner,mylesturner,opening,1,22,2,keeper,Myles Turner,A154,B154,C154,
59a6a80ce913c1ee51e35c213b85ca13bb78380df68a73fa1ceb164b84c647a6,2017-18,3,Benji,5,Kyle Lowry,kylelowry,opening,2,38,2,keeper,Kyle Lowry,A155,B155,C155,
59a6a80ce913c1ee51e35c213b85ca13bb78380df68a73fa1ceb164b84c647a6,2017-18,3,Brent,9,Rudy Gobert,rudygobert,opening,1,26,2,keeper,Rudy Gobert,A159,B159,C159,
59a6a80ce913c1ee51e35c213b85ca13bb78380df68a73fa1ceb164b84c647a6,2017-18,3,Brent,9,Draymond Green,draymondgreen,opening,2,37,3,keeper,Draymond Green,A160,B160,C160,
59a6a80ce913c1ee51e35c213b85ca13bb78380df68a73fa1ceb164b84c647a6,2017-18,3,Darren,6,Kristaps Porzingis,kristapsporzingis,opening,1,6,3,keeper,Kristap Porzingis,A159,B159,C159,
59a6a80ce913c1ee51e35c213b85ca13bb78380df68a73fa1ceb164b84c647a6,2017-18,3,Darren,6,Bradley Beal,bradleybeal,opening,2,14,3,keeper,Bradley Beal,A160,B160,C160,
59a6a80ce913c1ee51e35c213b85ca13bb78380df68a73fa1ceb164b84c647a6,2017-18,3,Graham,2,Hassan Whiteside,hassanwhiteside,opening,1,27,3,keeper,Hassan Whiteside,A156,B156,C156,
59a6a80ce913c1ee51e35c213b85ca13bb78380df68a73fa1ceb164b84c647a6,2017-18,3,Graham,2,Maurice Harkless,mauriceharkless,opening,2,2,2,keeper,Maurice Harkless,A157,B157,C157,
59a6a80ce913c1ee51e35c213b85ca13bb78380df68a73fa1ceb164b84c647a6,2017-18,3,Ian,11,Cory Joseph,coryjoseph,opening,1,2,2,keeper,Cory Joseph,A159,B159,C159,
59a6a80ce913c1ee51e35c213b85ca13bb78380df68a73fa1ceb164b84c647a6,2017-18,3,Ian,11,Ed Davis,eddavis,opening,2,2,2,keeper,Ed Davis,A160,B160,C160,
59a6a80ce913c1ee51e35c213b85ca13bb78380df68a73fa1ceb164b84c647a6,2017-18,3,Isaac,7,Devin Booker,devinbooker,opening,1,15,2,keeper,Devin Booker,A158,B158,C158,
59a6a80ce913c1ee51e35c213b85ca13bb78380df68a73fa1ceb164b84c647a6,2017-18,3,Isaac,7,Kyrie Irving,kyrieirving,opening,2,27,2,keeper,Kyrie Irving,A159,B159,C159,
59a6a80ce913c1ee51e35c213b85ca13bb78380df68a73fa1ceb164b84c647a6,2017-18,3,Jason,8,Gordon Hayward,gordonhayward,opening,1,18,2,keeper,Gordon Hayward,A157,B157,C157,
59a6a80ce913c1ee51e35c213b85ca13bb78380df68a73fa1ceb164b84c647a6,2017-18,3,Jason,8,Kevin Love,kevinlove,opening,2,27,2,keeper,Kevin Love,A158,B158,C158,
59a6a80ce913c1ee51e35c213b85ca13bb78380df68a73fa1ceb164b84c647a6,2017-18,3,Joe,15,Andrew Wiggins,andrewwiggins,opening,1,23,3,keeper,Andrew Wiggins,A155,B155,C155,
59a6a80ce913c1ee51e35c213b85ca13bb78380df68a73fa1ceb164b84c647a6,2017-18,3,Joe,15,Kenneth Faried,kennethfaried,opening,2,9,2,keeper,Kenneth Faried,A156,B156,C156,
59a6a80ce913c1ee51e35c213b85ca13bb78380df68a73fa1ceb164b84c647a6,2017-18,3,Kerry,13,Russell Westbrook,russellwestbrook,opening,1,62,2,keeper,Russell Westbrook,A156,B156,C156,
59a6a80ce913c1ee51e35c213b85ca13bb78380df68a73fa1ceb164b84c647a6,2017-18,3,Kerry,13,John Wall,johnwall,opening,2,40,2,keeper,John Wall,A157,B157,C157,
59a6a80ce913c1ee51e35c213b85ca13bb78380df68a73fa1ceb164b84c647a6,2017-18,3,Mark,3,DeMar DeRozan,demarderozan,opening,1,16,3,keeper,DeMar DeRozan,A158,B158,C158,
59a6a80ce913c1ee51e35c213b85ca13bb78380df68a73fa1ceb164b84c647a6,2017-18,3,Mark,3,DeMarcus Cousins,demarcuscousins,opening,2,46,2,keeper,DeMarcus Cousins,A159,B159,C159,
59a6a80ce913c1ee51e35c213b85ca13bb78380df68a73fa1ceb164b84c647a6,2017-18,3,Max,14,Anthony Davis,anthonydavis,opening,1,56,2,keeper,Anthony Davis,A159,B159,C159,
59a6a80ce913c1ee51e35c213b85ca13bb78380df68a73fa1ceb164b84c647a6,2017-18,3,Max,14,Brook Lopez,brooklopez,opening,2,28,2,keeper,Brook Lopez,A160,B160,C160,
59a6a80ce913c1ee51e35c213b85ca13bb78380df68a73fa1ceb164b84c647a6,2017-18,3,Peter,10,Nikola Jokic,nikolajokic,opening,1,31,2,keeper,Nikola Jokic,A158,B158,C158,
59a6a80ce913c1ee51e35c213b85ca13bb78380df68a73fa1ceb164b84c647a6,2017-18,3,Peter,10,Kemba Walker,kembawalker,opening,2,17,3,keeper,Kemba Walker,A159,B159,C159,
59a6a80ce913c1ee51e35c213b85ca13bb78380df68a73fa1ceb164b84c647a6,2017-18,3,Ron,1,Karl-Anthony Towns,karlanthonytowns,opening,1,24,3,keeper,Karl Anthony-Towns,A160,B160,C160,
59a6a80ce913c1ee51e35c213b85ca13bb78380df68a73fa1ceb164b84c647a6,2017-18,3,Ron,1,D'Angelo Russell,dangelorussell,opening,2,16,2,keeper,D'Angelo Russell,A161,B161,C161,
59a6a80ce913c1ee51e35c213b85ca13bb78380df68a73fa1ceb164b84c647a6,2016-17,2,Alvin,1,Kevin Durant,kevindurant,opening,1,72,2,keeper,Kevin Durant,A178,B178,C178,
59a6a80ce913c1ee51e35c213b85ca13bb78380df68a73fa1ceb164b84c647a6,2016-17,2,Alvin,1,Giannis Antetokounmpo,giannisantetokounmpo,opening,2,13,2,keeper,Giannis Antetokounmpo,A179,B179,C179,
59a6a80ce913c1ee51e35c213b85ca13bb78380df68a73fa1ceb164b84c647a6,2016-17,2,Arthur,11,Brook Lopez,brooklopez,opening,1,27,2,keeper,Brook Lopez,A179,B179,C179,
59a6a80ce913c1ee51e35c213b85ca13bb78380df68a73fa1ceb164b84c647a6,2016-17,2,Arthur,11,Chris Paul,chrispaul,opening,2,63,2,keeper,Chris Paul,A180,B180,C180,
59a6a80ce913c1ee51e35c213b85ca13bb78380df68a73fa1ceb164b84c647a6,2016-17,2,Benji,7,Stephen Curry,stephencurry,opening,1,87,2,keeper,Stephen Curry,A173,B173,C173,
59a6a80ce913c1ee51e35c213b85ca13bb78380df68a73fa1ceb164b84c647a6,2016-17,2,Benji,7,LeBron James,lebronjames,opening,2,66,2,keeper,LeBron James,A174,B174,C174,
59a6a80ce913c1ee51e35c213b85ca13bb78380df68a73fa1ceb164b84c647a6,2016-17,2,Brent,8,Paul Millsap,paulmillsap,opening,1,45,2,keeper,Paul Millsap,A177,B177,C177,
59a6a80ce913c1ee51e35c213b85ca13bb78380df68a73fa1ceb164b84c647a6,2016-17,2,Brent,8,Draymond Green,draymondgreen,opening,2,34,2,keeper,Draymond Green,A178,B178,C178,
59a6a80ce913c1ee51e35c213b85ca13bb78380df68a73fa1ceb164b84c647a6,2016-17,2,Darren,4,Kristaps Porzingis,kristapsporzingis,opening,1,3,2,keeper,Kristaps Porzingis,A178,B178,C178,
59a6a80ce913c1ee51e35c213b85ca13bb78380df68a73fa1ceb164b84c647a6,2016-17,2,Darren,4,Goran Dragic,gorandragic,opening,2,19,2,keeper,Goran Dragic,A179,B179,C179,
59a6a80ce913c1ee51e35c213b85ca13bb78380df68a73fa1ceb164b84c647a6,2016-17,2,Graham,9,Hassan Whiteside,hassanwhiteside,opening,1,24,2,keeper,Hassan Whiteside,A176,B176,C176,
59a6a80ce913c1ee51e35c213b85ca13bb78380df68a73fa1ceb164b84c647a6,2016-17,2,Graham,9,Pau Gasol,paugasol,opening,2,27,2,keeper,Pau Gasol,A177,B177,C177,
59a6a80ce913c1ee51e35c213b85ca13bb78380df68a73fa1ceb164b84c647a6,2016-17,2,Ian,14,Isaiah Thomas,isaiahthomas,opening,1,18,2,keeper,Isaiah Thomas,A179,B179,C179,
59a6a80ce913c1ee51e35c213b85ca13bb78380df68a73fa1ceb164b84c647a6,2016-17,2,Ian,14,Andre Drummond,andredrummond,opening,2,20,2,keeper,Andre Drummond,A180,B180,C180,
59a6a80ce913c1ee51e35c213b85ca13bb78380df68a73fa1ceb164b84c647a6,2016-17,2,Isaac,12,Paul George,paulgeorge,opening,1,42,2,keeper,Paul George,A179,B179,C179,
59a6a80ce913c1ee51e35c213b85ca13bb78380df68a73fa1ceb164b84c647a6,2016-17,2,Isaac,12,Russell Westbrook,russellwestbrook,opening,2,61,2,keeper,Russell Westbrook,A180,B180,C180,
59a6a80ce913c1ee51e35c213b85ca13bb78380df68a73fa1ceb164b84c647a6,2016-17,2,Jason,15,Tobias Harris,tobiasharris,opening,1,19,2,keeper,Tobias Harris,A178,B178,C178,
59a6a80ce913c1ee51e35c213b85ca13bb78380df68a73fa1ceb164b84c647a6,2016-17,2,Jason,15,Nikola Vucevic,nikolavucevic,opening,2,43,2,keeper,Nikola Vucevic,A179,B179,C179,
59a6a80ce913c1ee51e35c213b85ca13bb78380df68a73fa1ceb164b84c647a6,2016-17,2,Joe,13,Derrick Rose,derrickrose,opening,1,11,2,keeper,Derrick Rose,A172,B172,C172,
59a6a80ce913c1ee51e35c213b85ca13bb78380df68a73fa1ceb164b84c647a6,2016-17,2,Joe,13,Andrew Wiggins,andrewwiggins,opening,2,20,2,keeper,Andrew Wiggins,A173,B173,C173,
59a6a80ce913c1ee51e35c213b85ca13bb78380df68a73fa1ceb164b84c647a6,2016-17,2,Kerry,2,Kawhi Leonard,kawhileonard,opening,1,53,2,keeper,Kawhi Leonard,A175,B175,C175,
59a6a80ce913c1ee51e35c213b85ca13bb78380df68a73fa1ceb164b84c647a6,2016-17,2,Kerry,2,Kyrie Irving,kyrieirving,opening,2,27,2,keeper,Kyrie Irving,A176,B176,C176,
59a6a80ce913c1ee51e35c213b85ca13bb78380df68a73fa1ceb164b84c647a6,2016-17,2,Mark,10,Jimmy Butler,jimmybutler,opening,1,48,2,keeper,Jimmy Butler,A179,B179,C179,
59a6a80ce913c1ee51e35c213b85ca13bb78380df68a73fa1ceb164b84c647a6,2016-17,2,Mark,10,DeMar DeRozan,demarderozan,opening,2,13,2,keeper,DeMar DeRozan,A180,B180,C180,
59a6a80ce913c1ee51e35c213b85ca13bb78380df68a73fa1ceb164b84c647a6,2016-17,2,Max,11,CJ McCollum,cjmccollum,opening,1,14,2,keeper,CJ McCollum,A178,B178,C178,
59a6a80ce913c1ee51e35c213b85ca13bb78380df68a73fa1ceb164b84c647a6,2016-17,2,Max,11,Jabari Parker,jabariparker,opening,2,8,2,keeper,Jabari Parker,A179,B179,C179,
59a6a80ce913c1ee51e35c213b85ca13bb78380df68a73fa1ceb164b84c647a6,2016-17,2,Peter,3,Blake Griffin,blakegriffin,opening,1,37,2,keeper,Blake Griffin,A178,B178,C178,
59a6a80ce913c1ee51e35c213b85ca13bb78380df68a73fa1ceb164b84c647a6,2016-17,2,Peter,3,Kemba Walker,kembawalker,opening,2,14,2,keeper,Kemba Walker,A179,B179,C179,
59a6a80ce913c1ee51e35c213b85ca13bb78380df68a73fa1ceb164b84c647a6,2016-17,2,Ron,6,Victor Oladipo,victoroladipo,opening,1,26,2,keeper,Victor Oladipo,A180,B180,C180,
59a6a80ce913c1ee51e35c213b85ca13bb78380df68a73fa1ceb164b84c647a6,2016-17,2,Ron,6,Karl-Anthony Towns,karlanthonytowns,opening,2,21,2,keeper,Karl-Anthony Towns,A181,B181,C181,
