raw_name,display_name,player_id,resolution_method
AJ Griffin,AJ Griffin,ajgriffin,normalized_name
Aaron Gordon,Aaron Gordon,aarongordon,normalized_name
Aaron Gordon ,Aaron Gordon,aarongordon,normalized_name
Aaron Nesmith,Aaron Nesmith,aaronnesmith,normalized_name
Aaron Wiggins,Aaron Wiggins,aaronwiggins,normalized_name
Ace Bailey,Ace Bailey,acebailey,normalized_name
Adem Bona,Adem Bona,adembona,normalized_name
Al Horford,Al Horford,alhorford,normalized_name
Al Jefferson,Al Jefferson,aljefferson,normalized_name
Al-Farouq Aminu,Al-Farouq Aminu,alfarouqaminu,normalized_name
Alec Burks,Alec Burks,alecburks,normalized_name
Aleksej Pokusevski,Aleksej Pokusevski,aleksejpokusevski,normalized_name
Alex Caruso,Alex Caruso,alexcaruso,normalized_name
Alex Len,Alex Len,alexlen,normalized_name
Alex Sarr,Alex Sarr,alexsarr,normalized_name
Allen Crabbe,Allen Crabbe,allencrabbe,normalized_name
Allonzo Trier,Allonzo Trier,allonzotrier,normalized_name
Alperen Sengun,Alperen Sengun,alperensengun,normalized_name
Alperen Sengun ,Alperen Sengun,alperensengun,normalized_name
Amen Thompson,Amen Thompson,amenthompson,normalized_name
Amir Coffey,Amir Coffey,amircoffey,normalized_name
Amir Johnson,Amir Johnson,amirjohnson,normalized_name
Anderson Varejao,Anderson Varejao,andersonvarejao,normalized_name
Andre Drummond,Andre Drummond,andredrummond,normalized_name
Andre Iguodala,Andre Iguodala,andreiguodala,normalized_name
Andre Roberson,Andre Roberson,andreroberson,normalized_name
Andrea Bargnani,Andrea Bargnani,andreabargnani,normalized_name
Andrew Bogut,Andrew Bogut,andrewbogut,normalized_name
Andrew Nembhard,Andrew Nembhard,andrewnembhard,normalized_name
Andrew Wiggins,Andrew Wiggins,andrewwiggins,normalized_name
Anfernee Simons,Anfernee Simons,anferneesimons,normalized_name
Anthony Black,Anthony Black,anthonyblack,normalized_name
Anthony Davis,Anthony Davis,anthonydavis,normalized_name
Anthony Edwards,Anthony Edwards,anthonyedwards,normalized_name
Anthony Lamb,Anthony Lamb,anthonylamb,normalized_name
Anthony Morrow,Anthony Morrow,anthonymorrow,normalized_name
Aron Baynes,Aron Baynes,aronbaynes,normalized_name
Arron Afflalo,Arron Afflalo,arronafflalo,normalized_name
Ausar Thompson,Ausar Thompson,ausarthompson,normalized_name
Austin Reaves,Austin Reaves,austinreaves,normalized_name
Austin Rivers,Austin Rivers,austinrivers,normalized_name
Avery Bradley,Avery Bradley,averybradley,normalized_name
Ayo Dosunmu,Ayo Dosunmu,ayodosunmu,normalized_name
Bam Adebayo,Bam Adebayo,bamadebayo,normalized_name
Ben McLemore,Ben McLemore,benmclemore,normalized_name
Ben Simmons,Ben Simmons,bensimmons,normalized_name
Bennedict Mathurin,Bennedict Mathurin,bennedictmathurin,normalized_name
Beno Udrih,Beno Udrih,benoudrih,normalized_name
Bilal Coulibaly,Bilal Coulibaly,bilalcoulibaly,normalized_name
Bismack Biyombo,Bismack Biyombo,bismackbiyombo,normalized_name
Blake Griffin,Blake Griffin,blakegriffin,normalized_name
Boban Marjanovic,Boban Marjanovic,bobanmarjanovic,normalized_name
Bobby Portis,Bobby Portis,bobbyportis,normalized_name
Bogdan Bogdanovic,Bogdan Bogdanovic,bogdanbogdanovic,normalized_name
Bogdon Bogdanovic,Bogdan Bogdanovic,bogdanbogdanovic,curated_workbook_variant
Bojan Bogdanovic,Bojan Bogdanovic,bojanbogdanovic,normalized_name
Bones Hyland,Bones Hyland,boneshyland,normalized_name
Boris Diaw,Boris Diaw,borisdiaw,normalized_name
Bradley Beal,Bradley Beal,bradleybeal,normalized_name
Brandan Wright,Brandan Wright,brandanwright,normalized_name
Brandin Podziemski,Brandin Podziemski,brandinpodziemski,normalized_name
Brandon Bass,Brandon Bass,brandonbass,normalized_name
Brandon Clarke,Brandon Clarke,brandonclarke,normalized_name
Brandon Ingram,Brandon Ingram,brandoningram,normalized_name
Brandon Jennings,Brandon Jennings,brandonjennings,normalized_name
Brandon Knight,Brandon Knight,brandonknight,normalized_name
Brandon Miller,Brandon Miller,brandonmiller,normalized_name
Brice Sensabaugh,Brice Sensabaugh,bricesensabaugh,normalized_name
Brook Lopez,Brook Lopez,brooklopez,normalized_name
Bruce Brown,Bruce Brown,brucebrown,normalized_name
Bruno Caboclo,Bruno Caboclo,brunocaboclo,normalized_name
Bryn Forbes,Bryn Forbes,brynforbes,normalized_name
Bub Carrington,Bub Carrington,bubcarrington,normalized_name
Buddy Hield,Buddy Hield,buddyhield,normalized_name
C. J. McCollum,CJ McCollum,cjmccollum,normalized_name
CJ McCollum,CJ McCollum,cjmccollum,normalized_name
CJ Miles,CJ Miles,cjmiles,normalized_name
Cade Cunningham,Cade Cunningham,cadecunningham,normalized_name
Caleb Love,Caleb Love,caleblove,normalized_name
Caleb Martin,Caleb Martin,calebmartin,normalized_name
Caleb Swanigan,Caleb Swanigan,calebswanigan,normalized_name
Cam Reddish,Cam Reddish,camreddish,normalized_name
Cam Spencer,Cam Spencer,camspencer,normalized_name
Cam Thomas,Cam Thomas,camthomas,normalized_name
Cameron Thomas,Cam Thomas,camthomas,curated_workbook_variant
Cam Whitmore,Cam Whitmore,camwhitmore,normalized_name
Cameron Johnson,Cameron Johnson,cameronjohnson,normalized_name
Cameron Payne,Cameron Payne,cameronpayne,normalized_name
Caris LeVert,Caris LeVert,carislevert,normalized_name
Carmelo Anthony,Carmelo Anthony,carmeloanthony,normalized_name
Carsen Edwards,Carsen Edwards,carsenedwards,normalized_name
Cason Wallace,Cason Wallace,casonwallace,normalized_name
Cedi Osman,Cedi Osman,cediosman,normalized_name
Chandler Parson,Chandler Parsons,chandlerparsons,curated_workbook_variant
Chandler Parsons,Chandler Parsons,chandlerparsons,normalized_name
Channing Frye,Channing Frye,channingfrye,normalized_name
Charles Bassey,Charles Bassey,charlesbassey,normalized_name
Cheick Diallo,Cheick Diallo,cheickdiallo,normalized_name
Chet Holmgren,Chet Holmgren,chetholmgren,normalized_name
Chimezie Metu,Chimezie Metu,chimeziemetu,normalized_name
Chris Bosh,Chris Bosh,chrisbosh,normalized_name
Chris Boucher,Chris Boucher,chrisboucher,normalized_name
Chris Duarte,Chris Duarte,chrisduarte,normalized_name
Chris Paul,Chris Paul,chrispaul,normalized_name
Chris Paul ,Chris Paul,chrispaul,normalized_name
Christian Braun,Christian Braun,christianbraun,normalized_name
Christian Wood,Christian Wood,christianwood,normalized_name
Chuma Okeke,Chuma Okeke,chumaokeke,normalized_name
Clint Capela,Clint Capela,clintcapela,normalized_name
Coby  White,Coby White,cobywhite,normalized_name
Coby White,Coby White,cobywhite,normalized_name
Cody Martin,Cody Martin,codymartin,normalized_name
Cody  Zeller,Cody Zeller,codyzeller,normalized_name
Cody Zeller,Cody Zeller,codyzeller,normalized_name
Cole Anthony,Cole Anthony,coleanthony,normalized_name
Collin Gillespie,Collin Gillespie,collingillespie,normalized_name
Collin Murray-Boyles,Collin Murray-Boyles,collinmurrayboyles,normalized_name
Collin  Sexton,Collin Sexton,collinsexton,normalized_name
Collin Sexton,Collin Sexton,collinsexton,normalized_name
Cooper Flagg,Cooper Flagg,cooperflagg,normalized_name
Corey Brewer,Corey Brewer,coreybrewer,normalized_name
Corey Kispert,Corey Kispert,coreykispert,normalized_name
Cory Joseph,Cory Joseph,coryjoseph,normalized_name
Courtney Lee,Courtney Lee,courtneylee,normalized_name
D'Angelo Russell,D'Angelo Russell,dangelorussell,normalized_name
D.J. Augustin,DJ Augustin,djaugustin,normalized_name
DJ Augustin,DJ Augustin,djaugustin,normalized_name
Dalton Knecht,Dalton Knecht,daltonknecht,normalized_name
Damion Jones,Damian Jones,damianjones,curated_workbook_variant
Damian Lillard,Damian Lillard,damianlillard,normalized_name
Daniel Gafford,Daniel Gafford,danielgafford,normalized_name
Daniel Theis,Daniel Theis,danieltheis,normalized_name
Danilo Gallinari,Danilo Gallinari,danilogallinari,normalized_name
Danny Green,Danny Green,dannygreen,normalized_name
Dante Exum,Dante Exum,danteexum,normalized_name
Danuel House Jr.,Danuel House Jr.,danuelhousejr,normalized_name
Danuel House Jr. ,Danuel House Jr.,danuelhousejr,normalized_name
Dario Saric,Dario Saric,dariosaric,normalized_name
Darius Bazley,Darius Bazley,dariusbazley,normalized_name
Darius Garland,Darius Garland,dariusgarland,normalized_name
Darius Miller,Darius Miller,dariusmiller,normalized_name
Darren Collison,Darren Collison,darrencollison,normalized_name
David Lee,David Lee,davidlee,normalized_name
David Nwaba,David Nwaba,davidnwaba,normalized_name
David West,David West,davidwest,normalized_name
David West ,David West,davidwest,normalized_name
Davion Mitchell,Davion Mitchell,davionmitchell,normalized_name
Davis Bertans,Davis Bertans,davisbertans,normalized_name
Davis Dertans,Davis Bertans,davisbertans,curated_workbook_variant
Day'ron Sharpe,Day'ron Sharpe,dayronsharpe,normalized_name
De'Aaron Fox,De'Aaron Fox,deaaronfox,normalized_name
De'Andre Hunter,De'Andre Hunter,deandrehunter,normalized_name
De'Anthony Melton,De'Anthony Melton,deanthonymelton,normalized_name
DeAndre Jordan,DeAndre Jordan,deandrejordan,normalized_name
Deandre Jordan,DeAndre Jordan,deandrejordan,normalized_name
DeAndre Bembry,DeAndre' Bembry,deandrebembry,normalized_name
DeAndre' Bembry,DeAndre' Bembry,deandrebembry,normalized_name
DeMar DeRozan,DeMar DeRozan,demarderozan,normalized_name
DeMarcus Cousins,DeMarcus Cousins,demarcuscousins,normalized_name
DeMarre Carroll,DeMarre Carroll,demarrecarroll,normalized_name
Deandre Ayton,Deandre Ayton,deandreayton,normalized_name
Dejounte Murray,Dejounte Murray,dejountemurray,normalized_name
Delon Wright,Delon Wright,delonwright,normalized_name
Deni Avdija,Deni Avdija,deniavdija,normalized_name
Dennis Schroder,Dennis Schroder,dennisschroder,normalized_name
Dennis Smith Jr,Dennis Smith Jr.,dennissmithjr,normalized_name
Dennis Smith Jr.,Dennis Smith Jr.,dennissmithjr,normalized_name
Denzel Valentine,Denzel Valentine,denzelvalentine,normalized_name
Dereck Lively II,Dereck Lively II,derecklivelyii,normalized_name
Derik Queen,Derik Queen,derikqueen,normalized_name
Deron Williams,Deron Williams,deronwilliams,normalized_name
Derrick Favors,Derrick Favors,derrickfavors,normalized_name
Derrick Jones Jr.,Derrick Jones Jr.,derrickjonesjr,normalized_name
Derrick Rose,Derrick Rose,derrickrose,normalized_name
Derrick White,Derrick White,derrickwhite,normalized_name
Derrick Williams,Derrick Williams,derrickwilliams,normalized_name
Desmond Bane,Desmond Bane,desmondbane,normalized_name
Devin Booker,Devin Booker,devinbooker,normalized_name
Devin Harris,Devin Harris,devinharris,normalized_name
Devin Vassell,Devin Vassell,devinvassell,normalized_name
Devonte' Graham,Devonte' Graham,devontegraham,normalized_name
DeWayne Dedmon,Dewayne Dedmon,dewaynededmon,normalized_name
Dewayne Dedmon,Dewayne Dedmon,dewaynededmon,normalized_name
Dillon Brooks,Dillon Brooks,dillonbrooks,normalized_name
Dion Waiters,Dion Waiters,dionwaiters,normalized_name
Dirk Nowitzki,Dirk Nowitzki,dirknowitzki,normalized_name
Domantas Sabonis,Domantas Sabonis,domantassabonis,normalized_name
Donatas Motiejunas,Donatas Motiejunas,donatasmotiejunas,normalized_name
Donovan Clingan,Donovan Clingan,donovanclingan,normalized_name
Donovan Mitchell,Donovan Mitchell,donovanmitchell,normalized_name
Donte  DiVincenzo,Donte DiVincenzo,dontedivincenzo,normalized_name
Donte DiVincenzo,Donte DiVincenzo,dontedivincenzo,normalized_name
Dorian Finney Smith,Dorian Finney-Smith,dorianfinneysmith,normalized_name
Dorian Finney-Smith,Dorian Finney-Smith,dorianfinneysmith,normalized_name
Doug McDermott,Doug McDermott,dougmcdermott,normalized_name
Dragan Bender,Dragan Bender,draganbender,normalized_name
Draymond Green,Draymond Green,draymondgreen,normalized_name
Drew Eubanks,Drew Eubanks,dreweubanks,normalized_name
Dru Smith,Dru Smith,drusmith,normalized_name
Duncan Robinson,Duncan Robinson,duncanrobinson,normalized_name
Duop Reath,Duop Reath,duopreath,normalized_name
Dwayne Bacon,Dwayne Bacon,dwaynebacon,normalized_name
Dwight Howard,Dwight Howard,dwighthoward,normalized_name
Dwight Powell,Dwight Powell,dwightpowell,normalized_name
Dwyane Wade,Dwyane Wade,dwyanewade,normalized_name
Dylan Harper,Dylan Harper,dylanharper,normalized_name
Dyson Daniels,Dyson Daniels,dysondaniels,normalized_name
E'Twaun Moore,E'Twaun Moore,etwaunmoore,normalized_name
E'Twuan Moore,E'Twaun Moore,etwaunmoore,curated_workbook_variant
Ed Davis,Ed Davis,eddavis,normalized_name
Egor Demin,Egor Demin,egordemin,normalized_name
Elfrid Payton,Elfrid Payton,elfridpayton,normalized_name
Emmanual Mudiay,Emmanuel Mudiay,emmanuelmudiay,curated_workbook_variant
Emmanuel Mudiay,Emmanuel Mudiay,emmanuelmudiay,normalized_name
Enes Freedom,Enes Kanter,eneskanter,curated_workbook_variant
Enes Kanter,Enes Kanter,eneskanter,normalized_name
Eric Bledsoe,Eric Bledsoe,ericbledsoe,normalized_name
Eric Gordon,Eric Gordon,ericgordon,normalized_name
Eric Paschall,Eric Paschall,ericpaschall,normalized_name
Ersan Ilyasova,Ersan Ilyasova,ersanilyasova,normalized_name
Evan Fourner,Evan Fournier,evanfournier,curated_workbook_variant
Evan Fournier,Evan Fournier,evanfournier,normalized_name
Evan Mobley,Evan Mobley,evanmobley,normalized_name
Evan Turner,Evan Turner,evanturner,normalized_name
Facundo Campazzo,Facundo Campazzo,facundocampazzo,normalized_name
Frank Kaminsky,Frank Kaminsky,frankkaminsky,normalized_name
Frank Ntilikina,Frank Ntilikina,frankntilikina,normalized_name
Franz Wagner,Franz Wagner,franzwagner,normalized_name
Fred VanVleet,Fred VanVleet,fredvanvleet,normalized_name
GG Jackson,GG Jackson,ggjackson,normalized_name
Gabe Vincent,Gabe Vincent,gabevincent,normalized_name
Garrison Mathews,Garrison Mathews,garrisonmathews,normalized_name
Gary Harris,Gary Harris,garyharris,normalized_name
Gary Payton II,Gary Payton II,garypaytonii,normalized_name
Gary Trent Jr,Gary Trent Jr.,garytrentjr,normalized_name
Gary Trent Jr.,Gary Trent Jr.,garytrentjr,normalized_name
George Hill,George Hill,georgehill,normalized_name
George Niang,Georges Niang,georgesniang,curated_workbook_variant
Georges Niang,Georges Niang,georgesniang,normalized_name
Gerald Green,Gerald Green,geraldgreen,normalized_name
Gerald Henderson,Gerald Henderson,geraldhenderson,normalized_name
Giannis Antetokounmpo,Giannis Antetokounmpo,giannisantetokounmpo,normalized_name
Glenn Robinson III,Glenn Robinson III,glennrobinsoniii,normalized_name
Goga Bitadze,Goga Bitadze,gogabitadze,normalized_name
Goran Dragic,Goran Dragic,gorandragic,normalized_name
Gordon Hayward,Gordon Hayward,gordonhayward,normalized_name
Gorgui Dieng,Gorgui Dieng,gorguidieng,normalized_name
Gradey Dick,Gradey Dick,gradeydick,normalized_name
Grant Williams,Grant Williams,grantwilliams,normalized_name
Graydson Allen,Grayson Allen,graysonallen,curated_workbook_variant
Grayson Allen,Grayson Allen,graysonallen,normalized_name
Greg Monroe,Greg Monroe,gregmonroe,normalized_name
Greivis Vasquez,Greivis Vasquez,greivisvasquez,normalized_name
Harrison Barnes,Harrison Barnes,harrisonbarnes,normalized_name
Harry Giles,Harry Giles III,harrygilesiii,curated_workbook_variant
Harry Giles III,Harry Giles III,harrygilesiii,normalized_name
Hassan Whiteside,Hassan Whiteside,hassanwhiteside,normalized_name
Haywood Highsmith,Haywood Highsmith,haywoodhighsmith,normalized_name
Herbert Jones,Herbert Jones,herbertjones,normalized_name
Hollis Thompson,Hollis Thompson,hollisthompson,normalized_name
Ian Mahinmi,Ian Mahinmi,ianmahinmi,normalized_name
Iman Shumpert,Iman Shumpert,imanshumpert,normalized_name
Immanuel Quickley,Immanuel Quickley,immanuelquickley,normalized_name
Isaac Okoro,Isaac Okoro,isaacokoro,normalized_name
Isaiah Canaan,Isaiah Canaan,isaiahcanaan,normalized_name
Isaiah Collier,Isaiah Collier,isaiahcollier,normalized_name
Isaiah Hartenstein,Isaiah Hartenstein,isaiahhartenstein,normalized_name
Isaiah  Jackson,Isaiah Jackson,isaiahjackson,normalized_name
Isaiah Jackson,Isaiah Jackson,isaiahjackson,normalized_name
Isaiah Roby,Isaiah Roby,isaiahroby,normalized_name
Isaiah Stewart,Isaiah Stewart,isaiahstewart,normalized_name
Isaiah Thomas,Isaiah Thomas,isaiahthomas,normalized_name
Ish Smith,Ish Smith,ishsmith,normalized_name
Ivica Zubac,Ivica Zubac,ivicazubac,normalized_name
J. J. Barea,JJ Barea,jjbarea,normalized_name
JJ Barea,JJ Barea,jjbarea,normalized_name
J.J. Redick,JJ Redick,jjredick,normalized_name
JJ Redick,JJ Redick,jjredick,normalized_name
J.R. Smith,JR Smith,jrsmith,normalized_name
JR Smith,JR Smith,jrsmith,normalized_name
Ja Morant,Ja Morant,jamorant,normalized_name
JaMychal Green,JaMychal Green,jamychalgreen,normalized_name
JaVAle McGee,JaVale McGee,javalemcgee,normalized_name
JaVale McGee,JaVale McGee,javalemcgee,normalized_name
JaVale Mcgee,JaVale McGee,javalemcgee,normalized_name
Jabari Parker,Jabari Parker,jabariparker,normalized_name
Jabari Smith  Jr,Jabari Smith Jr.,jabarismithjr,normalized_name
Jabari Smith Jr,Jabari Smith Jr.,jabarismithjr,normalized_name
Jabari Smith Jr.,Jabari Smith Jr.,jabarismithjr,normalized_name
Jabari Walker,Jabari Walker,jabariwalker,normalized_name
Jacob Gilyard,Jacob Gilyard,jacobgilyard,normalized_name
Jaden Hardy,Jaden Hardy,jadenhardy,normalized_name
Jaden Ivey,Jaden Ivey,jadenivey,normalized_name
Jaden McDaniels,Jaden McDaniels,jadenmcdaniels,normalized_name
Jae Crowder,Jae Crowder,jaecrowder,normalized_name
Ja'Seon Tate,Jae'Sean Tate,jaeseantate,curated_workbook_variant
Jae'Sean Tate,Jae'Sean Tate,jaeseantate,normalized_name
Jahil Okafor,Jahlil Okafor,jahlilokafor,curated_workbook_variant
Jahlil Okafor,Jahlil Okafor,jahlilokafor,normalized_name
Jaime Jacquez Jr,Jaime Jaquez Jr,jaimejaquezjr,curated_workbook_variant
Jaime Jaquez Jr,Jaime Jaquez Jr,jaimejaquezjr,normalized_name
Jaime Jaquez Jr.,Jaime Jaquez Jr,jaimejaquezjr,normalized_name
Jake Layman,Jake Layman,jakelayman,normalized_name
Jakob Poeltl,Jakob Poeltl,jakobpoeltl,normalized_name
Jaleb Brunson,Jalen Brunson,jalenbrunson,curated_workbook_variant
Jalen Brunson,Jalen Brunson,jalenbrunson,normalized_name
Jalen Duren,Jalen Duren,jalenduren,normalized_name
Jalen Green,Jalen Green,jalengreen,normalized_name
Jalen Jackson Jr.,Jalen Jackson Jr.,jalenjacksonjr,normalized_name
Jalen Johnson,Jalen Johnson,jalenjohnson,normalized_name
Jalen McDaniels,Jalen McDaniels,jalenmcdaniels,normalized_name
Jalen Smith,Jalen Smith,jalensmith,normalized_name
Jalen Smith ,Jalen Smith,jalensmith,normalized_name
Jalen Suggs,Jalen Suggs,jalensuggs,normalized_name
Jalen Williams,Jalen Williams,jalenwilliams,normalized_name
Jamal Crawford,Jamal Crawford,jamalcrawford,normalized_name
Jamal Murray,Jamal Murray,jamalmurray,normalized_name
Jameer Nelson,Jameer Nelson,jameernelson,normalized_name
James Harden,James Harden,jamesharden,normalized_name
James Johnson,James Johnson,jamesjohnson,normalized_name
James Wiseman,James Wiseman,jameswiseman,normalized_name
Jamison Battle,Jamison Battle,jamisonbattle,normalized_name
Jarace Walker,Jarace Walker,jaracewalker,normalized_name
Jared Dudley,Jared Dudley,jareddudley,normalized_name
Jared McCain,Jared McCain,jaredmccain,normalized_name
Jared Sullinger,Jared Sullinger,jaredsullinger,normalized_name
Jaren Jackson Jr,Jaren Jackson Jr,jarenjacksonjr,normalized_name
Jaren Jackson Jr.,Jaren Jackson Jr,jarenjacksonjr,normalized_name
Jared Vanderbilt,Jarred Vanderbilt,jarredvanderbilt,curated_workbook_variant
Jarred Vanderbilt,Jarred Vanderbilt,jarredvanderbilt,normalized_name
Jarrell Martin,Jarrell Martin,jarrellmartin,normalized_name
Jarrett Allen,Jarrett Allen,jarrettallen,normalized_name
Jarrett Culver,Jarrett Culver,jarrettculver,normalized_name
Jarrett Jack,Jarrett Jack,jarrettjack,normalized_name
Jaxson Hayes,Jaxson Hayes,jaxsonhayes,normalized_name
Jay Huff,Jay Huff,jayhuff,normalized_name
Jaylen Brown,Jaylen Brown,jaylenbrown,normalized_name
Jaylen Wells,Jaylen Wells,jaylenwells,normalized_name
Jaylin Wiliams,Jaylin Williams,jaylinwilliams,curated_workbook_variant
Jayson Tatum,Jayson Tatum,jaysontatum,normalized_name
Jeff Green,Jeff Green,jeffgreen,normalized_name
Jeff Teague,Jeff Teague,jeffteague,normalized_name
Jeff Withey,Jeff Withey,jeffwithey,normalized_name
Jerami Grant,Jerami Grant,jeramigrant,normalized_name
Jeremiah Fears,Jeremiah Fears,jeremiahfears,normalized_name
Jeremy Lamb,Jeremy Lamb,jeremylamb,normalized_name
Jeremy Lin,Jeremy Lin,jeremylin,normalized_name
Jeremy Sochan,Jeremy Sochan,jeremysochan,normalized_name
Jerian Grant,Jerian Grant,jeriangrant,normalized_name
Jerryd Bayless,Jerryd Bayless,jerrydbayless,normalized_name
Jevon Carter,Jevon Carter,jevoncarter,normalized_name
Jimmy Butler,Jimmy Butler,jimmybutler,normalized_name
Jimmy Butler III,Jimmy Butler,jimmybutler,curated_workbook_variant
Joakim Noah,Joakim Noah,joakimnoah,normalized_name
Jock Landale,Jock Landale,jocklandale,normalized_name
Joe Harris,Joe Harris,joeharris,normalized_name
Joe Ingles,Joe Ingles,joeingles,normalized_name
Joe Johnson,Joe Johnson,joejohnson,normalized_name
Joel Embiid,Joel Embiid,joelembiid,normalized_name
Joffrey Lauvergne,Joffrey Lauvergne,joffreylauvergne,normalized_name
John Collins,John Collins,johncollins,normalized_name
John Henson,John Henson,johnhenson,normalized_name
John Konchar,John Konchar,johnkonchar,normalized_name
John Wall,John Wall,johnwall,normalized_name
Jon Leuer,Jon Leuer,jonleuer,normalized_name
Jonas Valanciunas,Jonas Valanciunas,jonasvalanciunas,normalized_name
Jonathan Isaac,Jonathan Isaac,jonathanisaac,normalized_name
Jonanthan Kuminga,Jonathan Kuminga,jonathankuminga,curated_workbook_variant
Jonathan Kuminga,Jonathan Kuminga,jonathankuminga,normalized_name
Jonathon Simmons,Jonathon Simmons,jonathonsimmons,normalized_name
Jordan Bell,Jordan Bell,jordanbell,normalized_name
Jordan Clarkson,Jordan Clarkson,jordanclarkson,normalized_name
Jordan Goodwin,Jordan Goodwin,jordangoodwin,normalized_name
Jordan Hawkins,Jordan Hawkins,jordanhawkins,normalized_name
Jordan Hill,Jordan Hill,jordanhill,normalized_name
Jordan Nwora,Jordan Nwora,jordannwora,normalized_name
Jordan Poole,Jordan Poole,jordanpoole,normalized_name
Jose Alvarado,Jose Alvarado,josealvarado,normalized_name
Jose Calderon,Jose Calderon,josecalderon,normalized_name
Josh Christopher,Josh Christopher,joshchristopher,normalized_name
Josh Giddey,Josh Giddey,joshgiddey,normalized_name
Josh Green,Josh Green,joshgreen,normalized_name
Josh Hart,Josh Hart,joshhart,normalized_name
Josh Jackson,Josh Jackson,joshjackson,normalized_name
Josh Okogie,Josh Okogie,joshokogie,normalized_name
Josh Richardson,Josh Richardson,joshrichardson,normalized_name
Josh Smith,Josh Smith,joshsmith,normalized_name
Jrue Holiday,Jrue Holiday,jrueholiday,normalized_name
Juan Toscano-Anderson,Juan Toscano-Anderson,juantoscanoanderson,normalized_name
Julian Strawther,Julian Strawther,julianstrawther,normalized_name
Julius Randle,Julius Randle,juliusrandle,normalized_name
Justin Holiday,Justin Holiday,justinholiday,normalized_name
Justin Jackson,Justin Jackson,justinjackson,normalized_name
Justice Winslow,Justise Winslow,justisewinslow,curated_workbook_variant
Jusuf Nurkic,Jusuf Nurkic,jusufnurkic,normalized_name
KJ Martin,KJ Martin,kjmartin,normalized_name
KJ McDaniels,KJ McDaniels,kjmcdaniels,normalized_name
Karl Anthony-Towns,Karl-Anthony Towns,karlanthonytowns,normalized_name
Karl-Anthony  Towns,Karl-Anthony Towns,karlanthonytowns,normalized_name
Karl-Anthony Towns,Karl-Anthony Towns,karlanthonytowns,normalized_name
Karlo Matkovic,Karlo Matkovic,karlomatkovic,normalized_name
Kawhi Leonard,Kawhi Leonard,kawhileonard,normalized_name
Keegan Murray,Keegan Murray,keeganmurray,normalized_name
Kel'el Ware,Kel'el Ware,kelelware,normalized_name
Keldon Johnson,Keldon Johnson,keldonjohnson,normalized_name
Kelly Olynyk,Kelly Olynyk,kellyolynyk,normalized_name
Kelly Oubre Jr,Kelly Oubre Jr.,kellyoubrejr,normalized_name
Kelly Oubre Jr.,Kelly Oubre Jr.,kellyoubrejr,normalized_name
Kemba Walker,Kemba Walker,kembawalker,normalized_name
Kendrick Nunn,Kendrick Nunn,kendricknunn,normalized_name
Kenneth Faried,Kenneth Faried,kennethfaried,normalized_name
Kent Bazemore,Kent Bazemore,kentbazemore,normalized_name
Kentavious Caldwell-Pope,Kentavious Caldwell-Pope,kentaviouscaldwellpope,normalized_name
Keon Ellis,Keon Ellis,keonellis,normalized_name
Kevin Durant,Kevin Durant,kevindurant,normalized_name
Kevin Garnett,Kevin Garnett,kevingarnett,normalized_name
Kevin Huerter,Kevin Huerter,kevinhuerter,normalized_name
Kevin Knox,Kevin Knox II,kevinknoxii,curated_workbook_variant
Kevin Knox II,Kevin Knox II,kevinknoxii,normalized_name
Kevin Love,Kevin Love,kevinlove,normalized_name
Kevin Martin,Kevin Martin,kevinmartin,normalized_name
Kevin Porter Jr,Kevin Porter Jr.,kevinporterjr,normalized_name
Kevin Porter Jr.,Kevin Porter Jr.,kevinporterjr,normalized_name
Kevan Looney,Kevon Looney,kevonlooney,curated_workbook_variant
Kevon Looney,Kevon Looney,kevonlooney,normalized_name
Kevon Looney ,Kevon Looney,kevonlooney,normalized_name
Keyonte George,Keyonte George,keyontegeorge,normalized_name
Khaman Maluach,Khaman Maluach,khamanmaluach,normalized_name
Khem Birch,Khem Birch,khembirch,normalized_name
Khris Middleton,Khris Middleton,khrismiddleton,normalized_name
Killian Hayes,Killian Hayes,killianhayes,normalized_name
Klay Thompson,Klay Thompson,klaythompson,normalized_name
Kobe Bryant,Kobe Bryant,kobebryant,normalized_name
Kon Knueppel,Kon Knueppel,konknueppel,normalized_name
Kosta Koufos,Kosta Koufos,kostakoufos,normalized_name
Kris Dunn,Kris Dunn,krisdunn,normalized_name
Kris Humphries,Kris Humphries,krishumphries,normalized_name
Kristap Porzingis,Kristaps Porzingis,kristapsporzingis,curated_workbook_variant
Kristaps Porzingis,Kristaps Porzingis,kristapsporzingis,normalized_name
Ky Bowman,Ky Bowman,kybowman,normalized_name
Kyle Anderson,Kyle Anderson,kyleanderson,normalized_name
Kyle Anderson ,Kyle Anderson,kyleanderson,normalized_name
Kyle Filipowski,Kyle Filipowski,kylefilipowski,normalized_name
Kyle Korver,Kyle Korver,kylekorver,normalized_name
Kyle Kuzma,Kyle Kuzma,kylekuzma,normalized_name
Kyle Lowry,Kyle Lowry,kylelowry,normalized_name
Kyle O'Quinn,Kyle O'Quinn,kyleoquinn,normalized_name
Kyrie Irving,Kyrie Irving,kyrieirving,normalized_name
Kyshawn George,Kyshawn George,kyshawngeorge,normalized_name
LaMarcus Aldridge,LaMarcus Aldridge,lamarcusaldridge,normalized_name
LaMello Ball,LaMelo Ball,lameloball,curated_workbook_variant
LaMelo Ball,LaMelo Ball,lameloball,normalized_name
Lance Stephenson,Lance Stephenson,lancestephenson,normalized_name
Landry Shamet,Landry Shamet,landryshamet,normalized_name
Langston Galloway,Langston Galloway,langstongalloway,normalized_name
Larry Nance,Larry Nance Jr.,larrynancejr,curated_workbook_variant
Larry Nance Jr.,Larry Nance Jr.,larrynancejr,normalized_name
Larry Nance Jr. ,Larry Nance Jr.,larrynancejr,normalized_name
Lauri Markkanen,Lauri Markkanen,laurimarkkanen,normalized_name
LeBron James,LeBron James,lebronjames,normalized_name
Lonzo Ball,Lonzo Ball,lonzoball,normalized_name
Lou Williams,Lou Williams,louwilliams,normalized_name
Luc Richad Mbah a Moute,Luc Mbah a Moute,lucmbahamoute,curated_workbook_variant
Lucas Nogueira,Lucas Nogueira,lucasnogueira,normalized_name
Luguentz Dort,Luguentz Dort,luguentzdort,normalized_name
Luis Scola,Luis Scola,luisscola,normalized_name
Luka Doncic,Luka Doncic,lukadoncic,normalized_name
Luke Kennard,Luke Kennard,lukekennard,normalized_name
Luol Deng,Luol Deng,luoldeng,normalized_name
Malachi Branham,Malachi Branham,malachibranham,normalized_name
Malachi Flynn,Malachi Flynn,malachiflynn,normalized_name
Malcolm Brogdon,Malcolm Brogdon,malcolmbrogdon,normalized_name
Malik Bealsey,Malik Beasley,malikbeasley,curated_workbook_variant
Malik Beasley,Malik Beasley,malikbeasley,normalized_name
Malik Monk,Malik Monk,malikmonk,normalized_name
Manu Ginobili,Manu Ginobili,manuginobili,normalized_name
Marc Gasol,Marc Gasol,marcgasol,normalized_name
Marcin Gortat,Marcin Gortat,marcingortat,normalized_name
Marco Belinelli,Marco Belinelli,marcobelinelli,normalized_name
Marcus Morris,Marcus Morris Sr,marcusmorrissr,curated_workbook_variant
Marcus Morris Sr,Marcus Morris Sr,marcusmorrissr,normalized_name
Marcus Morris Sr.,Marcus Morris Sr,marcusmorrissr,normalized_name
Marcus Smart,Marcus Smart,marcussmart,normalized_name
Mario Chalmers,Mario Chalmers,mariochalmers,normalized_name
Mario Hezonja,Mario Hezonja,mariohezonja,normalized_name
Mark Williams,Mark Williams,markwilliams,normalized_name
Markelle Fultz,Markelle Fultz,markellefultz,normalized_name
Markieff Morris,Markieff Morris,markieffmorris,normalized_name
Marquese Chriss,Marquese Chriss,marquesechriss,normalized_name
Marreese Speights,Marreese Speights,marreesespeights,normalized_name
Marvin Bagley III,Marvin Bagley III,marvinbagleyiii,normalized_name
Marvin Williams,Marvin Williams,marvinwilliams,normalized_name
Mason Plumlee,Mason Plumlee,masonplumlee,normalized_name
Matas Buzelis,Matas Buzelis,matasbuzelis,normalized_name
Matisse Thybulle,Matisse Thybulle,matissethybulle,normalized_name
Matt Barnes,Matt Barnes,mattbarnes,normalized_name
Matthew Dellavedova,Matthew Dellavedova,matthewdellavedova,normalized_name
Maurice Harkless,Maurice Harkless,mauriceharkless,normalized_name
Moe Harkless,Maurice Harkless,mauriceharkless,curated_workbook_variant
Max Christie,Max Christie,maxchristie,normalized_name
Max Strus,Max Strus,maxstrus,normalized_name
Maxi Kleber,Maxi Kleber,maxikleber,normalized_name
Maxime Raynaud,Maxime Raynaud,maximeraynaud,normalized_name
Meyers Leonard,Meyers Leonard,meyersleonard,normalized_name
Michael Carter-Williams,Michael Carter-Williams,michaelcarterwilliams,normalized_name
Michael Carter-Wlliams,Michael Carter-Williams,michaelcarterwilliams,curated_workbook_variant
Michael Kidd-Gilchrist,Michael Kidd-Gilchrist,michaelkiddgilchrist,normalized_name
Michael Porter Jr,Michael Porter Jr.,michaelporterjr,normalized_name
Michael Porter Jr.,Michael Porter Jr.,michaelporterjr,normalized_name
Michael Porter Jr. ,Michael Porter Jr.,michaelporterjr,normalized_name
Mikal Bridges,Mikal Bridges,mikalbridges,normalized_name
Mike Conley,Mike Conley,mikeconley,normalized_name
Miles Bridges,Miles Bridges,milesbridges,normalized_name
Miles McBride,Miles McBride,milesmcbride,normalized_name
Miles Plumlee,Miles Plumlee,milesplumlee,normalized_name
Milos Teodosic,Milos Teodosic,milosteodosic,normalized_name
Mirza Teletovic,Mirza Teletovic,mirzateletovic,normalized_name
Mitchell Robinson,Mitchell Robinson,mitchellrobinson,normalized_name
Mo Bamba,Mo Bamba,mobamba,normalized_name
Mohamed Bamba,Mo Bamba,mobamba,curated_workbook_variant
Mo Williams,Mo Williams,mowilliams,normalized_name
Monta Ellis,Monta Ellis,montaellis,normalized_name
Monte Morris,Monte Morris,montemorris,normalized_name
Montrezl Harrell,Montrezl Harrell,montrezlharrell,normalized_name
Moritz Wagner,Moritz Wagner,moritzwagner,normalized_name
Moses Brown,Moses Brown,mosesbrown,normalized_name
Moses Moody,Moses Moody,mosesmoody,normalized_name
Moussa Diabate,Moussa Diabate,moussadiabate,normalized_name
Myles Turner,Myles Turner,mylesturner,normalized_name
Naji Marshall,Naji Marshall,najimarshall,normalized_name
Nassir Little,Nassir Little,nassirlittle,normalized_name
Naz Reid,Naz Reid,nazreid,normalized_name
Neemias Queta,Neemias Queta,neemiasqueta,normalized_name
Nemanja Bjelica,Nemanja Bjelica,nemanjabjelica,normalized_name
Nene Hilario,Nene Hilario,nenehilario,normalized_name
Nerlens Noel,Nerlens Noel,nerlensnoel,normalized_name
Nic Claxton,Nic Claxton,nicclaxton,normalized_name
Nicolas Claxton,Nic Claxton,nicclaxton,curated_workbook_variant
Nick Richards,Nick Richards,nickrichards,normalized_name
Nick Young,Nick Young,nickyoung,normalized_name
Nickeil Alexander-Walker,Nickeil Alexander-Walker,nickeilalexanderwalker,normalized_name
Nicolas Batum,Nicolas Batum,nicolasbatum,normalized_name
Nik Stauskas,Nik Stauskas,nikstauskas,normalized_name
Nikola Jokic,Nikola Jokic,nikolajokic,normalized_name
Nikola Jovic,Nikola Jovic,nikolajovic,normalized_name
Nikola Mirotic,Nikola Mirotic,nikolamirotic,normalized_name
Nikola Pekovic,Nikola Pekovic,nikolapekovic,normalized_name
Nikola Vucevic,Nikola Vucevic,nikolavucevic,normalized_name
Nique Clifford,Nique Clifford,niqueclifford,normalized_name
Noah Clowney,Noah Clowney,noahclowney,normalized_name
Norman Powell,Norman Powell,normanpowell,normalized_name
OG Anunoby,OG Anunoby,oganunoby,normalized_name
Obi Toppin,Obi Toppin,obitoppin,normalized_name
Ochai Agbaji,Ochai Agbaji,ochaiagbaji,normalized_name
Olivier-Maxence Prosper,Olivier-Maxence Prosper,oliviermaxenceprosper,normalized_name
Omer Asik,Omer Asik,omerasik,normalized_name
Onyeka Okongwu,Onyeka Okongwu,onyekaokongwu,normalized_name
Otto Porter,Otto Porter Jr,ottoporterjr,curated_workbook_variant
Otto Porter Jr,Otto Porter Jr,ottoporterjr,normalized_name
Otto Porter Jr.,Otto Porter Jr,ottoporterjr,normalized_name
P.J. Tucker,PJ Tucker,pjtucker,normalized_name
PJ Tucker,PJ Tucker,pjtucker,normalized_name
PJ Washington,PJ Washington,pjwashington,normalized_name
PJ Washington ,PJ Washington,pjwashington,normalized_name
Paolo Banchero,Paolo Banchero,paolobanchero,normalized_name
Pascal Siakam,Pascal Siakam,pascalsiakam,normalized_name
Pascal Siakim,Pascal Siakam,pascalsiakam,curated_workbook_variant
Pat Connaughton,Pat Connaughton,patconnaughton,normalized_name
Patrick Beverley,Patrick Beverley,patrickbeverley,normalized_name
Patrick Patterson,Patrick Patterson,patrickpatterson,normalized_name
Patrick Williams,Patrick Williams,patrickwilliams,normalized_name
Patty Mills,Patty Mills,pattymills,normalized_name
Pau Gasol,Pau Gasol,paugasol,normalized_name
Paul George,Paul George,paulgeorge,normalized_name
Paul Millsap,Paul Millsap,paulmillsap,normalized_name
Paul Pierce,Paul Pierce,paulpierce,normalized_name
Paul Reed,Paul Reed,paulreed,normalized_name
Paul Zipser,Paul Zipser,paulzipser,normalized_name
Payton Pritchard,Payton Pritchard,paytonpritchard,normalized_name
Pelle Larsson,Pelle Larsson,pellelarsson,normalized_name
Peyton Watson,Peyton Watson,peytonwatson,normalized_name
Precious Achiuwa,Precious Achiuwa,preciousachiuwa,normalized_name
Quentin Grimes,Quentin Grimes,quentingrimes,normalized_name
RJ Barrett,RJ Barrett,rjbarrett,normalized_name
Rajon Rondo,Rajon Rondo,rajonrondo,normalized_name
Ramon Sessions,Ramon Sessions,ramonsessions,normalized_name
Raymond Felton,Raymond Felton,raymondfelton,normalized_name
Reed Sheppard,Reed Sheppard,reedsheppard,normalized_name
Reggie Bullock,Reggie Bullock,reggiebullock,normalized_name
Reggie Jackson,Reggie Jackson,reggiejackson,normalized_name
Richaun Holmes,Richaun Holmes,richaunholmes,normalized_name
Ricky Rubio,Ricky Rubio,rickyrubio,normalized_name
Rob Dillingham,Rob Dillingham,robdillingham,normalized_name
Robert Covington,Robert Covington,robertcovington,normalized_name
Robert Williams,Robert Williams III,robertwilliamsiii,curated_workbook_variant
Robert Williams III,Robert Williams III,robertwilliamsiii,normalized_name
Robin Lopez,Robin Lopez,robinlopez,normalized_name
Rodions Kurucs,Rodions Kurucs,rodionskurucs,normalized_name
Rodney Hood,Rodney Hood,rodneyhood,normalized_name
Rodney McGruder,Rodney McGruder,rodneymcgruder,normalized_name
Rodney Stuckey,Rodney Stuckey,rodneystuckey,normalized_name
Ronald Holland II,Ronald Holland II,ronaldhollandii,normalized_name
Rondae Hollis-Jefferson,Rondae Hollis-Jefferson,rondaehollisjefferson,normalized_name
Roy Hibbert,Roy Hibbert,royhibbert,normalized_name
Royce O'Neale,Royce O'Neale,royceoneale,normalized_name
Rudy Gay,Rudy Gay,rudygay,normalized_name
Rudy  Gobert,Rudy Gobert,rudygobert,normalized_name
Rudy Gobert,Rudy Gobert,rudygobert,normalized_name
Rui Hachimura,Rui Hachimura,ruihachimura,normalized_name
Russell Westbrook,Russell Westbrook,russellwestbrook,normalized_name
Ryan Anderson,Ryan Anderson,ryananderson,normalized_name
Ryan Arcidiacono,Ryan Arcidiacono,ryanarcidiacono,normalized_name
Ryan Kalkbrenner,Ryan Kalkbrenner,ryankalkbrenner,normalized_name
Ryan Rollins,Ryan Rollins,ryanrollins,normalized_name
Saddiq Bey,Saddiq Bey,saddiqbey,normalized_name
Sam Hauser,Sam Hauser,samhauser,normalized_name
Sandro Mamukelashvili,Sandro Mamukelashvili,sandromamukelashvili,normalized_name
Santi Aldama,Santi Aldama,santialdama,normalized_name
Santi Aldrama,Santi Aldama,santialdama,curated_workbook_variant
Scoot Henderson,Scoot Henderson,scoothenderson,normalized_name
Scoot Henderson ,Scoot Henderson,scoothenderson,normalized_name
Scottie Barnes,Scottie Barnes,scottiebarnes,normalized_name
Scotty Pippen Jr,Scotty Pippen Jr,scottypippenjr,normalized_name
Sean Kilpatrick,Sean Kilpatrick,seankilpatrick,normalized_name
Semi Ojeleye,Semi Ojeleye,semiojeleye,normalized_name
Serge Ibaka,Serge Ibaka,sergeibaka,normalized_name
Serge Ibaka ,Serge Ibaka,sergeibaka,normalized_name
Seth Curry,Seth Curry,sethcurry,normalized_name
Shabazz Muhammad,Shabazz Muhammad,shabazzmuhammad,normalized_name
Shaedon Sharpe,Shaedon Sharpe,shaedonsharpe,normalized_name
Shai Gilgeous-Alexander,Shai Gilgeous-Alexander,shaigilgeousalexander,normalized_name
Shake Milton,Shake Milton,shakemilton,normalized_name
Shane Larkin,Shane Larkin,shanelarkin,normalized_name
Shaun Livingtston,Shaun Livingston,shaunlivingston,curated_workbook_variant
Simone Fontecchio,Simone Fontecchio,simonefontecchio,normalized_name
Skal Labissiere,Skal Labissiere,skallabissiere,normalized_name
Solomon Hill,Solomon Hill,solomonhill,normalized_name
Spencer Dinwiddie,Spencer Dinwiddie,spencerdinwiddie,normalized_name
Stanley Johnson,Stanley Johnson,stanleyjohnson,normalized_name
Steph Curry,Stephen Curry,stephencurry,curated_workbook_variant
Stephen Curry,Stephen Curry,stephencurry,normalized_name
Stephon Castle,Stephon Castle,stephoncastle,normalized_name
Steven Adams,Steven Adams,stevenadams,normalized_name
Svi Mykhailiuk,Svi Mykhailiuk,svimykhailiuk,normalized_name
T.J. McConnell,TJ McConnell,tjmcconnell,normalized_name
TJ McConnell,TJ McConnell,tjmcconnell,normalized_name
T. J. Warren,TJ Warren,tjwarren,normalized_name
T.J. Warren,TJ Warren,tjwarren,normalized_name
TJ Warren,TJ Warren,tjwarren,normalized_name
Tacko Fall,Tacko Fall,tackofall,normalized_name
Taj Gibson,Taj Gibson,tajgibson,normalized_name
Talen Horton-Tucker,Talen Horton-Tucker,talenhortontucker,normalized_name
Tari Eason,Tari Eason,tarieason,normalized_name
Tarik Black,Tarik Black,tarikblack,normalized_name
Taurean Prince,Taurean Prince,taureanprince,normalized_name
Taureen Prince,Taurean Prince,taureanprince,curated_workbook_variant
Taylor Hendricks,Taylor Hendricks,taylorhendricks,normalized_name
Terance Mann,Terance Mann,terancemann,normalized_name
Terence Davis,Terence Davis,terencedavis,normalized_name
Terrence Jones,Terrence Jones,terrencejones,normalized_name
Terrence Ross,Terrence Ross,terrenceross,normalized_name
Terrence Shannon Jr,Terrence Shannon Jr,terrenceshannonjr,normalized_name
Terry Rozier,Terry Rozier,terryrozier,normalized_name
Thabo Sefolosha,Thabo Sefolosha,thabosefolosha,normalized_name
Thaddeus Young,Thaddeus Young,thaddeusyoung,normalized_name
Thomas Bryant,Thomas Bryant,thomasbryant,normalized_name
Thon Maker,Thon Maker,thonmaker,normalized_name
Tiago Splitter,Tiago Splitter,tiagosplitter,normalized_name
Tim Duncan,Tim Duncan,timduncan,normalized_name
Tim Frazier,Tim Frazier,timfrazier,normalized_name
Tim Hardaway Jr,Tim Hardaway Jr.,timhardawayjr,normalized_name
Tim Hardaway Jr.,Tim Hardaway Jr.,timhardawayjr,normalized_name
Tim Hardaway Jr. ,Tim Hardaway Jr.,timhardawayjr,normalized_name
Timofey Mozgov,Timofey Mozgov,timofeymozgov,normalized_name
Tobias Harris,Tobias Harris,tobiasharris,normalized_name
Tomas Satoransky,Tomas Satoransky,tomassatoransky,normalized_name
Tony Allen,Tony Allen,tonyallen,normalized_name
Tony Parker,Tony Parker,tonyparker,normalized_name
Tony Snell,Tony Snell,tonysnell,normalized_name
Tony Wroten,Tony Wroten,tonywroten,normalized_name
Toumani Camara,Toumani Camara,toumanicamara,normalized_name
Trae Young,Trae Young,traeyoung,normalized_name
Trayce Jackson-Davis,Trayce Jackson-Davis,traycejacksondavis,normalized_name
Tre Johnson,Tre Johnson,trejohnson,normalized_name
Tre Jones,Tre Jones,trejones,normalized_name
Trevor Ariza,Trevor Ariza,trevorariza,normalized_name
Trevor Booker,Trevor Booker,trevorbooker,normalized_name
Trey Burke,Trey Burke,treyburke,normalized_name
Trey Lyles,Trey Lyles,treylyles,normalized_name
Trey Murphy III,Trey Murphy III,treymurphyiii,normalized_name
Tristan Thompson,Tristan Thompson,tristanthompson,normalized_name
Troy Brown Jr.,Troy Brown Jr.,troybrownjr,normalized_name
Ty Jerome,Ty Jerome,tyjerome,normalized_name
Ty Lawson,Ty Lawson,tylawson,normalized_name
Tyler Herro,Tyler Herro,tylerherro,normalized_name
Tyler Johnson,Tyler Johnson,tylerjohnson,normalized_name
Tyler Zeller,Tyler Zeller,tylerzeller,normalized_name
Tyreke Evans,Tyreke Evans,tyrekeevans,normalized_name
Tyrese Haliburton,Tyrese Haliburton,tyresehaliburton,normalized_name
Tyese Maxey,Tyrese Maxey,tyresemaxey,curated_workbook_variant
Tyrese Maxey,Tyrese Maxey,tyresemaxey,normalized_name
Tyson Chandler,Tyson Chandler,tysonchandler,normalized_name
Tyus Jones,Tyus Jones,tyusjones,normalized_name
VJ  Edgecombe,VJ Edgecombe,vjedgecombe,normalized_name
VJ Edgecombe,VJ Edgecombe,vjedgecombe,normalized_name
Victor Oladipo,Victor Oladipo,victoroladipo,normalized_name
Victor Wembanyama,Victor Wembanyama,victorwembanyama,normalized_name
Walker Kessler,Walker Kessler,walkerkessler,normalized_name
Wayne Ellington,Wayne Ellington,wayneellington,normalized_name
Wendell Carter Jr,Wendell Carter Jr.,wendellcarterjr,normalized_name
Wendell Carter Jr.,Wendell Carter Jr.,wendellcarterjr,normalized_name
Wesley Johnson,Wesley Johnson,wesleyjohnson,normalized_name
Wesley Matthews,Wesley Matthews,wesleymatthews,normalized_name
Will Barton,Will Barton,willbarton,normalized_name
Willie Cauley-Stein,Willie Cauley-Stein,williecauleystein,normalized_name
Willy Hernangomez,Willy Hernangomez,willyhernangomez,normalized_name
Wilson Chandler,Wilson Chandler,wilsonchandler,normalized_name
Xavier Tillman,Xavier Tillman,xaviertillman,normalized_name
Yang Hansen,Yang Hansen,yanghansen,normalized_name
Yves Missi,Yves Missi,yvesmissi,normalized_name
Zaccharie Risacher,Zaccharie Risacher,zaccharierisacher,normalized_name
Zach Collins,Zach Collins,zachcollins,normalized_name
Zach Edey,Zach Edey,zachedey,normalized_name
Zach LaVine,Zach LaVine,zachlavine,normalized_name
Zach Randolph,Zach Randolph,zachrandolph,normalized_name
Zaza Pachulia,Zaza Pachulia,zazapachulia,normalized_name
Ziaire Williams,Ziaire Williams,ziairewilliams,normalized_name
Zion  Williamson,Zion Williamson,zionwilliamson,normalized_name
Zion Williamson,Zion Williamson,zionwilliamson,normalized_name
