player_id,display_name,nba_player_id,identity_status
ajgriffin,AJ Griffin,,local_name_identity; NBA ID not yet matched
aarongordon,Aaron Gordon,,local_name_identity; NBA ID not yet matched
aaronnesmith,Aaron Nesmith,,local_name_identity; NBA ID not yet matched
aaronwiggins,Aaron Wiggins,,local_name_identity; NBA ID not yet matched
acebailey,Ace Bailey,,local_name_identity; NBA ID not yet matched
adembona,Adem Bona,,local_name_identity; NBA ID not yet matched
alhorford,Al Horford,,local_name_identity; NBA ID not yet matched
aljefferson,Al Jefferson,,local_name_identity; NBA ID not yet matched
alfarouqaminu,Al-Farouq Aminu,,local_name_identity; NBA ID not yet matched
alecburks,Alec Burks,,local_name_identity; NBA ID not yet matched
aleksejpokusevski,Aleksej Pokusevski,,local_name_identity; NBA ID not yet matched
alexcaruso,Alex Caruso,,local_name_identity; NBA ID not yet matched
alexlen,Alex Len,,local_name_identity; NBA ID not yet matched
alexsarr,Alex Sarr,,local_name_identity; NBA ID not yet matched
allencrabbe,Allen Crabbe,,local_name_identity; NBA ID not yet matched
allonzotrier,Allonzo Trier,,local_name_identity; NBA ID not yet matched
alperensengun,Alperen Sengun,,local_name_identity; NBA ID not yet matched
amenthompson,Amen Thompson,,local_name_identity; NBA ID not yet matched
amircoffey,Amir Coffey,,local_name_identity; NBA ID not yet matched
amirjohnson,Amir Johnson,,local_name_identity; NBA ID not yet matched
andersonvarejao,Anderson Varejao,,local_name_identity; NBA ID not yet matched
andredrummond,Andre Drummond,,local_name_identity; NBA ID not yet matched
andreiguodala,Andre Iguodala,,local_name_identity; NBA ID not yet matched
andreroberson,Andre Roberson,,local_name_identity; NBA ID not yet matched
andreabargnani,Andrea Bargnani,,local_name_identity; NBA ID not yet matched
andrewbogut,Andrew Bogut,,local_name_identity; NBA ID not yet matched
andrewnembhard,Andrew Nembhard,,local_name_identity; NBA ID not yet matched
andrewwiggins,Andrew Wiggins,,local_name_identity; NBA ID not yet matched
anferneesimons,Anfernee Simons,,local_name_identity; NBA ID not yet matched
anthonyblack,Anthony Black,,local_name_identity; NBA ID not yet matched
anthonydavis,Anthony Davis,,local_name_identity; NBA ID not yet matched
anthonyedwards,Anthony Edwards,,local_name_identity; NBA ID not yet matched
anthonylamb,Anthony Lamb,,local_name_identity; NBA ID not yet matched
anthonymorrow,Anthony Morrow,,local_name_identity; NBA ID not yet matched
aronbaynes,Aron Baynes,,local_name_identity; NBA ID not yet matched
arronafflalo,Arron Afflalo,,local_name_identity; NBA ID not yet matched
ausarthompson,Ausar Thompson,,local_name_identity; NBA ID not yet matched
austinreaves,Austin Reaves,,local_name_identity; NBA ID not yet matched
austinrivers,Austin Rivers,,local_name_identity; NBA ID not yet matched
averybradley,Avery Bradley,,local_name_identity; NBA ID not yet matched
ayodosunmu,Ayo Dosunmu,,local_name_identity; NBA ID not yet matched
bamadebayo,Bam Adebayo,,local_name_identity; NBA ID not yet matched
benmclemore,Ben McLemore,,local_name_identity; NBA ID not yet matched
bensimmons,Ben Simmons,,local_name_identity; NBA ID not yet matched
bennedictmathurin,Bennedict Mathurin,,local_name_identity; NBA ID not yet matched
benoudrih,Beno Udrih,,local_name_identity; NBA ID not yet matched
bilalcoulibaly,Bilal Coulibaly,,local_name_identity; NBA ID not yet matched
bismackbiyombo,Bismack Biyombo,,local_name_identity; NBA ID not yet matched
blakegriffin,Blake Griffin,,local_name_identity; NBA ID not yet matched
bobanmarjanovic,Boban Marjanovic,,local_name_identity; NBA ID not yet matched
bobbyportis,Bobby Portis,,local_name_identity; NBA ID not yet matched
bogdanbogdanovic,Bogdan Bogdanovic,,local_name_identity; NBA ID not yet matched
bojanbogdanovic,Bojan Bogdanovic,,local_name_identity; NBA ID not yet matched
boneshyland,Bones Hyland,,local_name_identity; NBA ID not yet matched
borisdiaw,Boris Diaw,,local_name_identity; NBA ID not yet matched
bradleybeal,Bradley Beal,,local_name_identity; NBA ID not yet matched
brandanwright,Brandan Wright,,local_name_identity; NBA ID not yet matched
brandinpodziemski,Brandin Podziemski,,local_name_identity; NBA ID not yet matched
brandonbass,Brandon Bass,,local_name_identity; NBA ID not yet matched
brandonclarke,Brandon Clarke,,local_name_identity; NBA ID not yet matched
brandoningram,Brandon Ingram,,local_name_identity; NBA ID not yet matched
brandonjennings,Brandon Jennings,,local_name_identity; NBA ID not yet matched
brandonknight,Brandon Knight,,local_name_identity; NBA ID not yet matched
brandonmiller,Brandon Miller,,local_name_identity; NBA ID not yet matched
bricesensabaugh,Brice Sensabaugh,,local_name_identity; NBA ID not yet matched
brooklopez,Brook Lopez,,local_name_identity; NBA ID not yet matched
brucebrown,Bruce Brown,,local_name_identity; NBA ID not yet matched
brunocaboclo,Bruno Caboclo,,local_name_identity; NBA ID not yet matched
brynforbes,Bryn Forbes,,local_name_identity; NBA ID not yet matched
bubcarrington,Bub Carrington,,local_name_identity; NBA ID not yet matched
buddyhield,Buddy Hield,,local_name_identity; NBA ID not yet matched
cjmccollum,CJ McCollum,,local_name_identity; NBA ID not yet matched
cjmiles,CJ Miles,,local_name_identity; NBA ID not yet matched
cadecunningham,Cade Cunningham,,local_name_identity; NBA ID not yet matched
caleblove,Caleb Love,,local_name_identity; NBA ID not yet matched
calebmartin,Caleb Martin,,local_name_identity; NBA ID not yet matched
calebswanigan,Caleb Swanigan,,local_name_identity; NBA ID not yet matched
camreddish,Cam Reddish,,local_name_identity; NBA ID not yet matched
camspencer,Cam Spencer,,local_name_identity; NBA ID not yet matched
camthomas,Cam Thomas,,local_name_identity; NBA ID not yet matched
camwhitmore,Cam Whitmore,,local_name_identity; NBA ID not yet matched
cameronjohnson,Cameron Johnson,,local_name_identity; NBA ID not yet matched
cameronpayne,Cameron Payne,,local_name_identity; NBA ID not yet matched
carislevert,Caris LeVert,,local_name_identity; NBA ID not yet matched
carmeloanthony,Carmelo Anthony,,local_name_identity; NBA ID not yet matched
carsenedwards,Carsen Edwards,,local_name_identity; NBA ID not yet matched
casonwallace,Cason Wallace,,local_name_identity; NBA ID not yet matched
cediosman,Cedi Osman,,local_name_identity; NBA ID not yet matched
chandlerparsons,Chandler Parsons,,local_name_identity; NBA ID not yet matched
channingfrye,Channing Frye,,local_name_identity; NBA ID not yet matched
charlesbassey,Charles Bassey,,local_name_identity; NBA ID not yet matched
cheickdiallo,Cheick Diallo,,local_name_identity; NBA ID not yet matched
chetholmgren,Chet Holmgren,,local_name_identity; NBA ID not yet matched
chimeziemetu,Chimezie Metu,,local_name_identity; NBA ID not yet matched
chrisbosh,Chris Bosh,,local_name_identity; NBA ID not yet matched
chrisboucher,Chris Boucher,,local_name_identity; NBA ID not yet matched
chrisduarte,Chris Duarte,,local_name_identity; NBA ID not yet matched
chrispaul,Chris Paul,,local_name_identity; NBA ID not yet matched
christianbraun,Christian Braun,,local_name_identity; NBA ID not yet matched
christianwood,Christian Wood,,local_name_identity; NBA ID not yet matched
chumaokeke,Chuma Okeke,,local_name_identity; NBA ID not yet matched
clintcapela,Clint Capela,,local_name_identity; NBA ID not yet matched
cobywhite,Coby White,,local_name_identity; NBA ID not yet matched
codymartin,Cody Martin,,local_name_identity; NBA ID not yet matched
codyzeller,Cody Zeller,,local_name_identity; NBA ID not yet matched
coleanthony,Cole Anthony,,local_name_identity; NBA ID not yet matched
collingillespie,Collin Gillespie,,local_name_identity; NBA ID not yet matched
collinmurrayboyles,Collin Murray-Boyles,,local_name_identity; NBA ID not yet matched
collinsexton,Collin Sexton,,local_name_identity; NBA ID not yet matched
cooperflagg,Cooper Flagg,,local_name_identity; NBA ID not yet matched
coreybrewer,Corey Brewer,,local_name_identity; NBA ID not yet matched
coreykispert,Corey Kispert,,local_name_identity; NBA ID not yet matched
coryjoseph,Cory Joseph,,local_name_identity; NBA ID not yet matched
courtneylee,Courtney Lee,,local_name_identity; NBA ID not yet matched
dangelorussell,D'Angelo Russell,,local_name_identity; NBA ID not yet matched
djaugustin,DJ Augustin,,local_name_identity; NBA ID not yet matched
daltonknecht,Dalton Knecht,,local_name_identity; NBA ID not yet matched
damianjones,Damian Jones,,local_name_identity; NBA ID not yet matched
damianlillard,Damian Lillard,,local_name_identity; NBA ID not yet matched
danielgafford,Daniel Gafford,,local_name_identity; NBA ID not yet matched
danieltheis,Daniel Theis,,local_name_identity; NBA ID not yet matched
danilogallinari,Danilo Gallinari,,local_name_identity; NBA ID not yet matched
dannygreen,Danny Green,,local_name_identity; NBA ID not yet matched
danteexum,Dante Exum,,local_name_identity; NBA ID not yet matched
danuelhousejr,Danuel House Jr.,,local_name_identity; NBA ID not yet matched
dariosaric,Dario Saric,,local_name_identity; NBA ID not yet matched
dariusbazley,Darius Bazley,,local_name_identity; NBA ID not yet matched
dariusgarland,Darius Garland,,local_name_identity; NBA ID not yet matched
dariusmiller,Darius Miller,,local_name_identity; NBA ID not yet matched
darrencollison,Darren Collison,,local_name_identity; NBA ID not yet matched
davidlee,David Lee,,local_name_identity; NBA ID not yet matched
davidnwaba,David Nwaba,,local_name_identity; NBA ID not yet matched
davidwest,David West,,local_name_identity; NBA ID not yet matched
davionmitchell,Davion Mitchell,,local_name_identity; NBA ID not yet matched
davisbertans,Davis Bertans,,local_name_identity; NBA ID not yet matched
dayronsharpe,Day'ron Sharpe,,local_name_identity; NBA ID not yet matched
deaaronfox,De'Aaron Fox,,local_name_identity; NBA ID not yet matched
deandrehunter,De'Andre Hunter,,local_name_identity; NBA ID not yet matched
deanthonymelton,De'Anthony Melton,,local_name_identity; NBA ID not yet matched
deandrejordan,DeAndre Jordan,,local_name_identity; NBA ID not yet matched
deandrebembry,DeAndre' Bembry,,local_name_identity; NBA ID not yet matched
demarderozan,DeMar DeRozan,,local_name_identity; NBA ID not yet matched
demarcuscousins,DeMarcus Cousins,,local_name_identity; NBA ID not yet matched
demarrecarroll,DeMarre Carroll,,local_name_identity; NBA ID not yet matched
deandreayton,Deandre Ayton,,local_name_identity; NBA ID not yet matched
dejountemurray,Dejounte Murray,,local_name_identity; NBA ID not yet matched
delonwright,Delon Wright,,local_name_identity; NBA ID not yet matched
deniavdija,Deni Avdija,,local_name_identity; NBA ID not yet matched
dennisschroder,Dennis Schroder,,local_name_identity; NBA ID not yet matched
dennissmithjr,Dennis Smith Jr.,,local_name_identity; NBA ID not yet matched
denzelvalentine,Denzel Valentine,,local_name_identity; NBA ID not yet matched
derecklivelyii,Dereck Lively II,,local_name_identity; NBA ID not yet matched
derikqueen,Derik Queen,,local_name_identity; NBA ID not yet matched
deronwilliams,Deron Williams,,local_name_identity; NBA ID not yet matched
derrickfavors,Derrick Favors,,local_name_identity; NBA ID not yet matched
derrickjonesjr,Derrick Jones Jr.,,local_name_identity; NBA ID not yet matched
derrickrose,Derrick Rose,,local_name_identity; NBA ID not yet matched
derrickwhite,Derrick White,,local_name_identity; NBA ID not yet matched
derrickwilliams,Derrick Williams,,local_name_identity; NBA ID not yet matched
desmondbane,Desmond Bane,,local_name_identity; NBA ID not yet matched
devinbooker,Devin Booker,,local_name_identity; NBA ID not yet matched
devinharris,Devin Harris,,local_name_identity; NBA ID not yet matched
devinvassell,Devin Vassell,,local_name_identity; NBA ID not yet matched
devontegraham,Devonte' Graham,,local_name_identity; NBA ID not yet matched
dewaynededmon,Dewayne Dedmon,,local_name_identity; NBA ID not yet matched
dillonbrooks,Dillon Brooks,,local_name_identity; NBA ID not yet matched
dionwaiters,Dion Waiters,,local_name_identity; NBA ID not yet matched
dirknowitzki,Dirk Nowitzki,,local_name_identity; NBA ID not yet matched
domantassabonis,Domantas Sabonis,,local_name_identity; NBA ID not yet matched
donatasmotiejunas,Donatas Motiejunas,,local_name_identity; NBA ID not yet matched
donovanclingan,Donovan Clingan,,local_name_identity; NBA ID not yet matched
donovanmitchell,Donovan Mitchell,,local_name_identity; NBA ID not yet matched
dontedivincenzo,Donte DiVincenzo,,local_name_identity; NBA ID not yet matched
dorianfinneysmith,Dorian Finney-Smith,,local_name_identity; NBA ID not yet matched
dougmcdermott,Doug McDermott,,local_name_identity; NBA ID not yet matched
draganbender,Dragan Bender,,local_name_identity; NBA ID not yet matched
draymondgreen,Draymond Green,,local_name_identity; NBA ID not yet matched
dreweubanks,Drew Eubanks,,local_name_identity; NBA ID not yet matched
drusmith,Dru Smith,,local_name_identity; NBA ID not yet matched
duncanrobinson,Duncan Robinson,,local_name_identity; NBA ID not yet matched
duopreath,Duop Reath,,local_name_identity; NBA ID not yet matched
dwaynebacon,Dwayne Bacon,,local_name_identity; NBA ID not yet matched
dwighthoward,Dwight Howard,,local_name_identity; NBA ID not yet matched
dwightpowell,Dwight Powell,,local_name_identity; NBA ID not yet matched
dwyanewade,Dwyane Wade,,local_name_identity; NBA ID not yet matched
dylanharper,Dylan Harper,,local_name_identity; NBA ID not yet matched
dysondaniels,Dyson Daniels,,local_name_identity; NBA ID not yet matched
etwaunmoore,E'Twaun Moore,,local_name_identity; NBA ID not yet matched
eddavis,Ed Davis,,local_name_identity; NBA ID not yet matched
egordemin,Egor Demin,,local_name_identity; NBA ID not yet matched
elfridpayton,Elfrid Payton,,local_name_identity; NBA ID not yet matched
emmanuelmudiay,Emmanuel Mudiay,,local_name_identity; NBA ID not yet matched
eneskanter,Enes Kanter,,local_name_identity; NBA ID not yet matched
ericbledsoe,Eric Bledsoe,,local_name_identity; NBA ID not yet matched
ericgordon,Eric Gordon,,local_name_identity; NBA ID not yet matched
ericpaschall,Eric Paschall,,local_name_identity; NBA ID not yet matched
ersanilyasova,Ersan Ilyasova,,local_name_identity; NBA ID not yet matched
evanfournier,Evan Fournier,,local_name_identity; NBA ID not yet matched
evanmobley,Evan Mobley,,local_name_identity; NBA ID not yet matched
evanturner,Evan Turner,,local_name_identity; NBA ID not yet matched
facundocampazzo,Facundo Campazzo,,local_name_identity; NBA ID not yet matched
frankkaminsky,Frank Kaminsky,,local_name_identity; NBA ID not yet matched
frankntilikina,Frank Ntilikina,,local_name_identity; NBA ID not yet matched
franzwagner,Franz Wagner,,local_name_identity; NBA ID not yet matched
fredvanvleet,Fred VanVleet,,local_name_identity; NBA ID not yet matched
ggjackson,GG Jackson,,local_name_identity; NBA ID not yet matched
gabevincent,Gabe Vincent,,local_name_identity; NBA ID not yet matched
garrisonmathews,Garrison Mathews,,local_name_identity; NBA ID not yet matched
garyharris,Gary Harris,,local_name_identity; NBA ID not yet matched
garypaytonii,Gary Payton II,,local_name_identity; NBA ID not yet matched
garytrentjr,Gary Trent Jr.,,local_name_identity; NBA ID not yet matched
georgehill,George Hill,,local_name_identity; NBA ID not yet matched
georgesniang,Georges Niang,,local_name_identity; NBA ID not yet matched
geraldgreen,Gerald Green,,local_name_identity; NBA ID not yet matched
geraldhenderson,Gerald Henderson,,local_name_identity; NBA ID not yet matched
giannisantetokounmpo,Giannis Antetokounmpo,,local_name_identity; NBA ID not yet matched
glennrobinsoniii,Glenn Robinson III,,local_name_identity; NBA ID not yet matched
gogabitadze,Goga Bitadze,,local_name_identity; NBA ID not yet matched
gorandragic,Goran Dragic,,local_name_identity; NBA ID not yet matched
gordonhayward,Gordon Hayward,,local_name_identity; NBA ID not yet matched
gorguidieng,Gorgui Dieng,,local_name_identity; NBA ID not yet matched
gradeydick,Gradey Dick,,local_name_identity; NBA ID not yet matched
grantwilliams,Grant Williams,,local_name_identity; NBA ID not yet matched
graysonallen,Grayson Allen,,local_name_identity; NBA ID not yet matched
gregmonroe,Greg Monroe,,local_name_identity; NBA ID not yet matched
greivisvasquez,Greivis Vasquez,,local_name_identity; NBA ID not yet matched
harrisonbarnes,Harrison Barnes,,local_name_identity; NBA ID not yet matched
harrygilesiii,Harry Giles III,,local_name_identity; NBA ID not yet matched
hassanwhiteside,Hassan Whiteside,,local_name_identity; NBA ID not yet matched
haywoodhighsmith,Haywood Highsmith,,local_name_identity; NBA ID not yet matched
herbertjones,Herbert Jones,,local_name_identity; NBA ID not yet matched
hollisthompson,Hollis Thompson,,local_name_identity; NBA ID not yet matched
ianmahinmi,Ian Mahinmi,,local_name_identity; NBA ID not yet matched
imanshumpert,Iman Shumpert,,local_name_identity; NBA ID not yet matched
immanuelquickley,Immanuel Quickley,,local_name_identity; NBA ID not yet matched
isaacokoro,Isaac Okoro,,local_name_identity; NBA ID not yet matched
isaiahcanaan,Isaiah Canaan,,local_name_identity; NBA ID not yet matched
isaiahcollier,Isaiah Collier,,local_name_identity; NBA ID not yet matched
isaiahhartenstein,Isaiah Hartenstein,,local_name_identity; NBA ID not yet matched
isaiahjackson,Isaiah Jackson,,local_name_identity; NBA ID not yet matched
isaiahroby,Isaiah Roby,,local_name_identity; NBA ID not yet matched
isaiahstewart,Isaiah Stewart,,local_name_identity; NBA ID not yet matched
isaiahthomas,Isaiah Thomas,,local_name_identity; NBA ID not yet matched
ishsmith,Ish Smith,,local_name_identity; NBA ID not yet matched
ivicazubac,Ivica Zubac,,local_name_identity; NBA ID not yet matched
jjbarea,JJ Barea,,local_name_identity; NBA ID not yet matched
jjredick,JJ Redick,,local_name_identity; NBA ID not yet matched
jrsmith,JR Smith,,local_name_identity; NBA ID not yet matched
jamorant,Ja Morant,,local_name_identity; NBA ID not yet matched
jamychalgreen,JaMychal Green,,local_name_identity; NBA ID not yet matched
javalemcgee,JaVale McGee,,local_name_identity; NBA ID not yet matched
jabariparker,Jabari Parker,,local_name_identity; NBA ID not yet matched
jabarismithjr,Jabari Smith Jr.,,local_name_identity; NBA ID not yet matched
jabariwalker,Jabari Walker,,local_name_identity; NBA ID not yet matched
jacobgilyard,Jacob Gilyard,,local_name_identity; NBA ID not yet matched
jadenhardy,Jaden Hardy,,local_name_identity; NBA ID not yet matched
jadenivey,Jaden Ivey,,local_name_identity; NBA ID not yet matched
jadenmcdaniels,Jaden McDaniels,,local_name_identity; NBA ID not yet matched
jaecrowder,Jae Crowder,,local_name_identity; NBA ID not yet matched
jaeseantate,Jae'Sean Tate,,local_name_identity; NBA ID not yet matched
jahlilokafor,Jahlil Okafor,,local_name_identity; NBA ID not yet matched
jaimejaquezjr,Jaime Jaquez Jr,,local_name_identity; NBA ID not yet matched
jakelayman,Jake Layman,,local_name_identity; NBA ID not yet matched
jakobpoeltl,Jakob Poeltl,,local_name_identity; NBA ID not yet matched
jalenbrunson,Jalen Brunson,,local_name_identity; NBA ID not yet matched
jalenduren,Jalen Duren,,local_name_identity; NBA ID not yet matched
jalengreen,Jalen Green,,local_name_identity; NBA ID not yet matched
jalenjacksonjr,Jalen Jackson Jr.,,local_name_identity; NBA ID not yet matched
jalenjohnson,Jalen Johnson,,local_name_identity; NBA ID not yet matched
jalenmcdaniels,Jalen McDaniels,,local_name_identity; NBA ID not yet matched
jalensmith,Jalen Smith,,local_name_identity; NBA ID not yet matched
jalensuggs,Jalen Suggs,,local_name_identity; NBA ID not yet matched
jalenwilliams,Jalen Williams,,local_name_identity; NBA ID not yet matched
jamalcrawford,Jamal Crawford,,local_name_identity; NBA ID not yet matched
jamalmurray,Jamal Murray,,local_name_identity; NBA ID not yet matched
jameernelson,Jameer Nelson,,local_name_identity; NBA ID not yet matched
jamesharden,James Harden,,local_name_identity; NBA ID not yet matched
jamesjohnson,James Johnson,,local_name_identity; NBA ID not yet matched
jameswiseman,James Wiseman,,local_name_identity; NBA ID not yet matched
jamisonbattle,Jamison Battle,,local_name_identity; NBA ID not yet matched
jaracewalker,Jarace Walker,,local_name_identity; NBA ID not yet matched
jareddudley,Jared Dudley,,local_name_identity; NBA ID not yet matched
jaredmccain,Jared McCain,,local_name_identity; NBA ID not yet matched
jaredsullinger,Jared Sullinger,,local_name_identity; NBA ID not yet matched
jarenjacksonjr,Jaren Jackson Jr,,local_name_identity; NBA ID not yet matched
jarredvanderbilt,Jarred Vanderbilt,,local_name_identity; NBA ID not yet matched
jarrellmartin,Jarrell Martin,,local_name_identity; NBA ID not yet matched
jarrettallen,Jarrett Allen,,local_name_identity; NBA ID not yet matched
jarrettculver,Jarrett Culver,,local_name_identity; NBA ID not yet matched
jarrettjack,Jarrett Jack,,local_name_identity; NBA ID not yet matched
jaxsonhayes,Jaxson Hayes,,local_name_identity; NBA ID not yet matched
jayhuff,Jay Huff,,local_name_identity; NBA ID not yet matched
jaylenbrown,Jaylen Brown,,local_name_identity; NBA ID not yet matched
jaylenwells,Jaylen Wells,,local_name_identity; NBA ID not yet matched
jaylinwilliams,Jaylin Williams,,local_name_identity; NBA ID not yet matched
jaysontatum,Jayson Tatum,,local_name_identity; NBA ID not yet matched
jeffgreen,Jeff Green,,local_name_identity; NBA ID not yet matched
jeffteague,Jeff Teague,,local_name_identity; NBA ID not yet matched
jeffwithey,Jeff Withey,,local_name_identity; NBA ID not yet matched
jeramigrant,Jerami Grant,,local_name_identity; NBA ID not yet matched
jeremiahfears,Jeremiah Fears,,local_name_identity; NBA ID not yet matched
jeremylamb,Jeremy Lamb,,local_name_identity; NBA ID not yet matched
jeremylin,Jeremy Lin,,local_name_identity; NBA ID not yet matched
jeremysochan,Jeremy Sochan,,local_name_identity; NBA ID not yet matched
jeriangrant,Jerian Grant,,local_name_identity; NBA ID not yet matched
jerrydbayless,Jerryd Bayless,,local_name_identity; NBA ID not yet matched
jevoncarter,Jevon Carter,,local_name_identity; NBA ID not yet matched
jimmybutler,Jimmy Butler,,local_name_identity; NBA ID not yet matched
joakimnoah,Joakim Noah,,local_name_identity; NBA ID not yet matched
jocklandale,Jock Landale,,local_name_identity; NBA ID not yet matched
joeharris,Joe Harris,,local_name_identity; NBA ID not yet matched
joeingles,Joe Ingles,,local_name_identity; NBA ID not yet matched
joejohnson,Joe Johnson,,local_name_identity; NBA ID not yet matched
joelembiid,Joel Embiid,,local_name_identity; NBA ID not yet matched
joffreylauvergne,Joffrey Lauvergne,,local_name_identity; NBA ID not yet matched
johncollins,John Collins,,local_name_identity; NBA ID not yet matched
johnhenson,John Henson,,local_name_identity; NBA ID not yet matched
johnkonchar,John Konchar,,local_name_identity; NBA ID not yet matched
johnwall,John Wall,,local_name_identity; NBA ID not yet matched
jonleuer,Jon Leuer,,local_name_identity; NBA ID not yet matched
jonasvalanciunas,Jonas Valanciunas,,local_name_identity; NBA ID not yet matched
jonathanisaac,Jonathan Isaac,,local_name_identity; NBA ID not yet matched
jonathankuminga,Jonathan Kuminga,,local_name_identity; NBA ID not yet matched
jonathonsimmons,Jonathon Simmons,,local_name_identity; NBA ID not yet matched
jordanbell,Jordan Bell,,local_name_identity; NBA ID not yet matched
jordanclarkson,Jordan Clarkson,,local_name_identity; NBA ID not yet matched
jordangoodwin,Jordan Goodwin,,local_name_identity; NBA ID not yet matched
jordanhawkins,Jordan Hawkins,,local_name_identity; NBA ID not yet matched
jordanhill,Jordan Hill,,local_name_identity; NBA ID not yet matched
jordannwora,Jordan Nwora,,local_name_identity; NBA ID not yet matched
jordanpoole,Jordan Poole,,local_name_identity; NBA ID not yet matched
josealvarado,Jose Alvarado,,local_name_identity; NBA ID not yet matched
josecalderon,Jose Calderon,,local_name_identity; NBA ID not yet matched
joshchristopher,Josh Christopher,,local_name_identity; NBA ID not yet matched
joshgiddey,Josh Giddey,,local_name_identity; NBA ID not yet matched
joshgreen,Josh Green,,local_name_identity; NBA ID not yet matched
joshhart,Josh Hart,,local_name_identity; NBA ID not yet matched
joshjackson,Josh Jackson,,local_name_identity; NBA ID not yet matched
joshokogie,Josh Okogie,,local_name_identity; NBA ID not yet matched
joshrichardson,Josh Richardson,,local_name_identity; NBA ID not yet matched
joshsmith,Josh Smith,,local_name_identity; NBA ID not yet matched
jrueholiday,Jrue Holiday,,local_name_identity; NBA ID not yet matched
juantoscanoanderson,Juan Toscano-Anderson,,local_name_identity; NBA ID not yet matched
julianstrawther,Julian Strawther,,local_name_identity; NBA ID not yet matched
juliusrandle,Julius Randle,,local_name_identity; NBA ID not yet matched
justinholiday,Justin Holiday,,local_name_identity; NBA ID not yet matched
justinjackson,Justin Jackson,,local_name_identity; NBA ID not yet matched
justisewinslow,Justise Winslow,,local_name_identity; NBA ID not yet matched
jusufnurkic,Jusuf Nurkic,,local_name_identity; NBA ID not yet matched
kjmartin,KJ Martin,,local_name_identity; NBA ID not yet matched
kjmcdaniels,KJ McDaniels,,local_name_identity; NBA ID not yet matched
karlanthonytowns,Karl-Anthony Towns,,local_name_identity; NBA ID not yet matched
karlomatkovic,Karlo Matkovic,,local_name_identity; NBA ID not yet matched
kawhileonard,Kawhi Leonard,,local_name_identity; NBA ID not yet matched
keeganmurray,Keegan Murray,,local_name_identity; NBA ID not yet matched
kelelware,Kel'el Ware,,local_name_identity; NBA ID not yet matched
keldonjohnson,Keldon Johnson,,local_name_identity; NBA ID not yet matched
kellyolynyk,Kelly Olynyk,,local_name_identity; NBA ID not yet matched
kellyoubrejr,Kelly Oubre Jr.,,local_name_identity; NBA ID not yet matched
kembawalker,Kemba Walker,,local_name_identity; NBA ID not yet matched
kendricknunn,Kendrick Nunn,,local_name_identity; NBA ID not yet matched
kennethfaried,Kenneth Faried,,local_name_identity; NBA ID not yet matched
kentbazemore,Kent Bazemore,,local_name_identity; NBA ID not yet matched
kentaviouscaldwellpope,Kentavious Caldwell-Pope,,local_name_identity; NBA ID not yet matched
keonellis,Keon Ellis,,local_name_identity; NBA ID not yet matched
kevindurant,Kevin Durant,,local_name_identity; NBA ID not yet matched
kevingarnett,Kevin Garnett,,local_name_identity; NBA ID not yet matched
kevinhuerter,Kevin Huerter,,local_name_identity; NBA ID not yet matched
kevinknoxii,Kevin Knox II,,local_name_identity; NBA ID not yet matched
kevinlove,Kevin Love,,local_name_identity; NBA ID not yet matched
kevinmartin,Kevin Martin,,local_name_identity; NBA ID not yet matched
kevinporterjr,Kevin Porter Jr.,,local_name_identity; NBA ID not yet matched
kevonlooney,Kevon Looney,,local_name_identity; NBA ID not yet matched
keyontegeorge,Keyonte George,,local_name_identity; NBA ID not yet matched
khamanmaluach,Khaman Maluach,,local_name_identity; NBA ID not yet matched
khembirch,Khem Birch,,local_name_identity; NBA ID not yet matched
khrismiddleton,Khris Middleton,,local_name_identity; NBA ID not yet matched
killianhayes,Killian Hayes,,local_name_identity; NBA ID not yet matched
klaythompson,Klay Thompson,,local_name_identity; NBA ID not yet matched
kobebryant,Kobe Bryant,,local_name_identity; NBA ID not yet matched
konknueppel,Kon Knueppel,,local_name_identity; NBA ID not yet matched
kostakoufos,Kosta Koufos,,local_name_identity; NBA ID not yet matched
krisdunn,Kris Dunn,,local_name_identity; NBA ID not yet matched
krishumphries,Kris Humphries,,local_name_identity; NBA ID not yet matched
kristapsporzingis,Kristaps Porzingis,,local_name_identity; NBA ID not yet matched
kybowman,Ky Bowman,,local_name_identity; NBA ID not yet matched
kyleanderson,Kyle Anderson,,local_name_identity; NBA ID not yet matched
kylefilipowski,Kyle Filipowski,,local_name_identity; NBA ID not yet matched
kylekorver,Kyle Korver,,local_name_identity; NBA ID not yet matched
kylekuzma,Kyle Kuzma,,local_name_identity; NBA ID not yet matched
kylelowry,Kyle Lowry,,local_name_identity; NBA ID not yet matched
kyleoquinn,Kyle O'Quinn,,local_name_identity; NBA ID not yet matched
kyrieirving,Kyrie Irving,,local_name_identity; NBA ID not yet matched
kyshawngeorge,Kyshawn George,,local_name_identity; NBA ID not yet matched
lamarcusaldridge,LaMarcus Aldridge,,local_name_identity; NBA ID not yet matched
lameloball,LaMelo Ball,,local_name_identity; NBA ID not yet matched
lancestephenson,Lance Stephenson,,local_name_identity; NBA ID not yet matched
landryshamet,Landry Shamet,,local_name_identity; NBA ID not yet matched
langstongalloway,Langston Galloway,,local_name_identity; NBA ID not yet matched
larrynancejr,Larry Nance Jr.,,local_name_identity; NBA ID not yet matched
laurimarkkanen,Lauri Markkanen,,local_name_identity; NBA ID not yet matched
lebronjames,LeBron James,,local_name_identity; NBA ID not yet matched
lonzoball,Lonzo Ball,,local_name_identity; NBA ID not yet matched
louwilliams,Lou Williams,,local_name_identity; NBA ID not yet matched
lucmbahamoute,Luc Mbah a Moute,,local_name_identity; NBA ID not yet matched
lucasnogueira,Lucas Nogueira,,local_name_identity; NBA ID not yet matched
luguentzdort,Luguentz Dort,,local_name_identity; NBA ID not yet matched
luisscola,Luis Scola,,local_name_identity; NBA ID not yet matched
lukadoncic,Luka Doncic,,local_name_identity; NBA ID not yet matched
lukekennard,Luke Kennard,,local_name_identity; NBA ID not yet matched
luoldeng,Luol Deng,,local_name_identity; NBA ID not yet matched
malachibranham,Malachi Branham,,local_name_identity; NBA ID not yet matched
malachiflynn,Malachi Flynn,,local_name_identity; NBA ID not yet matched
malcolmbrogdon,Malcolm Brogdon,,local_name_identity; NBA ID not yet matched
malikbeasley,Malik Beasley,,local_name_identity; NBA ID not yet matched
malikmonk,Malik Monk,,local_name_identity; NBA ID not yet matched
manuginobili,Manu Ginobili,,local_name_identity; NBA ID not yet matched
marcgasol,Marc Gasol,,local_name_identity; NBA ID not yet matched
marcingortat,Marcin Gortat,,local_name_identity; NBA ID not yet matched
marcobelinelli,Marco Belinelli,,local_name_identity; NBA ID not yet matched
marcusmorrissr,Marcus Morris Sr,,local_name_identity; NBA ID not yet matched
marcussmart,Marcus Smart,,local_name_identity; NBA ID not yet matched
mariochalmers,Mario Chalmers,,local_name_identity; NBA ID not yet matched
mariohezonja,Mario Hezonja,,local_name_identity; NBA ID not yet matched
markwilliams,Mark Williams,,local_name_identity; NBA ID not yet matched
markellefultz,Markelle Fultz,,local_name_identity; NBA ID not yet matched
markieffmorris,Markieff Morris,,local_name_identity; NBA ID not yet matched
marquesechriss,Marquese Chriss,,local_name_identity; NBA ID not yet matched
marreesespeights,Marreese Speights,,local_name_identity; NBA ID not yet matched
marvinbagleyiii,Marvin Bagley III,,local_name_identity; NBA ID not yet matched
marvinwilliams,Marvin Williams,,local_name_identity; NBA ID not yet matched
masonplumlee,Mason Plumlee,,local_name_identity; NBA ID not yet matched
matasbuzelis,Matas Buzelis,,local_name_identity; NBA ID not yet matched
matissethybulle,Matisse Thybulle,,local_name_identity; NBA ID not yet matched
mattbarnes,Matt Barnes,,local_name_identity; NBA ID not yet matched
matthewdellavedova,Matthew Dellavedova,,local_name_identity; NBA ID not yet matched
mauriceharkless,Maurice Harkless,,local_name_identity; NBA ID not yet matched
maxchristie,Max Christie,,local_name_identity; NBA ID not yet matched
maxstrus,Max Strus,,local_name_identity; NBA ID not yet matched
maxikleber,Maxi Kleber,,local_name_identity; NBA ID not yet matched
maximeraynaud,Maxime Raynaud,,local_name_identity; NBA ID not yet matched
meyersleonard,Meyers Leonard,,local_name_identity; NBA ID not yet matched
michaelcarterwilliams,Michael Carter-Williams,,local_name_identity; NBA ID not yet matched
michaelkiddgilchrist,Michael Kidd-Gilchrist,,local_name_identity; NBA ID not yet matched
michaelporterjr,Michael Porter Jr.,,local_name_identity; NBA ID not yet matched
mikalbridges,Mikal Bridges,,local_name_identity; NBA ID not yet matched
mikeconley,Mike Conley,,local_name_identity; NBA ID not yet matched
milesbridges,Miles Bridges,,local_name_identity; NBA ID not yet matched
milesmcbride,Miles McBride,,local_name_identity; NBA ID not yet matched
milesplumlee,Miles Plumlee,,local_name_identity; NBA ID not yet matched
milosteodosic,Milos Teodosic,,local_name_identity; NBA ID not yet matched
mirzateletovic,Mirza Teletovic,,local_name_identity; NBA ID not yet matched
mitchellrobinson,Mitchell Robinson,,local_name_identity; NBA ID not yet matched
mobamba,Mo Bamba,,local_name_identity; NBA ID not yet matched
mowilliams,Mo Williams,,local_name_identity; NBA ID not yet matched
montaellis,Monta Ellis,,local_name_identity; NBA ID not yet matched
montemorris,Monte Morris,,local_name_identity; NBA ID not yet matched
montrezlharrell,Montrezl Harrell,,local_name_identity; NBA ID not yet matched
moritzwagner,Moritz Wagner,,local_name_identity; NBA ID not yet matched
mosesbrown,Moses Brown,,local_name_identity; NBA ID not yet matched
mosesmoody,Moses Moody,,local_name_identity; NBA ID not yet matched
moussadiabate,Moussa Diabate,,local_name_identity; NBA ID not yet matched
mylesturner,Myles Turner,,local_name_identity; NBA ID not yet matched
najimarshall,Naji Marshall,,local_name_identity; NBA ID not yet matched
nassirlittle,Nassir Little,,local_name_identity; NBA ID not yet matched
nazreid,Naz Reid,,local_name_identity; NBA ID not yet matched
neemiasqueta,Neemias Queta,,local_name_identity; NBA ID not yet matched
nemanjabjelica,Nemanja Bjelica,,local_name_identity; NBA ID not yet matched
nenehilario,Nene Hilario,,local_name_identity; NBA ID not yet matched
nerlensnoel,Nerlens Noel,,local_name_identity; NBA ID not yet matched
nicclaxton,Nic Claxton,,local_name_identity; NBA ID not yet matched
nickrichards,Nick Richards,,local_name_identity; NBA ID not yet matched
nickyoung,Nick Young,,local_name_identity; NBA ID not yet matched
nickeilalexanderwalker,Nickeil Alexander-Walker,,local_name_identity; NBA ID not yet matched
nicolasbatum,Nicolas Batum,,local_name_identity; NBA ID not yet matched
nikstauskas,Nik Stauskas,,local_name_identity; NBA ID not yet matched
nikolajokic,Nikola Jokic,,local_name_identity; NBA ID not yet matched
nikolajovic,Nikola Jovic,,local_name_identity; NBA ID not yet matched
nikolamirotic,Nikola Mirotic,,local_name_identity; NBA ID not yet matched
nikolapekovic,Nikola Pekovic,,local_name_identity; NBA ID not yet matched
nikolavucevic,Nikola Vucevic,,local_name_identity; NBA ID not yet matched
niqueclifford,Nique Clifford,,local_name_identity; NBA ID not yet matched
noahclowney,Noah Clowney,,local_name_identity; NBA ID not yet matched
normanpowell,Norman Powell,,local_name_identity; NBA ID not yet matched
oganunoby,OG Anunoby,,local_name_identity; NBA ID not yet matched
obitoppin,Obi Toppin,,local_name_identity; NBA ID not yet matched
ochaiagbaji,Ochai Agbaji,,local_name_identity; NBA ID not yet matched
oliviermaxenceprosper,Olivier-Maxence Prosper,,local_name_identity; NBA ID not yet matched
omerasik,Omer Asik,,local_name_identity; NBA ID not yet matched
onyekaokongwu,Onyeka Okongwu,,local_name_identity; NBA ID not yet matched
ottoporterjr,Otto Porter Jr,,local_name_identity; NBA ID not yet matched
pjtucker,PJ Tucker,,local_name_identity; NBA ID not yet matched
pjwashington,PJ Washington,,local_name_identity; NBA ID not yet matched
paolobanchero,Paolo Banchero,,local_name_identity; NBA ID not yet matched
pascalsiakam,Pascal Siakam,,local_name_identity; NBA ID not yet matched
patconnaughton,Pat Connaughton,,local_name_identity; NBA ID not yet matched
patrickbeverley,Patrick Beverley,,local_name_identity; NBA ID not yet matched
patrickpatterson,Patrick Patterson,,local_name_identity; NBA ID not yet matched
patrickwilliams,Patrick Williams,,local_name_identity; NBA ID not yet matched
pattymills,Patty Mills,,local_name_identity; NBA ID not yet matched
paugasol,Pau Gasol,,local_name_identity; NBA ID not yet matched
paulgeorge,Paul George,,local_name_identity; NBA ID not yet matched
paulmillsap,Paul Millsap,,local_name_identity; NBA ID not yet matched
paulpierce,Paul Pierce,,local_name_identity; NBA ID not yet matched
paulreed,Paul Reed,,local_name_identity; NBA ID not yet matched
paulzipser,Paul Zipser,,local_name_identity; NBA ID not yet matched
paytonpritchard,Payton Pritchard,,local_name_identity; NBA ID not yet matched
pellelarsson,Pelle Larsson,,local_name_identity; NBA ID not yet matched
peytonwatson,Peyton Watson,,local_name_identity; NBA ID not yet matched
preciousachiuwa,Precious Achiuwa,,local_name_identity; NBA ID not yet matched
quentingrimes,Quentin Grimes,,local_name_identity; NBA ID not yet matched
rjbarrett,RJ Barrett,,local_name_identity; NBA ID not yet matched
rajonrondo,Rajon Rondo,,local_name_identity; NBA ID not yet matched
ramonsessions,Ramon Sessions,,local_name_identity; NBA ID not yet matched
raymondfelton,Raymond Felton,,local_name_identity; NBA ID not yet matched
reedsheppard,Reed Sheppard,,local_name_identity; NBA ID not yet matched
reggiebullock,Reggie Bullock,,local_name_identity; NBA ID not yet matched
reggiejackson,Reggie Jackson,,local_name_identity; NBA ID not yet matched
richaunholmes,Richaun Holmes,,local_name_identity; NBA ID not yet matched
rickyrubio,Ricky Rubio,,local_name_identity; NBA ID not yet matched
robdillingham,Rob Dillingham,,local_name_identity; NBA ID not yet matched
robertcovington,Robert Covington,,local_name_identity; NBA ID not yet matched
robertwilliamsiii,Robert Williams III,,local_name_identity; NBA ID not yet matched
robinlopez,Robin Lopez,,local_name_identity; NBA ID not yet matched
rodionskurucs,Rodions Kurucs,,local_name_identity; NBA ID not yet matched
rodneyhood,Rodney Hood,,local_name_identity; NBA ID not yet matched
rodneymcgruder,Rodney McGruder,,local_name_identity; NBA ID not yet matched
rodneystuckey,Rodney Stuckey,,local_name_identity; NBA ID not yet matched
ronaldhollandii,Ronald Holland II,,local_name_identity; NBA ID not yet matched
rondaehollisjefferson,Rondae Hollis-Jefferson,,local_name_identity; NBA ID not yet matched
royhibbert,Roy Hibbert,,local_name_identity; NBA ID not yet matched
royceoneale,Royce O'Neale,,local_name_identity; NBA ID not yet matched
rudygay,Rudy Gay,,local_name_identity; NBA ID not yet matched
rudygobert,Rudy Gobert,,local_name_identity; NBA ID not yet matched
ruihachimura,Rui Hachimura,,local_name_identity; NBA ID not yet matched
russellwestbrook,Russell Westbrook,,local_name_identity; NBA ID not yet matched
ryananderson,Ryan Anderson,,local_name_identity; NBA ID not yet matched
ryanarcidiacono,Ryan Arcidiacono,,local_name_identity; NBA ID not yet matched
ryankalkbrenner,Ryan Kalkbrenner,,local_name_identity; NBA ID not yet matched
ryanrollins,Ryan Rollins,,local_name_identity; NBA ID not yet matched
saddiqbey,Saddiq Bey,,local_name_identity; NBA ID not yet matched
samhauser,Sam Hauser,,local_name_identity; NBA ID not yet matched
sandromamukelashvili,Sandro Mamukelashvili,,local_name_identity; NBA ID not yet matched
santialdama,Santi Aldama,,local_name_identity; NBA ID not yet matched
scoothenderson,Scoot Henderson,,local_name_identity; NBA ID not yet matched
scottiebarnes,Scottie Barnes,,local_name_identity; NBA ID not yet matched
scottypippenjr,Scotty Pippen Jr,,local_name_identity; NBA ID not yet matched
seankilpatrick,Sean Kilpatrick,,local_name_identity; NBA ID not yet matched
semiojeleye,Semi Ojeleye,,local_name_identity; NBA ID not yet matched
sergeibaka,Serge Ibaka,,local_name_identity; NBA ID not yet matched
sethcurry,Seth Curry,,local_name_identity; NBA ID not yet matched
shabazzmuhammad,Shabazz Muhammad,,local_name_identity; NBA ID not yet matched
shaedonsharpe,Shaedon Sharpe,,local_name_identity; NBA ID not yet matched
shaigilgeousalexander,Shai Gilgeous-Alexander,,local_name_identity; NBA ID not yet matched
shakemilton,Shake Milton,,local_name_identity; NBA ID not yet matched
shanelarkin,Shane Larkin,,local_name_identity; NBA ID not yet matched
shaunlivingston,Shaun Livingston,,local_name_identity; NBA ID not yet matched
simonefontecchio,Simone Fontecchio,,local_name_identity; NBA ID not yet matched
skallabissiere,Skal Labissiere,,local_name_identity; NBA ID not yet matched
solomonhill,Solomon Hill,,local_name_identity; NBA ID not yet matched
spencerdinwiddie,Spencer Dinwiddie,,local_name_identity; NBA ID not yet matched
stanleyjohnson,Stanley Johnson,,local_name_identity; NBA ID not yet matched
stephencurry,Stephen Curry,,local_name_identity; NBA ID not yet matched
stephoncastle,Stephon Castle,,local_name_identity; NBA ID not yet matched
stevenadams,Steven Adams,,local_name_identity; NBA ID not yet matched
svimykhailiuk,Svi Mykhailiuk,,local_name_identity; NBA ID not yet matched
tjmcconnell,TJ McConnell,,local_name_identity; NBA ID not yet matched
tjwarren,TJ Warren,,local_name_identity; NBA ID not yet matched
tackofall,Tacko Fall,,local_name_identity; NBA ID not yet matched
tajgibson,Taj Gibson,,local_name_identity; NBA ID not yet matched
talenhortontucker,Talen Horton-Tucker,,local_name_identity; NBA ID not yet matched
tarieason,Tari Eason,,local_name_identity; NBA ID not yet matched
tarikblack,Tarik Black,,local_name_identity; NBA ID not yet matched
taureanprince,Taurean Prince,,local_name_identity; NBA ID not yet matched
taylorhendricks,Taylor Hendricks,,local_name_identity; NBA ID not yet matched
terancemann,Terance Mann,,local_name_identity; NBA ID not yet matched
terencedavis,Terence Davis,,local_name_identity; NBA ID not yet matched
terrencejones,Terrence Jones,,local_name_identity; NBA ID not yet matched
terrenceross,Terrence Ross,,local_name_identity; NBA ID not yet matched
terrenceshannonjr,Terrence Shannon Jr,,local_name_identity; NBA ID not yet matched
terryrozier,Terry Rozier,,local_name_identity; NBA ID not yet matched
thabosefolosha,Thabo Sefolosha,,local_name_identity; NBA ID not yet matched
thaddeusyoung,Thaddeus Young,,local_name_identity; NBA ID not yet matched
thomasbryant,Thomas Bryant,,local_name_identity; NBA ID not yet matched
thonmaker,Thon Maker,,local_name_identity; NBA ID not yet matched
tiagosplitter,Tiago Splitter,,local_name_identity; NBA ID not yet matched
timduncan,Tim Duncan,,local_name_identity; NBA ID not yet matched
timfrazier,Tim Frazier,,local_name_identity; NBA ID not yet matched
timhardawayjr,Tim Hardaway Jr.,,local_name_identity; NBA ID not yet matched
timofeymozgov,Timofey Mozgov,,local_name_identity; NBA ID not yet matched
tobiasharris,Tobias Harris,,local_name_identity; NBA ID not yet matched
tomassatoransky,Tomas Satoransky,,local_name_identity; NBA ID not yet matched
tonyallen,Tony Allen,,local_name_identity; NBA ID not yet matched
tonyparker,Tony Parker,,local_name_identity; NBA ID not yet matched
tonysnell,Tony Snell,,local_name_identity; NBA ID not yet matched
tonywroten,Tony Wroten,,local_name_identity; NBA ID not yet matched
toumanicamara,Toumani Camara,,local_name_identity; NBA ID not yet matched
traeyoung,Trae Young,,local_name_identity; NBA ID not yet matched
traycejacksondavis,Trayce Jackson-Davis,,local_name_identity; NBA ID not yet matched
trejohnson,Tre Johnson,,local_name_identity; NBA ID not yet matched
trejones,Tre Jones,,local_name_identity; NBA ID not yet matched
trevorariza,Trevor Ariza,,local_name_identity; NBA ID not yet matched
trevorbooker,Trevor Booker,,local_name_identity; NBA ID not yet matched
treyburke,Trey Burke,,local_name_identity; NBA ID not yet matched
treylyles,Trey Lyles,,local_name_identity; NBA ID not yet matched
treymurphyiii,Trey Murphy III,,local_name_identity; NBA ID not yet matched
tristanthompson,Tristan Thompson,,local_name_identity; NBA ID not yet matched
troybrownjr,Troy Brown Jr.,,local_name_identity; NBA ID not yet matched
tyjerome,Ty Jerome,,local_name_identity; NBA ID not yet matched
tylawson,Ty Lawson,,local_name_identity; NBA ID not yet matched
tylerherro,Tyler Herro,,local_name_identity; NBA ID not yet matched
tylerjohnson,Tyler Johnson,,local_name_identity; NBA ID not yet matched
tylerzeller,Tyler Zeller,,local_name_identity; NBA ID not yet matched
tyrekeevans,Tyreke Evans,,local_name_identity; NBA ID not yet matched
tyresehaliburton,Tyrese Haliburton,,local_name_identity; NBA ID not yet matched
tyresemaxey,Tyrese Maxey,,local_name_identity; NBA ID not yet matched
tysonchandler,Tyson Chandler,,local_name_identity; NBA ID not yet matched
tyusjones,Tyus Jones,,local_name_identity; NBA ID not yet matched
vjedgecombe,VJ Edgecombe,,local_name_identity; NBA ID not yet matched
victoroladipo,Victor Oladipo,,local_name_identity; NBA ID not yet matched
victorwembanyama,Victor Wembanyama,,local_name_identity; NBA ID not yet matched
walkerkessler,Walker Kessler,,local_name_identity; NBA ID not yet matched
wayneellington,Wayne Ellington,,local_name_identity; NBA ID not yet matched
wendellcarterjr,Wendell Carter Jr.,,local_name_identity; NBA ID not yet matched
wesleyjohnson,Wesley Johnson,,local_name_identity; NBA ID not yet matched
wesleymatthews,Wesley Matthews,,local_name_identity; NBA ID not yet matched
willbarton,Will Barton,,local_name_identity; NBA ID not yet matched
williecauleystein,Willie Cauley-Stein,,local_name_identity; NBA ID not yet matched
willyhernangomez,Willy Hernangomez,,local_name_identity; NBA ID not yet matched
wilsonchandler,Wilson Chandler,,local_name_identity; NBA ID not yet matched
xaviertillman,Xavier Tillman,,local_name_identity; NBA ID not yet matched
yanghansen,Yang Hansen,,local_name_identity; NBA ID not yet matched
yvesmissi,Yves Missi,,local_name_identity; NBA ID not yet matched
zaccharierisacher,Zaccharie Risacher,,local_name_identity; NBA ID not yet matched
zachcollins,Zach Collins,,local_name_identity; NBA ID not yet matched
zachedey,Zach Edey,,local_name_identity; NBA ID not yet matched
zachlavine,Zach LaVine,,local_name_identity; NBA ID not yet matched
zachrandolph,Zach Randolph,,local_name_identity; NBA ID not yet matched
zazapachulia,Zaza Pachulia,,local_name_identity; NBA ID not yet matched
ziairewilliams,Ziaire Williams,,local_name_identity; NBA ID not yet matched
zionwilliamson,Zion Williamson,,local_name_identity; NBA ID not yet matched
