season,league_year,team_seasons,opening_entries,clean_auction_sales,keeper_entries,final_entries,recorded_opening_spend,highest_clean_auction_price
2015-16,1,15,225,225,0,225,2844,86
2016-17,2,15,225,195,30,224,2848,67
2017-18,3,15,224,194,30,224,2927,73
2018-19,4,15,225,195,30,226,2944,67
2019-20,5,15,225,195,30,233,2909,73
2020-21,6,15,225,195,30,242,2970,71
2021-22,7,15,225,195,30,251,2973,71
2022-23,8,15,224,194,30,250,2950,80
2023-24,9,15,225,195,30,248,2954,72
2024-25,10,15,225,195,30,248,2982,84
2025-26,11,15,225,195,30,250,2961,53
