sheet,sheet_index,kind,max_row,max_column,populated_cells,hidden_state
keeping tracking 25-26,0,tracking,899,25,370,visible
Graham,1,franchise_history,1132,7,1132,visible
Alvin,2,franchise_history,1135,7,1125,visible
Peter,3,franchise_history,1134,26,1132,visible
Kerry,4,franchise_history,1134,26,1169,visible
Darren,5,franchise_history,1135,26,1151,visible
Arthur,6,franchise_history,1135,7,1155,visible
Ron,7,franchise_history,1135,7,1156,visible
Brent,8,franchise_history,1135,7,1195,visible
Max,9,franchise_history,1135,7,1173,visible
Isaac,10,franchise_history,1133,7,1157,visible
Joe,11,franchise_history,1133,7,1182,visible
Ian,12,franchise_history,1134,7,1170,visible
Mark,13,franchise_history,1134,7,1179,visible
Jason,14,franchise_history,1132,7,1131,visible
Benji,15,franchise_history,1130,26,1172,visible
keeper tracking 24-25,16,tracking,901,16,370,visible
keeper tracking 23-24,17,tracking,576,16,369,visible
keeper tracking 22-23,18,tracking,687,16,383,visible
keeper tracking 21-22,19,tracking,803,16,353,visible
keeper tracking 20-21,20,tracking,907,16,360,visible
keeper tracking 19-20,21,tracking,907,16,358,visible
keeper tracking 18-19,22,tracking,1000,26,351,visible
keeper tracking 17-18,23,tracking,1000,16,356,visible
keeper tracking 16-17,24,tracking,1000,16,346,visible
Keeper tracking 15-16,25,tracking,1000,18,359,visible
