source_id,season,franchise_sheet,finish,opening_players,final_players,keepers,opening_cost,keeper_cost,auction_cost
59a6a80ce913c1ee51e35c213b85ca13bb78380df68a73fa1ceb164b84c647a6,2025-26,Graham,1,15,17,2,199,52,147
59a6a80ce913c1ee51e35c213b85ca13bb78380df68a73fa1ceb164b84c647a6,2025-26,Alvin,2,15,17,2,200,48,152
59a6a80ce913c1ee51e35c213b85ca13bb78380df68a73fa1ceb164b84c647a6,2025-26,Peter,3,15,17,2,200,53,147
59a6a80ce913c1ee51e35c213b85ca13bb78380df68a73fa1ceb164b84c647a6,2025-26,Kerry,4,15,17,2,200,70,130
59a6a80ce913c1ee51e35c213b85ca13bb78380df68a73fa1ceb164b84c647a6,2025-26,Darren,5,15,17,2,200,80,120
59a6a80ce913c1ee51e35c213b85ca13bb78380df68a73fa1ceb164b84c647a6,2025-26,Arthur,6,15,17,2,194,57,137
59a6a80ce913c1ee51e35c213b85ca13bb78380df68a73fa1ceb164b84c647a6,2025-26,Ron,7,15,16,2,195,67,128
59a6a80ce913c1ee51e35c213b85ca13bb78380df68a73fa1ceb164b84c647a6,2025-26,Brent,8,15,16,2,187,45,142
59a6a80ce913c1ee51e35c213b85ca13bb78380df68a73fa1ceb164b84c647a6,2025-26,Max,9,15,17,2,200,130,70
59a6a80ce913c1ee51e35c213b85ca13bb78380df68a73fa1ceb164b84c647a6,2025-26,Isaac,10,15,16,2,196,38,158
59a6a80ce913c1ee51e35c213b85ca13bb78380df68a73fa1ceb164b84c647a6,2025-26,Joe,11,15,17,2,197,51,146
59a6a80ce913c1ee51e35c213b85ca13bb78380df68a73fa1ceb164b84c647a6,2025-26,Ian,12,15,16,2,199,34,165
59a6a80ce913c1ee51e35c213b85ca13bb78380df68a73fa1ceb164b84c647a6,2025-26,Mark,13,15,16,2,196,68,128
59a6a80ce913c1ee51e35c213b85ca13bb78380df68a73fa1ceb164b84c647a6,2025-26,Jason,14,15,17,2,198,105,93
59a6a80ce913c1ee51e35c213b85ca13bb78380df68a73fa1ceb164b84c647a6,2025-26,Benji,15,15,17,2,200,51,149
59a6a80ce913c1ee51e35c213b85ca13bb78380df68a73fa1ceb164b84c647a6,2024-25,Alvin,1,15,17,2,200,41,159
59a6a80ce913c1ee51e35c213b85ca13bb78380df68a73fa1ceb164b84c647a6,2024-25,Peter,2,15,17,2,198,48,150
59a6a80ce913c1ee51e35c213b85ca13bb78380df68a73fa1ceb164b84c647a6,2024-25,Ron,3,15,17,2,200,63,137
59a6a80ce913c1ee51e35c213b85ca13bb78380df68a73fa1ceb164b84c647a6,2024-25,Max,4,15,17,2,200,42,158
59a6a80ce913c1ee51e35c213b85ca13bb78380df68a73fa1ceb164b84c647a6,2024-25,Darren,5,15,17,2,200,71,129
59a6a80ce913c1ee51e35c213b85ca13bb78380df68a73fa1ceb164b84c647a6,2024-25,Arthur,6,15,17,2,200,60,140
59a6a80ce913c1ee51e35c213b85ca13bb78380df68a73fa1ceb164b84c647a6,2024-25,Brent,7,15,17,2,189,34,155
59a6a80ce913c1ee51e35c213b85ca13bb78380df68a73fa1ceb164b84c647a6,2024-25,Ian,8,15,16,2,199,57,142
59a6a80ce913c1ee51e35c213b85ca13bb78380df68a73fa1ceb164b84c647a6,2024-25,Graham,9,15,14,2,200,43,157
59a6a80ce913c1ee51e35c213b85ca13bb78380df68a73fa1ceb164b84c647a6,2024-25,Jason,10,15,16,2,200,44,156
59a6a80ce913c1ee51e35c213b85ca13bb78380df68a73fa1ceb164b84c647a6,2024-25,Isaac,11,15,15,2,200,49,151
59a6a80ce913c1ee51e35c213b85ca13bb78380df68a73fa1ceb164b84c647a6,2024-25,Kerry,12,15,17,2,200,44,156
59a6a80ce913c1ee51e35c213b85ca13bb78380df68a73fa1ceb164b84c647a6,2024-25,Mark,13,15,17,2,197,59,138
59a6a80ce913c1ee51e35c213b85ca13bb78380df68a73fa1ceb164b84c647a6,2024-25,Benji,14,15,17,2,200,42,158
59a6a80ce913c1ee51e35c213b85ca13bb78380df68a73fa1ceb164b84c647a6,2024-25,Joe,15,15,17,2,199,38,161
59a6a80ce913c1ee51e35c213b85ca13bb78380df68a73fa1ceb164b84c647a6,2023-24,Jason,1,15,16,2,200,83,117
59a6a80ce913c1ee51e35c213b85ca13bb78380df68a73fa1ceb164b84c647a6,2023-24,Max,2,15,17,2,200,60,140
59a6a80ce913c1ee51e35c213b85ca13bb78380df68a73fa1ceb164b84c647a6,2023-24,Isaac,3,15,17,2,200,9,191
59a6a80ce913c1ee51e35c213b85ca13bb78380df68a73fa1ceb164b84c647a6,2023-24,Peter,4,15,17,2,200,77,123
59a6a80ce913c1ee51e35c213b85ca13bb78380df68a73fa1ceb164b84c647a6,2023-24,Joe,5,15,17,2,187,66,121
59a6a80ce913c1ee51e35c213b85ca13bb78380df68a73fa1ceb164b84c647a6,2023-24,Mark,6,15,16,2,196,34,162
59a6a80ce913c1ee51e35c213b85ca13bb78380df68a73fa1ceb164b84c647a6,2023-24,Arthur,7,15,16,2,198,64,134
59a6a80ce913c1ee51e35c213b85ca13bb78380df68a73fa1ceb164b84c647a6,2023-24,Benji,8,15,17,2,200,28,172
59a6a80ce913c1ee51e35c213b85ca13bb78380df68a73fa1ceb164b84c647a6,2023-24,Darren,9,15,16,2,200,26,174
59a6a80ce913c1ee51e35c213b85ca13bb78380df68a73fa1ceb164b84c647a6,2023-24,Brent,10,15,17,2,200,36,164
59a6a80ce913c1ee51e35c213b85ca13bb78380df68a73fa1ceb164b84c647a6,2023-24,Alvin,11,15,16,2,200,25,175
59a6a80ce913c1ee51e35c213b85ca13bb78380df68a73fa1ceb164b84c647a6,2023-24,Kerry,12,15,17,2,200,35,165
59a6a80ce913c1ee51e35c213b85ca13bb78380df68a73fa1ceb164b84c647a6,2023-24,Ron,13,15,17,2,200,42,158
59a6a80ce913c1ee51e35c213b85ca13bb78380df68a73fa1ceb164b84c647a6,2023-24,Graham,14,15,16,2,174,59,115
59a6a80ce913c1ee51e35c213b85ca13bb78380df68a73fa1ceb164b84c647a6,2023-24,Ian,15,15,16,2,199,24,175
59a6a80ce913c1ee51e35c213b85ca13bb78380df68a73fa1ceb164b84c647a6,2022-23,Peter,1,15,17,2,200,53,147
59a6a80ce913c1ee51e35c213b85ca13bb78380df68a73fa1ceb164b84c647a6,2022-23,Ron,2,15,17,2,199,52,147
59a6a80ce913c1ee51e35c213b85ca13bb78380df68a73fa1ceb164b84c647a6,2022-23,Alvin,3,15,17,2,198,49,149
59a6a80ce913c1ee51e35c213b85ca13bb78380df68a73fa1ceb164b84c647a6,2022-23,Jason,4,15,17,2,196,62,134
59a6a80ce913c1ee51e35c213b85ca13bb78380df68a73fa1ceb164b84c647a6,2022-23,Arthur,5,15,17,2,200,14,186
59a6a80ce913c1ee51e35c213b85ca13bb78380df68a73fa1ceb164b84c647a6,2022-23,Kerry,6,15,17,2,200,30,170
59a6a80ce913c1ee51e35c213b85ca13bb78380df68a73fa1ceb164b84c647a6,2022-23,Isaac,7,15,17,2,200,6,194
59a6a80ce913c1ee51e35c213b85ca13bb78380df68a73fa1ceb164b84c647a6,2022-23,Brent,8,15,17,2,193,27,166
59a6a80ce913c1ee51e35c213b85ca13bb78380df68a73fa1ceb164b84c647a6,2022-23,Darren,9,15,17,2,199,51,148
59a6a80ce913c1ee51e35c213b85ca13bb78380df68a73fa1ceb164b84c647a6,2022-23,Joe,10,15,16,2,198,51,147
59a6a80ce913c1ee51e35c213b85ca13bb78380df68a73fa1ceb164b84c647a6,2022-23,Ian,11,15,17,2,200,50,150
59a6a80ce913c1ee51e35c213b85ca13bb78380df68a73fa1ceb164b84c647a6,2022-23,Max,12,15,17,2,200,29,171
59a6a80ce913c1ee51e35c213b85ca13bb78380df68a73fa1ceb164b84c647a6,2022-23,Mark,13,15,17,2,176,97,79
59a6a80ce913c1ee51e35c213b85ca13bb78380df68a73fa1ceb164b84c647a6,2022-23,Benji,14,14,16,2,191,19,172
59a6a80ce913c1ee51e35c213b85ca13bb78380df68a73fa1ceb164b84c647a6,2022-23,Graham,15,15,14,2,200,50,150
59a6a80ce913c1ee51e35c213b85ca13bb78380df68a73fa1ceb164b84c647a6,2021-22,Ron,1,15,17,2,199,46,153
59a6a80ce913c1ee51e35c213b85ca13bb78380df68a73fa1ceb164b84c647a6,2021-22,Darren,2,15,17,2,200,54,146
59a6a80ce913c1ee51e35c213b85ca13bb78380df68a73fa1ceb164b84c647a6,2021-22,Isaac,3,15,16,2,200,37,163
59a6a80ce913c1ee51e35c213b85ca13bb78380df68a73fa1ceb164b84c647a6,2021-22,Alvin,4,15,17,2,200,33,167
59a6a80ce913c1ee51e35c213b85ca13bb78380df68a73fa1ceb164b84c647a6,2021-22,Max,5,15,17,2,200,39,161
59a6a80ce913c1ee51e35c213b85ca13bb78380df68a73fa1ceb164b84c647a6,2021-22,Peter,6,15,17,2,200,42,158
59a6a80ce913c1ee51e35c213b85ca13bb78380df68a73fa1ceb164b84c647a6,2021-22,Kerry,7,15,17,2,196,72,124
59a6a80ce913c1ee51e35c213b85ca13bb78380df68a73fa1ceb164b84c647a6,2021-22,Mark,8,15,17,2,189,40,149
59a6a80ce913c1ee51e35c213b85ca13bb78380df68a73fa1ceb164b84c647a6,2021-22,Ian,9,15,17,2,200,62,138
59a6a80ce913c1ee51e35c213b85ca13bb78380df68a73fa1ceb164b84c647a6,2021-22,Joe,10,15,16,2,200,40,160
59a6a80ce913c1ee51e35c213b85ca13bb78380df68a73fa1ceb164b84c647a6,2021-22,Arthur,11,15,17,2,200,76,124
59a6a80ce913c1ee51e35c213b85ca13bb78380df68a73fa1ceb164b84c647a6,2021-22,Graham,12,15,17,2,198,55,143
59a6a80ce913c1ee51e35c213b85ca13bb78380df68a73fa1ceb164b84c647a6,2021-22,Jason,13,15,17,2,200,49,151
59a6a80ce913c1ee51e35c213b85ca13bb78380df68a73fa1ceb164b84c647a6,2021-22,Brent,14,15,16,2,200,39,161
59a6a80ce913c1ee51e35c213b85ca13bb78380df68a73fa1ceb164b84c647a6,2021-22,Benji,15,15,16,2,191,28,163
59a6a80ce913c1ee51e35c213b85ca13bb78380df68a73fa1ceb164b84c647a6,2020-21,Jason,1,15,15,2,200,67,133
59a6a80ce913c1ee51e35c213b85ca13bb78380df68a73fa1ceb164b84c647a6,2020-21,Ian,2,15,16,2,200,53,147
59a6a80ce913c1ee51e35c213b85ca13bb78380df68a73fa1ceb164b84c647a6,2020-21,Alvin,3,15,16,2,199,73,126
59a6a80ce913c1ee51e35c213b85ca13bb78380df68a73fa1ceb164b84c647a6,2020-21,Isaac,4,15,17,2,198,45,153
59a6a80ce913c1ee51e35c213b85ca13bb78380df68a73fa1ceb164b84c647a6,2020-21,Arthur,5,15,17,2,192,84,108
59a6a80ce913c1ee51e35c213b85ca13bb78380df68a73fa1ceb164b84c647a6,2020-21,Peter,6,15,16,2,200,69,131
59a6a80ce913c1ee51e35c213b85ca13bb78380df68a73fa1ceb164b84c647a6,2020-21,Graham,7,15,15,2,200,45,155
59a6a80ce913c1ee51e35c213b85ca13bb78380df68a73fa1ceb164b84c647a6,2020-21,Darren,8,15,16,2,200,49,151
59a6a80ce913c1ee51e35c213b85ca13bb78380df68a73fa1ceb164b84c647a6,2020-21,Brent,9,15,17,2,200,70,130
59a6a80ce913c1ee51e35c213b85ca13bb78380df68a73fa1ceb164b84c647a6,2020-21,Mark,10,15,15,2,187,50,137
59a6a80ce913c1ee51e35c213b85ca13bb78380df68a73fa1ceb164b84c647a6,2020-21,Benji,11,15,16,2,198,48,150
59a6a80ce913c1ee51e35c213b85ca13bb78380df68a73fa1ceb164b84c647a6,2020-21,Kerry,12,15,16,2,200,31,169
59a6a80ce913c1ee51e35c213b85ca13bb78380df68a73fa1ceb164b84c647a6,2020-21,Joe,13,15,17,2,198,28,170
59a6a80ce913c1ee51e35c213b85ca13bb78380df68a73fa1ceb164b84c647a6,2020-21,Max,14,15,16,2,199,75,124
59a6a80ce913c1ee51e35c213b85ca13bb78380df68a73fa1ceb164b84c647a6,2020-21,Ron,15,15,17,2,199,65,134
59a6a80ce913c1ee51e35c213b85ca13bb78380df68a73fa1ceb164b84c647a6,2019-20,Alvin,1,15,16,2,195,40,155
59a6a80ce913c1ee51e35c213b85ca13bb78380df68a73fa1ceb164b84c647a6,2019-20,Jason,2,15,16,2,200,61,139
59a6a80ce913c1ee51e35c213b85ca13bb78380df68a73fa1ceb164b84c647a6,2019-20,Kerry,3,15,15,2,196,25,171
59a6a80ce913c1ee51e35c213b85ca13bb78380df68a73fa1ceb164b84c647a6,2019-20,Arthur,4,15,15,2,200,30,170
59a6a80ce913c1ee51e35c213b85ca13bb78380df68a73fa1ceb164b84c647a6,2019-20,Peter,5,15,16,2,197,51,146
59a6a80ce913c1ee51e35c213b85ca13bb78380df68a73fa1ceb164b84c647a6,2019-20,Max,6,15,16,2,200,19,181
59a6a80ce913c1ee51e35c213b85ca13bb78380df68a73fa1ceb164b84c647a6,2019-20,Darren,7,15,15,2,200,51,149
59a6a80ce913c1ee51e35c213b85ca13bb78380df68a73fa1ceb164b84c647a6,2019-20,Ron,8,15,16,2,195,47,148
59a6a80ce913c1ee51e35c213b85ca13bb78380df68a73fa1ceb164b84c647a6,2019-20,Mark,9,15,16,2,199,88,111
59a6a80ce913c1ee51e35c213b85ca13bb78380df68a73fa1ceb164b84c647a6,2019-20,Benji,10,15,16,2,200,26,174
59a6a80ce913c1ee51e35c213b85ca13bb78380df68a73fa1ceb164b84c647a6,2019-20,Isaac,11,15,16,2,197,44,153
59a6a80ce913c1ee51e35c213b85ca13bb78380df68a73fa1ceb164b84c647a6,2019-20,Graham,12,15,14,2,154,105,49
59a6a80ce913c1ee51e35c213b85ca13bb78380df68a73fa1ceb164b84c647a6,2019-20,Ian,13,15,15,2,176,38,138
59a6a80ce913c1ee51e35c213b85ca13bb78380df68a73fa1ceb164b84c647a6,2019-20,Brent,14,15,16,2,200,50,150
59a6a80ce913c1ee51e35c213b85ca13bb78380df68a73fa1ceb164b84c647a6,2019-20,Joe,15,15,15,2,200,20,180
59a6a80ce913c1ee51e35c213b85ca13bb78380df68a73fa1ceb164b84c647a6,2018-19,Arthur,1,15,15,2,190,77,113
59a6a80ce913c1ee51e35c213b85ca13bb78380df68a73fa1ceb164b84c647a6,2018-19,Jason,2,15,15,2,199,78,121
59a6a80ce913c1ee51e35c213b85ca13bb78380df68a73fa1ceb164b84c647a6,2018-19,Peter,3,15,15,2,193,57,136
59a6a80ce913c1ee51e35c213b85ca13bb78380df68a73fa1ceb164b84c647a6,2018-19,Ian,4,15,15,2,196,27,169
59a6a80ce913c1ee51e35c213b85ca13bb78380df68a73fa1ceb164b84c647a6,2018-19,Alvin,5,15,15,2,200,27,173
59a6a80ce913c1ee51e35c213b85ca13bb78380df68a73fa1ceb164b84c647a6,2018-19,Graham,6,15,15,2,182,63,119
59a6a80ce913c1ee51e35c213b85ca13bb78380df68a73fa1ceb164b84c647a6,2018-19,Brent,7,15,15,2,200,47,153
59a6a80ce913c1ee51e35c213b85ca13bb78380df68a73fa1ceb164b84c647a6,2018-19,Isaac,8,15,15,2,196,21,175
59a6a80ce913c1ee51e35c213b85ca13bb78380df68a73fa1ceb164b84c647a6,2018-19,Mark,9,15,15,2,200,77,123
59a6a80ce913c1ee51e35c213b85ca13bb78380df68a73fa1ceb164b84c647a6,2018-19,Max,10,15,15,2,199,21,178
59a6a80ce913c1ee51e35c213b85ca13bb78380df68a73fa1ceb164b84c647a6,2018-19,Joe,11,15,15,2,200,38,162
59a6a80ce913c1ee51e35c213b85ca13bb78380df68a73fa1ceb164b84c647a6,2018-19,Ron,12,15,15,2,200,50,150
59a6a80ce913c1ee51e35c213b85ca13bb78380df68a73fa1ceb164b84c647a6,2018-19,Benji,13,15,15,2,200,15,185
59a6a80ce913c1ee51e35c213b85ca13bb78380df68a73fa1ceb164b84c647a6,2018-19,Kerry,14,15,15,2,190,31,159
59a6a80ce913c1ee51e35c213b85ca13bb78380df68a73fa1ceb164b84c647a6,2018-19,Darren,15,15,16,2,199,31,168
59a6a80ce913c1ee51e35c213b85ca13bb78380df68a73fa1ceb164b84c647a6,2017-18,Ron,1,15,15,2,200,40,160
59a6a80ce913c1ee51e35c213b85ca13bb78380df68a73fa1ceb164b84c647a6,2017-18,Graham,2,15,15,2,198,29,169
59a6a80ce913c1ee51e35c213b85ca13bb78380df68a73fa1ceb164b84c647a6,2017-18,Mark,3,15,15,2,180,62,118
59a6a80ce913c1ee51e35c213b85ca13bb78380df68a73fa1ceb164b84c647a6,2017-18,Alvin,4,15,15,2,200,91,109
59a6a80ce913c1ee51e35c213b85ca13bb78380df68a73fa1ceb164b84c647a6,2017-18,Benji,5,15,15,2,200,60,140
59a6a80ce913c1ee51e35c213b85ca13bb78380df68a73fa1ceb164b84c647a6,2017-18,Darren,6,15,15,2,200,20,180
59a6a80ce913c1ee51e35c213b85ca13bb78380df68a73fa1ceb164b84c647a6,2017-18,Isaac,7,15,15,2,200,42,158
59a6a80ce913c1ee51e35c213b85ca13bb78380df68a73fa1ceb164b84c647a6,2017-18,Jason,8,15,15,2,190,45,145
59a6a80ce913c1ee51e35c213b85ca13bb78380df68a73fa1ceb164b84c647a6,2017-18,Brent,9,15,15,2,200,63,137
59a6a80ce913c1ee51e35c213b85ca13bb78380df68a73fa1ceb164b84c647a6,2017-18,Peter,10,15,15,2,199,48,151
59a6a80ce913c1ee51e35c213b85ca13bb78380df68a73fa1ceb164b84c647a6,2017-18,Ian,11,15,15,2,173,4,169
59a6a80ce913c1ee51e35c213b85ca13bb78380df68a73fa1ceb164b84c647a6,2017-18,Arthur,12,15,15,2,198,32,166
59a6a80ce913c1ee51e35c213b85ca13bb78380df68a73fa1ceb164b84c647a6,2017-18,Kerry,13,15,15,2,200,102,98
59a6a80ce913c1ee51e35c213b85ca13bb78380df68a73fa1ceb164b84c647a6,2017-18,Max,14,15,15,2,196,84,112
59a6a80ce913c1ee51e35c213b85ca13bb78380df68a73fa1ceb164b84c647a6,2017-18,Joe,15,14,14,2,193,32,161
59a6a80ce913c1ee51e35c213b85ca13bb78380df68a73fa1ceb164b84c647a6,2016-17,Alvin,1,15,15,2,200,85,115
59a6a80ce913c1ee51e35c213b85ca13bb78380df68a73fa1ceb164b84c647a6,2016-17,Kerry,2,15,15,2,200,80,120
59a6a80ce913c1ee51e35c213b85ca13bb78380df68a73fa1ceb164b84c647a6,2016-17,Peter,3,15,15,2,200,51,149
59a6a80ce913c1ee51e35c213b85ca13bb78380df68a73fa1ceb164b84c647a6,2016-17,Darren,4,15,15,2,200,22,178
59a6a80ce913c1ee51e35c213b85ca13bb78380df68a73fa1ceb164b84c647a6,2016-17,Ron,6,15,15,2,200,47,153
59a6a80ce913c1ee51e35c213b85ca13bb78380df68a73fa1ceb164b84c647a6,2016-17,Benji,7,15,15,2,200,153,47
59a6a80ce913c1ee51e35c213b85ca13bb78380df68a73fa1ceb164b84c647a6,2016-17,Brent,8,15,15,2,189,79,110
59a6a80ce913c1ee51e35c213b85ca13bb78380df68a73fa1ceb164b84c647a6,2016-17,Graham,9,15,15,2,198,51,147
59a6a80ce913c1ee51e35c213b85ca13bb78380df68a73fa1ceb164b84c647a6,2016-17,Mark,10,15,15,2,179,61,118
59a6a80ce913c1ee51e35c213b85ca13bb78380df68a73fa1ceb164b84c647a6,2016-17,Arthur,11,15,15,2,190,90,100
59a6a80ce913c1ee51e35c213b85ca13bb78380df68a73fa1ceb164b84c647a6,2016-17,Max,11,15,15,2,196,22,174
59a6a80ce913c1ee51e35c213b85ca13bb78380df68a73fa1ceb164b84c647a6,2016-17,Isaac,12,15,14,2,186,103,83
59a6a80ce913c1ee51e35c213b85ca13bb78380df68a73fa1ceb164b84c647a6,2016-17,Joe,13,15,15,2,126,31,95
59a6a80ce913c1ee51e35c213b85ca13bb78380df68a73fa1ceb164b84c647a6,2016-17,Ian,14,15,15,2,184,38,146
59a6a80ce913c1ee51e35c213b85ca13bb78380df68a73fa1ceb164b84c647a6,2016-17,Jason,15,15,15,2,200,62,138
59a6a80ce913c1ee51e35c213b85ca13bb78380df68a73fa1ceb164b84c647a6,2015-16,Arthur,1,15,15,0,191,0,191
59a6a80ce913c1ee51e35c213b85ca13bb78380df68a73fa1ceb164b84c647a6,2015-16,Benji,2,15,15,0,200,0,200
59a6a80ce913c1ee51e35c213b85ca13bb78380df68a73fa1ceb164b84c647a6,2015-16,Alvin,3,15,15,0,193,0,193
59a6a80ce913c1ee51e35c213b85ca13bb78380df68a73fa1ceb164b84c647a6,2015-16,Isaac,4,15,15,0,200,0,200
59a6a80ce913c1ee51e35c213b85ca13bb78380df68a73fa1ceb164b84c647a6,2015-16,Ian,5,15,15,0,192,0,192
59a6a80ce913c1ee51e35c213b85ca13bb78380df68a73fa1ceb164b84c647a6,2015-16,Joe,6,15,15,0,137,0,137
59a6a80ce913c1ee51e35c213b85ca13bb78380df68a73fa1ceb164b84c647a6,2015-16,Darren,7,15,15,0,200,0,200
59a6a80ce913c1ee51e35c213b85ca13bb78380df68a73fa1ceb164b84c647a6,2015-16,Ron,8,15,15,0,180,0,180
59a6a80ce913c1ee51e35c213b85ca13bb78380df68a73fa1ceb164b84c647a6,2015-16,Peter,9,15,15,0,179,0,179
59a6a80ce913c1ee51e35c213b85ca13bb78380df68a73fa1ceb164b84c647a6,2015-16,Jason,10,15,15,0,197,0,197
59a6a80ce913c1ee51e35c213b85ca13bb78380df68a73fa1ceb164b84c647a6,2015-16,Kerry,11,15,15,0,200,0,200
59a6a80ce913c1ee51e35c213b85ca13bb78380df68a73fa1ceb164b84c647a6,2015-16,Brent,12,15,15,0,188,0,188
59a6a80ce913c1ee51e35c213b85ca13bb78380df68a73fa1ceb164b84c647a6,2015-16,Max,13,15,15,0,195,0,195
59a6a80ce913c1ee51e35c213b85ca13bb78380df68a73fa1ceb164b84c647a6,2015-16,Mark,14,15,15,0,200,0,200
59a6a80ce913c1ee51e35c213b85ca13bb78380df68a73fa1ceb164b84c647a6,2015-16,Graham,15,15,15,0,192,0,192
