season,player_id,player,franchise_sheet,recorded_cost,stats_season,reason_code,reason,reported_at,availability_status,source_url
2015-16,dangelorussell,D'Angelo Russell,Alvin,9,2014-15,prior_sample,No matched prior season or fewer than 10 games,,,
2015-16,emmanuelmudiay,Emmanuel Mudiay,Ron,8,2014-15,prior_sample,No matched prior season or fewer than 10 games,,,
2015-16,frankkaminsky,Frank Kaminsky,Darren,6,2014-15,prior_sample,No matched prior season or fewer than 10 games,,,
2015-16,jahlilokafor,Jahlil Okafor,Isaac,11,2014-15,prior_sample,No matched prior season or fewer than 10 games,,,
2015-16,jeriangrant,Jerian Grant,Jason,1,2014-15,prior_sample,No matched prior season or fewer than 10 games,,,
2015-16,juliusrandle,Julius Randle,Ian,9,2014-15,prior_sample,No matched prior season or fewer than 10 games,,,
2015-16,karlanthonytowns,Karl-Anthony Towns,Ron,20,2014-15,prior_sample,No matched prior season or fewer than 10 games,,,
2015-16,kristapsporzingis,Kristaps Porzingis,Darren,2,2014-15,prior_sample,No matched prior season or fewer than 10 games,,,
2015-16,mariohezonja,Mario Hezonja,Arthur,2,2014-15,prior_sample,No matched prior season or fewer than 10 games,,,
2015-16,mylesturner,Myles Turner,Ron,10,2014-15,prior_sample,No matched prior season or fewer than 10 games,,,
2015-16,nemanjabjelica,Nemanja Bjelica,Arthur,1,2014-15,prior_sample,No matched prior season or fewer than 10 games,,,
2015-16,nenehilario,Nene Hilario,Graham,1,2014-15,prior_sample,No matched prior season or fewer than 10 games,,,
2015-16,omerasik,Omer Asik,Brent,2,2014-15,prior_sample,No matched prior season or fewer than 10 games,,,
2015-16,paulgeorge,Paul George,Isaac,41,2014-15,prior_sample,No matched prior season or fewer than 10 games,,,
2015-16,stanleyjohnson,Stanley Johnson,Max,5,2014-15,prior_sample,No matched prior season or fewer than 10 games,,,
2015-16,williecauleystein,Willie Cauley-Stein,Isaac,6,2014-15,prior_sample,No matched prior season or fewer than 10 games,,,
2016-17,bensimmons,Ben Simmons,Jason,7,2015-16,prior_sample,No matched prior season or fewer than 10 games,,,
2016-17,brandoningram,Brandon Ingram,Brent,9,2015-16,prior_sample,No matched prior season or fewer than 10 games,,,
2016-17,buddyhield,Buddy Hield,Alvin,4,2015-16,prior_sample,No matched prior season or fewer than 10 games,,,
2016-17,danteexum,Dante Exum,Isaac,1,2015-16,prior_sample,No matched prior season or fewer than 10 games,,,
2016-17,dariosaric,Dario Saric,Benji,6,2015-16,prior_sample,No matched prior season or fewer than 10 games,,,
2016-17,denzelvalentine,Denzel Valentine,Benji,1,2015-16,prior_sample,No matched prior season or fewer than 10 games,,,
2016-17,draganbender,Dragan Bender,Peter,1,2015-16,prior_sample,No matched prior season or fewer than 10 games,,,
2016-17,jakobpoeltl,Jakob Poeltl,Peter,1,2015-16,prior_sample,No matched prior season or fewer than 10 games,,,
2016-17,jamalmurray,Jamal Murray,Alvin,5,2015-16,prior_sample,No matched prior season or fewer than 10 games,,,
2016-17,jaylenbrown,Jaylen Brown,Benji,1,2015-16,prior_sample,No matched prior season or fewer than 10 games,,,
2016-17,joelembiid,Joel Embiid,Arthur,16,2015-16,prior_sample,No matched prior season or fewer than 10 games,,,
2016-17,krisdunn,Kris Dunn,Kerry,7,2015-16,prior_sample,No matched prior season or fewer than 10 games,,,
2016-17,marquesechriss,Marquese Chriss,Max,5,2015-16,prior_sample,No matched prior season or fewer than 10 games,,,
2016-17,michaelkiddgilchrist,Michael Kidd-Gilchrist,Darren,3,2015-16,prior_sample,No matched prior season or fewer than 10 games,,,
2016-17,nenehilario,Nene Hilario,Benji,1,2015-16,prior_sample,No matched prior season or fewer than 10 games,,,
2016-17,pascalsiakam,Pascal Siakam,Arthur,1,2015-16,prior_sample,No matched prior season or fewer than 10 games,,,
2016-17,thonmaker,Thon Maker,Max,1,2015-16,prior_sample,No matched prior season or fewer than 10 games,,,
2016-17,wilsonchandler,Wilson Chandler,Joe,4,2015-16,prior_sample,No matched prior season or fewer than 10 games,,,
2017-18,bensimmons,Ben Simmons,Isaac,24,2016-17,prior_sample,No matched prior season or fewer than 10 games,,,
2017-18,bogdanbogdanovic,Bogdan Bogdanovic,Arthur,2,2016-17,prior_sample,No matched prior season or fewer than 10 games,,,
2017-18,calebswanigan,Caleb Swanigan,Brent,1,2016-17,prior_sample,No matched prior season or fewer than 10 games,,,
2017-18,deaaronfox,De'Aaron Fox,Max,7,2016-17,prior_sample,No matched prior season or fewer than 10 games,,,
2017-18,dennissmithjr,Dennis Smith Jr.,Ian,26,2016-17,prior_sample,No matched prior season or fewer than 10 games,,,
2017-18,donovanmitchell,Donovan Mitchell,Alvin,4,2016-17,prior_sample,No matched prior season or fewer than 10 games,,,
2017-18,frankntilikina,Frank Ntilikina,Brent,2,2016-17,prior_sample,No matched prior season or fewer than 10 games,,,
2017-18,jaysontatum,Jayson Tatum,Benji,5,2016-17,prior_sample,No matched prior season or fewer than 10 games,,,
2017-18,johncollins,John Collins,Joe,9,2016-17,prior_sample,No matched prior season or fewer than 10 games,,,
2017-18,jonathanisaac,Jonathan Isaac,Isaac,7,2016-17,prior_sample,No matched prior season or fewer than 10 games,,,
2017-18,jordanbell,Jordan Bell,Darren,1,2016-17,prior_sample,No matched prior season or fewer than 10 games,,,
2017-18,joshjackson,Josh Jackson,Max,10,2016-17,prior_sample,No matched prior season or fewer than 10 games,,,
2017-18,justinjackson,Justin Jackson,Darren,1,2016-17,prior_sample,No matched prior season or fewer than 10 games,,,
2017-18,kylekuzma,Kyle Kuzma,Jason,4,2016-17,prior_sample,No matched prior season or fewer than 10 games,,,
2017-18,laurimarkkanen,Lauri Markkanen,Ian,11,2016-17,prior_sample,No matched prior season or fewer than 10 games,,,
2017-18,lonzoball,Lonzo Ball,Isaac,16,2016-17,prior_sample,No matched prior season or fewer than 10 games,,,
2017-18,malikmonk,Malik Monk,Alvin,10,2016-17,prior_sample,No matched prior season or fewer than 10 games,,,
2017-18,markellefultz,Markelle Fultz,Joe,11,2016-17,prior_sample,No matched prior season or fewer than 10 games,,,
2017-18,milosteodosic,Milos Teodosic,Benji,8,2016-17,prior_sample,No matched prior season or fewer than 10 games,,,
2017-18,zachcollins,Zach Collins,Brent,1,2016-17,prior_sample,No matched prior season or fewer than 10 games,,,
2018-19,collinsexton,Collin Sexton,Ron,4,2017-18,prior_sample,No matched prior season or fewer than 10 games,,,
2018-19,deandreayton,Deandre Ayton,Jason,31,2017-18,prior_sample,No matched prior season or fewer than 10 games,,,
2018-19,harrygilesiii,Harry Giles III,Benji,9,2017-18,prior_sample,No matched prior season or fewer than 10 games,,,
2018-19,jarenjacksonjr,Jaren Jackson Jr,Peter,17,2017-18,prior_sample,No matched prior season or fewer than 10 games,,,
2018-19,jeremylin,Jeremy Lin,Alvin,1,2017-18,prior_sample,No matched prior season or fewer than 10 games,,,
2018-19,kawhileonard,Kawhi Leonard,Isaac,65,2017-18,prior_sample,No matched prior season or fewer than 10 games,,,
2018-19,kevinhuerter,Kevin Huerter,Peter,1,2017-18,prior_sample,No matched prior season or fewer than 10 games,,,
2018-19,kevinknoxii,Kevin Knox II,Kerry,9,2017-18,prior_sample,No matched prior season or fewer than 10 games,,,
2018-19,lukadoncic,Luka Doncic,Jason,28,2017-18,prior_sample,No matched prior season or fewer than 10 games,,,
2018-19,marvinbagleyiii,Marvin Bagley III,Alvin,11,2017-18,prior_sample,No matched prior season or fewer than 10 games,,,
2018-19,michaelporterjr,Michael Porter Jr.,Brent,1,2017-18,prior_sample,No matched prior season or fewer than 10 games,,,
2018-19,milesbridges,Miles Bridges,Arthur,6,2017-18,prior_sample,No matched prior season or fewer than 10 games,,,
2018-19,mitchellrobinson,Mitchell Robinson,Brent,3,2017-18,prior_sample,No matched prior season or fewer than 10 games,,,
2018-19,mobamba,Mo Bamba,Max,11,2017-18,prior_sample,No matched prior season or fewer than 10 games,,,
2018-19,sethcurry,Seth Curry,Darren,1,2017-18,prior_sample,No matched prior season or fewer than 10 games,,,
2018-19,shaigilgeousalexander,Shai Gilgeous-Alexander,Arthur,3,2017-18,prior_sample,No matched prior season or fewer than 10 games,,,
2018-19,traeyoung,Trae Young,Kerry,6,2017-18,prior_sample,No matched prior season or fewer than 10 games,,,
2018-19,wendellcarterjr,Wendell Carter Jr.,Ian,9,2017-18,prior_sample,No matched prior season or fewer than 10 games,,,
2019-20,brandonclarke,Brandon Clarke,Brent,7,2018-19,prior_sample,No matched prior season or fewer than 10 games,,,
2019-20,camreddish,Cam Reddish,Brent,5,2018-19,prior_sample,No matched prior season or fewer than 10 games,,,
2019-20,carsenedwards,Carsen Edwards,Graham,1,2018-19,prior_sample,No matched prior season or fewer than 10 games,,,
2019-20,cobywhite,Coby White,Mark,4,2018-19,prior_sample,No matched prior season or fewer than 10 games,,,
2019-20,dariusgarland,Darius Garland,Kerry,6,2018-19,prior_sample,No matched prior season or fewer than 10 games,,,
2019-20,deandrehunter,De'Andre Hunter,Brent,14,2018-19,prior_sample,No matched prior season or fewer than 10 games,,,
2019-20,dejountemurray,Dejounte Murray,Kerry,13,2018-19,prior_sample,No matched prior season or fewer than 10 games,,,
2019-20,demarcuscousins,DeMarcus Cousins,Arthur,1,2018-19,preseason_availability,Offseason ACL tear; prior-season rates omit the new rehabilitation period.,2019-08-15,extended_rehab,https://www.nba.com/lakers/news/190815-demarcus-cousins-suffers-torn-acl
2019-20,jamorant,Ja Morant,Joe,21,2018-19,prior_sample,No matched prior season or fewer than 10 games,,,
2019-20,jarrettculver,Jarrett Culver,Brent,15,2018-19,prior_sample,No matched prior season or fewer than 10 games,,,
2019-20,johnwall,John Wall,Mark,2,2018-19,preseason_availability,Achilles recovery expected to prevent participation in the coming season.,2019-09-04,season_absence_expected,https://www.nba.com/timberwolves/news/very-least-wizards-we-know-bradley-beal-star
2019-20,kevindurant,Kevin Durant,Peter,18,2018-19,preseason_availability,Brooklyn planned the season without Durant during Achilles recovery.,2019-09-24,season_absence_expected,https://www.nba.com/news/kevin-durant-likely-out-entire-season
2019-20,klaythompson,Klay Thompson,Ian,9,2018-19,preseason_availability,ACL rehabilitation entering camp; healthy prior-season rates do not represent expected availability.,2019-09-24,extended_rehab,https://api-hub.nba.com/news/warriors-prepare-transition-new-era
2019-20,matissethybulle,Matisse Thybulle,Alvin,1,2018-19,prior_sample,No matched prior season or fewer than 10 games,,,
2019-20,michaelporterjr,Michael Porter Jr.,Brent,3,2018-19,prior_sample,No matched prior season or fewer than 10 games,,,
2019-20,nickeilalexanderwalker,Nickeil Alexander-Walker,Arthur,10,2018-19,prior_sample,No matched prior season or fewer than 10 games,,,
2019-20,rjbarrett,RJ Barrett,Ian,14,2018-19,prior_sample,No matched prior season or fewer than 10 games,,,
2019-20,ruihachimura,Rui Hachimura,Mark,8,2018-19,prior_sample,No matched prior season or fewer than 10 games,,,
2019-20,tackofall,Tacko Fall,Benji,3,2018-19,prior_sample,No matched prior season or fewer than 10 games,,,
2019-20,tylerherro,Tyler Herro,Kerry,9,2018-19,prior_sample,No matched prior season or fewer than 10 games,,,
2019-20,zionwilliamson,Zion Williamson,Brent,32,2018-19,prior_sample,No matched prior season or fewer than 10 games,,,
2020-21,anthonyedwards,Anthony Edwards,Jason,10,2019-20,prior_sample,No matched prior season or fewer than 10 games,,,
2020-21,demarcuscousins,DeMarcus Cousins,Brent,12,2019-20,prior_sample,No matched prior season or fewer than 10 games,,,
2020-21,deniavdija,Deni Avdija,Mark,3,2019-20,prior_sample,No matched prior season or fewer than 10 games,,,
2020-21,desmondbane,Desmond Bane,Arthur,1,2019-20,prior_sample,No matched prior season or fewer than 10 games,,,
2020-21,isaacokoro,Isaac Okoro,Max,1,2019-20,prior_sample,No matched prior season or fewer than 10 games,,,
2020-21,jameswiseman,James Wiseman,Max,17,2019-20,prior_sample,No matched prior season or fewer than 10 games,,,
2020-21,johnwall,John Wall,Brent,25,2019-20,prior_sample,No matched prior season or fewer than 10 games,,,
2020-21,jusufnurkic,Jusuf Nurkic,Max,39,2019-20,prior_sample,No matched prior season or fewer than 10 games,,,
2020-21,killianhayes,Killian Hayes,Ron,6,2019-20,prior_sample,No matched prior season or fewer than 10 games,,,
2020-21,klaythompson,Klay Thompson,Ian,9,2019-20,prior_sample,No matched prior season or fewer than 10 games,,,
2020-21,lameloball,LaMelo Ball,Alvin,8,2019-20,prior_sample,No matched prior season or fewer than 10 games,,,
2020-21,malachiflynn,Malachi Flynn,Isaac,2,2019-20,prior_sample,No matched prior season or fewer than 10 games,,,
2020-21,obitoppin,Obi Toppin,Arthur,5,2019-20,prior_sample,No matched prior season or fewer than 10 games,,,
2020-21,patrickwilliams,Patrick Williams,Max,1,2019-20,prior_sample,No matched prior season or fewer than 10 games,,,
2020-21,preciousachiuwa,Precious Achiuwa,Brent,1,2019-20,prior_sample,No matched prior season or fewer than 10 games,,,
2020-21,stephencurry,Stephen Curry,Mark,71,2019-20,prior_sample,No matched prior season or fewer than 10 games,,,
2020-21,tyresehaliburton,Tyrese Haliburton,Brent,2,2019-20,prior_sample,No matched prior season or fewer than 10 games,,,
2021-22,alperensengun,Alperen Sengun,Jason,12,2020-21,prior_sample,No matched prior season or fewer than 10 games,,,
2021-22,cadecunningham,Cade Cunningham,Graham,27,2020-21,prior_sample,No matched prior season or fewer than 10 games,,,
2021-22,evanmobley,Evan Mobley,Brent,20,2020-21,prior_sample,No matched prior season or fewer than 10 games,,,
2021-22,jalengreen,Jalen Green,Peter,18,2020-21,prior_sample,No matched prior season or fewer than 10 games,,,
2021-22,jalensuggs,Jalen Suggs,Arthur,11,2020-21,prior_sample,No matched prior season or fewer than 10 games,,,
2021-22,jamalmurray,Jamal Murray,Ian,11,2020-21,preseason_availability,Entering the season in ACL rehabilitation with no return timetable.,2021-10-13,extended_rehab,https://www.nba.com/news/nuggets-must-continue-to-soldier-on-without-injured-jamal-murray
2021-22,johnwall,John Wall,Benji,1,2020-21,preseason_availability,Houston and Wall planned for him not to play while seeking a trade.,2021-09-14,not_playing_pending_trade,https://cdn-uat.nba.com/news/report-john-wall-rockets-working-together-on-trade
2021-22,jonathanisaac,Jonathan Isaac,Arthur,5,2020-21,prior_sample,No matched prior season or fewer than 10 games,,,
2021-22,jonathankuminga,Jonathan Kuminga,Brent,1,2020-21,prior_sample,No matched prior season or fewer than 10 games,,,
2021-22,joshgiddey,Josh Giddey,Arthur,2,2020-21,prior_sample,No matched prior season or fewer than 10 games,,,
2021-22,kawhileonard,Kawhi Leonard,Benji,12,2020-21,preseason_availability,ACL surgery with no return timetable.,2021-07-14,extended_rehab,https://www.nba.com/news/kawhi-leonard-has-surgery-to-repair-partially-torn-acl
2021-22,klaythompson,Klay Thompson,Brent,18,2020-21,prior_sample,No matched prior season or fewer than 10 games,,,
2021-22,scottiebarnes,Scottie Barnes,Arthur,10,2020-21,prior_sample,No matched prior season or fewer than 10 games,,,
2021-22,spencerdinwiddie,Spencer Dinwiddie,Alvin,6,2020-21,prior_sample,No matched prior season or fewer than 10 games,,,
2021-22,tjwarren,TJ Warren,Ian,4,2020-21,prior_sample,No matched prior season or fewer than 10 games,,,
2021-22,treymurphyiii,Trey Murphy III,Arthur,1,2020-21,prior_sample,No matched prior season or fewer than 10 games,,,
2021-22,xaviertillman,Xavier Tillman,Graham,1,2020-21,prior_sample,No matched prior season or fewer than 10 games,,,
2022-23,bennedictmathurin,Bennedict Mathurin,Jason,4,2021-22,prior_sample,No matched prior season or fewer than 10 games,,,
2022-23,bensimmons,Ben Simmons,Alvin,15,2021-22,prior_sample,No matched prior season or fewer than 10 games,,,
2022-23,chetholmgren,Chet Holmgren,Ian,8,2021-22,prior_sample,No matched prior season or fewer than 10 games,,,
2022-23,jabarismithjr,Jabari Smith Jr.,Darren,18,2021-22,prior_sample,No matched prior season or fewer than 10 games,,,
2022-23,jadenivey,Jaden Ivey,Brent,9,2021-22,prior_sample,No matched prior season or fewer than 10 games,,,
2022-23,jalenduren,Jalen Duren,Arthur,1,2021-22,prior_sample,No matched prior season or fewer than 10 games,,,
2022-23,jalenjacksonjr,Jalen Jackson Jr.,Alvin,6,2021-22,prior_sample,No matched prior season or fewer than 10 games,,,
2022-23,jameswiseman,James Wiseman,Mark,6,2021-22,prior_sample,No matched prior season or fewer than 10 games,,,
2022-23,johnwall,John Wall,Arthur,7,2021-22,prior_sample,No matched prior season or fewer than 10 games,,,
2022-23,jonathanisaac,Jonathan Isaac,Graham,1,2021-22,prior_sample,No matched prior season or fewer than 10 games,,,
2022-23,keeganmurray,Keegan Murray,Darren,15,2021-22,prior_sample,No matched prior season or fewer than 10 games,,,
2022-23,lonzoball,Lonzo Ball,Mark,2,2021-22,preseason_availability,"Another knee procedure before camp; reevaluation in 4-6 weeks, not a clearance date.",2022-09-21,delayed_start,https://www.nba.com/news/lonzo-ball-arthroscopic-debridement-procedure
2022-23,michaelporterjr,Michael Porter Jr.,Graham,14,2021-22,prior_sample,No matched prior season or fewer than 10 games,,,
2022-23,paolobanchero,Paolo Banchero,Brent,18,2021-22,prior_sample,No matched prior season or fewer than 10 games,,,
2022-23,tarieason,Tari Eason,Darren,8,2021-22,prior_sample,No matched prior season or fewer than 10 games,,,
2022-23,victoroladipo,Victor Oladipo,Benji,2,2021-22,prior_sample,No matched prior season or fewer than 10 games,,,
2022-23,walkerkessler,Walker Kessler,Darren,2,2021-22,prior_sample,No matched prior season or fewer than 10 games,,,
2022-23,xaviertillman,Xavier Tillman,Peter,1,2021-22,prior_sample,No matched prior season or fewer than 10 games,,,
2022-23,zionwilliamson,Zion Williamson,Arthur,46,2021-22,prior_sample,No matched prior season or fewer than 10 games,,,
2023-24,amenthompson,Amen Thompson,Mark,5,2022-23,prior_sample,No matched prior season or fewer than 10 games,,,
2023-24,ausarthompson,Ausar Thompson,Peter,5,2022-23,prior_sample,No matched prior season or fewer than 10 games,,,
2023-24,bilalcoulibaly,Bilal Coulibaly,Arthur,1,2022-23,prior_sample,No matched prior season or fewer than 10 games,,,
2023-24,brandonmiller,Brandon Miller,Brent,11,2022-23,prior_sample,No matched prior season or fewer than 10 games,,,
2023-24,derecklivelyii,Dereck Lively II,Brent,3,2022-23,prior_sample,No matched prior season or fewer than 10 games,,,
2023-24,gradeydick,Gradey Dick,Peter,3,2022-23,prior_sample,No matched prior season or fewer than 10 games,,,
2023-24,jaracewalker,Jarace Walker,Benji,13,2022-23,prior_sample,No matched prior season or fewer than 10 games,,,
2023-24,milesbridges,Miles Bridges,Joe,6,2022-23,prior_sample,No matched prior season or fewer than 10 games,,,
2023-24,oliviermaxenceprosper,Olivier-Maxence Prosper,Graham,1,2022-23,prior_sample,No matched prior season or fewer than 10 games,,,
2023-24,scoothenderson,Scoot Henderson,Ron,20,2022-23,prior_sample,No matched prior season or fewer than 10 games,,,
2023-24,taylorhendricks,Taylor Hendricks,Peter,1,2022-23,prior_sample,No matched prior season or fewer than 10 games,,,
2023-24,victorwembanyama,Victor Wembanyama,Arthur,39,2022-23,prior_sample,No matched prior season or fewer than 10 games,,,
2024-25,alexsarr,Alex Sarr,Ron,10,2023-24,prior_sample,No matched prior season or fewer than 10 games,,,
2024-25,daltonknecht,Dalton Knecht,Isaac,3,2023-24,prior_sample,No matched prior season or fewer than 10 games,,,
2024-25,donovanclingan,Donovan Clingan,Brent,4,2023-24,prior_sample,No matched prior season or fewer than 10 games,,,
2024-25,karlomatkovic,Karlo Matkovic,Kerry,1,2023-24,prior_sample,No matched prior season or fewer than 10 games,,,
2024-25,kelelware,Kel'el Ware,Peter,4,2023-24,prior_sample,No matched prior season or fewer than 10 games,,,
2024-25,kevinporterjr,Kevin Porter Jr.,Darren,1,2023-24,prior_sample,No matched prior season or fewer than 10 games,,,
2024-25,kristapsporzingis,Kristaps Porzingis,Joe,14,2023-24,preseason_availability,Leg surgery with a published 5-6 month recovery window extending into the next season.,2024-06-27,delayed_start,https://cdn-uat.nba.com/news/celtics-kristaps-porzingis-offseason-surgery
2024-25,lonzoball,Lonzo Ball,Ian,5,2023-24,prior_sample,No matched prior season or fewer than 10 games,,,
2024-25,matasbuzelis,Matas Buzelis,Peter,3,2023-24,prior_sample,No matched prior season or fewer than 10 games,,,
2024-25,reedsheppard,Reed Sheppard,Mark,11,2023-24,prior_sample,No matched prior season or fewer than 10 games,,,
2024-25,robdillingham,Rob Dillingham,Alvin,1,2023-24,prior_sample,No matched prior season or fewer than 10 games,,,
2024-25,robertwilliamsiii,Robert Williams III,Arthur,1,2023-24,prior_sample,No matched prior season or fewer than 10 games,,,
2024-25,ronaldhollandii,Ronald Holland II,Alvin,1,2023-24,prior_sample,No matched prior season or fewer than 10 games,,,
2024-25,stephoncastle,Stephon Castle,Kerry,7,2023-24,prior_sample,No matched prior season or fewer than 10 games,,,
2024-25,stevenadams,Steven Adams,Alvin,1,2023-24,prior_sample,No matched prior season or fewer than 10 games,,,
2024-25,yvesmissi,Yves Missi,Jason,1,2023-24,prior_sample,No matched prior season or fewer than 10 games,,,
2024-25,zaccharierisacher,Zaccharie Risacher,Max,2,2023-24,prior_sample,No matched prior season or fewer than 10 games,,,
2024-25,zachedey,Zach Edey,Benji,15,2023-24,prior_sample,No matched prior season or fewer than 10 games,,,
2025-26,adembona,Adem Bona,Alvin,2,2025-26,missing_historical_projection,Not listed in the supplied partial projection workbook; no prior-actuals fallback or invented zero forecast.,,,
2025-26,alhorford,Al Horford,Kerry,3,2025-26,missing_historical_projection,Not listed in the supplied partial projection workbook; no prior-actuals fallback or invented zero forecast.,,,
2025-26,andredrummond,Andre Drummond,Ian,1,2025-26,missing_historical_projection,Not listed in the supplied partial projection workbook; no prior-actuals fallback or invented zero forecast.,,,
2025-26,bricesensabaugh,Brice Sensabaugh,Darren,1,2025-26,missing_historical_projection,Not listed in the supplied partial projection workbook; no prior-actuals fallback or invented zero forecast.,,,
2025-26,brooklopez,Brook Lopez,Arthur,5,2025-26,missing_historical_projection,Not listed in the supplied partial projection workbook; no prior-actuals fallback or invented zero forecast.,,,
2025-26,carislevert,Caris LeVert,Jason,1,2025-26,missing_historical_projection,Not listed in the supplied partial projection workbook; no prior-actuals fallback or invented zero forecast.,,,
2025-26,chrisboucher,Chris Boucher,Max,1,2025-26,missing_historical_projection,Not listed in the supplied partial projection workbook; no prior-actuals fallback or invented zero forecast.,,,
2025-26,coleanthony,Cole Anthony,Jason,1,2025-26,missing_historical_projection,Not listed in the supplied partial projection workbook; no prior-actuals fallback or invented zero forecast.,,,
2025-26,daltonknecht,Dalton Knecht,Benji,1,2025-26,missing_historical_projection,Not listed in the supplied partial projection workbook; no prior-actuals fallback or invented zero forecast.,,,
2025-26,damianlillard,Damian Lillard,Alvin,1,2024-25,preseason_availability,Achilles rehabilitation could keep him out for the coming season.,2025-07-19,extended_rehab,https://www.nba.com/news/damian-lillard-to-return-to-trail-blazers
2025-26,dejountemurray,Dejounte Murray,Max,2,2024-25,preseason_availability,Still recovering from an Achilles injury at preseason media day.,2025-09-23,extended_rehab,https://cdn-uat.nba.com/news/zion-williamson-pelicans-media-day
2025-26,duncanrobinson,Duncan Robinson,Ian,1,2025-26,missing_historical_projection,Not listed in the supplied partial projection workbook; no prior-actuals fallback or invented zero forecast.,,,
2025-26,georgesniang,Georges Niang,Benji,1,2025-26,missing_historical_projection,Not listed in the supplied partial projection workbook; no prior-actuals fallback or invented zero forecast.,,,
2025-26,ggjackson,GG Jackson,Benji,1,2025-26,missing_historical_projection,Not listed in the supplied partial projection workbook; no prior-actuals fallback or invented zero forecast.,,,
2025-26,gogabitadze,Goga Bitadze,Graham,1,2025-26,missing_historical_projection,Not listed in the supplied partial projection workbook; no prior-actuals fallback or invented zero forecast.,,,
2025-26,grantwilliams,Grant Williams,Jason,1,2025-26,missing_historical_projection,Not listed in the supplied partial projection workbook; no prior-actuals fallback or invented zero forecast.,,,
2025-26,isaiahjackson,Isaiah Jackson,Darren,1,2025-26,missing_historical_projection,Not listed in the supplied partial projection workbook; no prior-actuals fallback or invented zero forecast.,,,
2025-26,jaysontatum,Jayson Tatum,Ian,23,2024-25,preseason_availability,Achilles rehabilitation expected to cost most or all of the coming season; no invented zero-game forecast.,2025-08-07,extended_rehab,https://www.nba.com/news/celtics-jayson-tatum-rehab-progressing
2025-26,jeremiahfears,Jeremiah Fears,Benji,1,2025-26,missing_historical_projection,Not listed in the supplied partial projection workbook; no prior-actuals fallback or invented zero forecast.,,,
2025-26,jonathankuminga,Jonathan Kuminga,Kerry,3,2025-26,missing_historical_projection,Not listed in the supplied partial projection workbook; no prior-actuals fallback or invented zero forecast.,,,
2025-26,kellyoubrejr,Kelly Oubre Jr.,Mark,1,2025-26,missing_historical_projection,Not listed in the supplied partial projection workbook; no prior-actuals fallback or invented zero forecast.,,,
2025-26,kyrieirving,Kyrie Irving,Arthur,8,2025-26,missing_historical_projection,Not listed in the supplied partial projection workbook; no prior-actuals fallback or invented zero forecast.,,,
2025-26,masonplumlee,Mason Plumlee,Benji,1,2025-26,missing_historical_projection,Not listed in the supplied partial projection workbook; no prior-actuals fallback or invented zero forecast.,,,
2025-26,maxstrus,Max Strus,Jason,1,2025-26,missing_historical_projection,Not listed in the supplied partial projection workbook; no prior-actuals fallback or invented zero forecast.,,,
2025-26,moussadiabate,Moussa Diabate,Max,1,2025-26,missing_historical_projection,Not listed in the supplied partial projection workbook; no prior-actuals fallback or invented zero forecast.,,,
2025-26,peytonwatson,Peyton Watson,Mark,1,2025-26,missing_historical_projection,Not listed in the supplied partial projection workbook; no prior-actuals fallback or invented zero forecast.,,,
2025-26,ruihachimura,Rui Hachimura,Jason,1,2025-26,missing_historical_projection,Not listed in the supplied partial projection workbook; no prior-actuals fallback or invented zero forecast.,,,
2025-26,russellwestbrook,Russell Westbrook,Ian,1,2025-26,missing_historical_projection,Not listed in the supplied partial projection workbook; no prior-actuals fallback or invented zero forecast.,,,
2025-26,terrenceshannonjr,Terrence Shannon Jr,Benji,1,2025-26,missing_historical_projection,Not listed in the supplied partial projection workbook; no prior-actuals fallback or invented zero forecast.,,,
2025-26,trejones,Tre Jones,Arthur,2,2025-26,missing_historical_projection,Not listed in the supplied partial projection workbook; no prior-actuals fallback or invented zero forecast.,,,
2025-26,tyresehaliburton,Tyrese Haliburton,Arthur,15,2024-25,preseason_availability,Indiana confirmed he would miss the coming season during Achilles rehabilitation.,2025-07-07,season_absence_expected,https://www.nba.com/news/pacers-confirm-tyrese-haliburton-will-miss-entire-2025-26-season
2025-26,wendellcarterjr,Wendell Carter Jr.,Jason,1,2025-26,missing_historical_projection,Not listed in the supplied partial projection workbook; no prior-actuals fallback or invented zero forecast.,,,
