target_player,season,player_id,player,franchise,kind,cost,adjusted_cost,cash_adjustment,supply_adjustment,profile_adjustment,unclamped_adjusted_cost,distance,match_quality,reliability,auction_origin,auction_overlap,projected_games,forecast_dataset_id,source_cell,contract_year_recorded,supports_uplift,pts_pg,reb_pg,ast_pg,stl_pg,blk_pg,fg3m_pg,fgm_pg,fga_pg,ftm_pg,fta_pg,claim_details
Anthony Davis,2025-26,anthonydavis,Anthony Davis,Darren,keeper,48,46.89578433834199,4.026400862068968,-1.2409924878948146,-3.889624035832166,46.89578433834199,0.5083098396018652,strong,0.19780232194034372,2023-24,True,65.0,a75da975dfa6c5e27d941a07dfc5e26fd202f2dc1605f4e8dd7d791a10762417,A2,3,True,24.123076923076923,11.046153846153846,4.3538461538461535,1.1384615384615384,2.246153846153846,0.9230769230769231,9.215384615384615,18.43076923076923,4.769230769230769,6.030769230769231,
Anthony Edwards,2025-26,anthonyedwards,Anthony Edwards,Jason,keeper,45,48.95864705614094,3.7693965517241423,-1.1617802014334515,1.3510307058502509,48.95864705614094,0.60049966814467,strong,0.3513430220897,2020-21,False,79.0,a75da975dfa6c5e27d941a07dfc5e26fd202f2dc1605f4e8dd7d791a10762417,A2,6,True,27.962025316455698,5.531645569620253,4.974683544303797,1.3037974683544304,0.6075949367088608,4.050632911392405,9.379746835443038,20.949367088607595,5.151898734177215,6.215189873417722,
Anthony Edwards,2024-25,anthonyedwards,Anthony Edwards,Jason,keeper,30,31.212333284011876,-0.7705314009661812,-0.18539234966274165,2.1682570346407974,31.212333284011876,0.7394235416610596,strong,0.2677160025835481,2020-21,False,75.0,b2b377ef709a3d7614a856e24698dc701107fdf21282d5e9f46f2aedb88102ff,A20,5,False,27.0,6.1,5.7,1.4,0.6,2.7,9.2,20.0,6.0,7.1,
Anthony Edwards,2023-24,anthonyedwards,Anthony Edwards,Jason,keeper,20,24.833706727147693,-1.0846981750116989,0.13454427713964634,5.783860625019746,24.833706727147693,0.7323059213366778,strong,0.2429284328708505,2020-21,False,,23eb37ffbc54ae64adc23c6ee9ca07d39c6256b0519ed8681c179a8c43439d5e,A40,4,False,26.4,6.0,4.8,1.6,0.7,2.9,9.588,20.4,4.311999999999999,5.6,
Austin Reaves,2026-27,austinreaves,Austin Reaves,Peter,keeper,19,19.0,0.0,0.0,0.0,19.0,0.0,strong,1.0,2023-24,False,67.0,b0f364cefd050f32a5ef16abf63783f769c700bfe8471c9626a72326a1fc7db9,,,False,23.417910447761194,4.895522388059701,5.895522388059701,1.1044776119402986,0.40298507462686567,2.5074626865671643,7.447761194029851,15.402985074626866,6.014925373134329,6.895522388059701,
Austin Reaves,2025-26,austinreaves,Austin Reaves,Isaac,keeper,18,24.23067327811428,1.4563577586206904,-0.4488696232811016,5.223185142774692,24.23067327811428,0.6559601321374128,strong,0.3282031582556645,2023-24,False,70.0,a75da975dfa6c5e27d941a07dfc5e26fd202f2dc1605f4e8dd7d791a10762417,A3,2,False,20.15714285714286,4.142857142857143,5.514285714285714,0.9714285714285714,0.34285714285714286,2.757142857142857,6.6,13.8,4.2,4.828571428571428,
Brandon Miller,2024-25,brandonmiller,Brandon Miller,Brent,keeper,12,18.40782368553428,-0.29227053140096615,-0.07032123607897312,6.770415453014218,18.40782368553428,0.9892568680727393,supporting,0.07164259873426548,2023-24,False,72.0,b2b377ef709a3d7614a856e24698dc701107fdf21282d5e9f46f2aedb88102ff,A22,2,False,18.3,4.8,2.7,1.0,0.7,2.8,6.7,15.1,2.2,2.7,
Cade Cunningham,2026-27,cadecunningham,Cade Cunningham,Ron,keeper,39,39.0,0.0,0.0,0.0,39.0,0.0,strong,0.5,2024-25,True,69.0,b0f364cefd050f32a5ef16abf63783f769c700bfe8471c9626a72326a1fc7db9,,,True,24.6231884057971,5.594202898550725,9.797101449275363,1.4057971014492754,0.7971014492753623,2.0,8.898550724637682,19.304347826086957,4.826086956521739,5.898550724637682,
Cade Cunningham,2026-27,cadecunningham,Cade Cunningham,Alvin,claim,37,37.0,0.0,0.0,0.0,37.0,0.0,strong,0.25,2024-25,True,69.0,b0f364cefd050f32a5ef16abf63783f769c700bfe8471c9626a72326a1fc7db9,,,True,24.6231884057971,5.594202898550725,9.797101449275363,1.4057971014492754,0.7971014492753623,2.0,8.898550724637682,19.304347826086957,4.826086956521739,5.898550724637682,"{""formula"":""prior cost + n*(n+1)/2; n is this claimant's prior final-roster contract year"",""price_status"":""derived"",""prior_contract_year"":1,""prior_cost"":36,""prior_cost_cell"":""E2"",""prior_season"":""2025-26"",""prior_year_cell"":""F2"",""raw_claim"":{""choice_rank"":5,""eligible_cost"":null,""franchise"":""Alvin"",""kept_by"":""Ron"",""player"":""Cade Cunningham"",""status"":""blocked_by_keeper""},""source_workbook_sha256"":""59a6a80ce913c1ee51e35c213b85ca13bb78380df68a73fa1ceb164b84c647a6""}"
Cade Cunningham,2026-27,cadecunningham,Cade Cunningham,Peter,claim,37,37.0,0.0,0.0,0.0,37.0,0.0,strong,0.25,2024-25,True,69.0,b0f364cefd050f32a5ef16abf63783f769c700bfe8471c9626a72326a1fc7db9,,,True,24.6231884057971,5.594202898550725,9.797101449275363,1.4057971014492754,0.7971014492753623,2.0,8.898550724637682,19.304347826086957,4.826086956521739,5.898550724637682,"{""formula"":""prior cost + n*(n+1)/2; n is this claimant's prior final-roster contract year"",""price_status"":""derived"",""prior_contract_year"":1,""prior_cost"":36,""prior_cost_cell"":""E17"",""prior_season"":""2025-26"",""prior_year_cell"":""F17"",""raw_claim"":{""choice_rank"":1,""eligible_cost"":null,""franchise"":""Peter"",""kept_by"":""Ron"",""player"":""Cade Cunningham"",""status"":""blocked_by_keeper""},""source_workbook_sha256"":""59a6a80ce913c1ee51e35c213b85ca13bb78380df68a73fa1ceb164b84c647a6""}"
Cade Cunningham,2025-26,cadecunningham,Cade Cunningham,Ron,keeper,36,32.604302671660136,2.9983836206896584,-0.9241433420493337,-5.469937606980187,32.604302671660136,0.5563373062358571,strong,0.18578260924367887,2024-25,True,69.0,a75da975dfa6c5e27d941a07dfc5e26fd202f2dc1605f4e8dd7d791a10762417,A2,2,False,26.768115942028984,6.202898550724638,8.942028985507246,1.0724637681159421,0.7101449275362319,2.1594202898550723,10.028985507246377,20.82608695652174,4.550724637681159,5.3478260869565215,
Chet Holmgren,2026-27,chetholmgren,Chet Holmgren,Kerry,keeper,19,19.0,0.0,0.0,0.0,19.0,0.0,strong,1.0,2022-23,False,65.0,b0f364cefd050f32a5ef16abf63783f769c700bfe8471c9626a72326a1fc7db9,,,False,16.50769230769231,8.4,2.0,0.6,2.1076923076923078,1.4,6.061538461538461,11.307692307692308,2.9846153846153847,3.8,
Chet Holmgren,2026-27,chetholmgren,Chet Holmgren,Peter,claim,19,19.0,0.0,0.0,0.0,19.0,0.0,strong,0.5,2022-23,False,65.0,b0f364cefd050f32a5ef16abf63783f769c700bfe8471c9626a72326a1fc7db9,,,False,16.50769230769231,8.4,2.0,0.6,2.1076923076923078,1.4,6.061538461538461,11.307692307692308,2.9846153846153847,3.8,"{""formula"":""prior cost + n*(n+1)/2; n is this claimant's prior final-roster contract year"",""price_status"":""derived"",""prior_contract_year"":1,""prior_cost"":18,""prior_cost_cell"":""E15"",""prior_season"":""2025-26"",""prior_year_cell"":""F15"",""raw_claim"":{""choice_rank"":5,""eligible_cost"":null,""franchise"":""Peter"",""kept_by"":""Kerry"",""player"":""Chet Holmgren"",""status"":""blocked_by_keeper""},""source_workbook_sha256"":""59a6a80ce913c1ee51e35c213b85ca13bb78380df68a73fa1ceb164b84c647a6""}"
Chet Holmgren,2025-26,chetholmgren,Chet Holmgren,Ian,keeper,18,12.0519443705068,1.4563577586206904,-0.4488696232811016,-6.95554376483279,12.0519443705068,0.6785643198458255,strong,0.3194232577860816,2022-23,False,68.0,a75da975dfa6c5e27d941a07dfc5e26fd202f2dc1605f4e8dd7d791a10762417,A2,4,False,18.029411764705884,8.691176470588236,2.3970588235294117,0.8088235294117647,2.514705882352941,1.6323529411764706,6.323529411764706,12.0,3.75,4.794117647058823,
Chet Holmgren,2024-25,chetholmgren,Chet Holmgren,Ian,keeper,12,1.5144864904025397,-0.29227053140096615,-0.07032123607897312,-10.122921742117521,1.5144864904025397,1.2208534086976297,supporting,0.057479539084883624,2022-23,False,74.0,b2b377ef709a3d7614a856e24698dc701107fdf21282d5e9f46f2aedb88102ff,A21,3,False,18.3,9.5,2.9,0.8,2.8,1.9,6.6,12.5,3.2,4.0,
Cooper Flagg,2026-27,cooperflagg,Cooper Flagg,Jason,keeper,38,38.0,0.0,0.0,0.0,38.0,0.0,strong,1.0,2025-26,False,72.0,b0f364cefd050f32a5ef16abf63783f769c700bfe8471c9626a72326a1fc7db9,,,True,22.26388888888889,7.0,4.805555555555555,1.3055555555555556,1.0,1.0972222222222223,8.430555555555555,18.0,4.305555555555555,5.194444444444445,
Cooper Flagg,2026-27,cooperflagg,Cooper Flagg,Alvin,claim,38,38.0,0.0,0.0,0.0,38.0,0.0,strong,0.5,2025-26,False,72.0,b0f364cefd050f32a5ef16abf63783f769c700bfe8471c9626a72326a1fc7db9,,,True,22.26388888888889,7.0,4.805555555555555,1.3055555555555556,1.0,1.0972222222222223,8.430555555555555,18.0,4.305555555555555,5.194444444444445,"{""formula"":""prior cost + n*(n+1)/2; n is this claimant's prior final-roster contract year"",""price_status"":""derived"",""prior_contract_year"":1,""prior_cost"":37,""prior_cost_cell"":""E7"",""prior_season"":""2025-26"",""prior_year_cell"":""F7"",""raw_claim"":{""choice_rank"":4,""eligible_cost"":null,""franchise"":""Alvin"",""kept_by"":""Jason"",""player"":""Cooper Flagg"",""status"":""blocked_by_keeper""},""source_workbook_sha256"":""59a6a80ce913c1ee51e35c213b85ca13bb78380df68a73fa1ceb164b84c647a6""}"
Cooper Flagg,2026-27,cooperflagg,Cooper Flagg,Peter,claim,38,38.0,0.0,0.0,0.0,38.0,0.0,strong,0.5,2025-26,False,72.0,b0f364cefd050f32a5ef16abf63783f769c700bfe8471c9626a72326a1fc7db9,,,True,22.26388888888889,7.0,4.805555555555555,1.3055555555555556,1.0,1.0972222222222223,8.430555555555555,18.0,4.305555555555555,5.194444444444445,"{""formula"":""prior cost + n*(n+1)/2; n is this claimant's prior final-roster contract year"",""price_status"":""derived"",""prior_contract_year"":1,""prior_cost"":37,""prior_cost_cell"":""E13"",""prior_season"":""2025-26"",""prior_year_cell"":""F13"",""raw_claim"":{""choice_rank"":2,""eligible_cost"":null,""franchise"":""Peter"",""kept_by"":""Jason"",""player"":""Cooper Flagg"",""status"":""blocked_by_keeper""},""source_workbook_sha256"":""59a6a80ce913c1ee51e35c213b85ca13bb78380df68a73fa1ceb164b84c647a6""}"
Damian Lillard,2023-24,damianlillard,Damian Lillard,Arthur,keeper,50,34.18279136424422,-2.797379503977538,0.3469826094653996,-13.366811741243646,34.18279136424422,1.1761150812287156,supporting,0.02694026475655294,2022-23,True,,23eb37ffbc54ae64adc23c6ee9ca07d39c6256b0519ed8681c179a8c43439d5e,A40,2,True,29.6,4.4,7.3,0.8,0.3,3.9,8.865,19.7,7.920000000000001,8.8,
Damian Lillard,2026-27,damianlillard,Damian Lillard,Alvin,keeper,2,2.0,0.0,0.0,0.0,2.0,0.0,strong,1.0,2025-26,False,65.0,b0f364cefd050f32a5ef16abf63783f769c700bfe8471c9626a72326a1fc7db9,,,False,21.661538461538463,4.0,6.2,1.0,0.2,2.876923076923077,6.630769230769231,15.107692307692307,5.523076923076923,6.0,
Darius Garland,2026-27,dariusgarland,Darius Garland,Isaac,keeper,18,18.0,0.0,0.0,0.0,18.0,0.0,strong,0.5,2025-26,True,69.0,b0f364cefd050f32a5ef16abf63783f769c700bfe8471c9626a72326a1fc7db9,,,False,21.6231884057971,3.0,7.405797101449275,1.3043478260869565,0.2028985507246377,2.927536231884058,7.840579710144928,17.0,3.0144927536231885,3.5072463768115942,
Darius Garland,2023-24,dariusgarland,Darius Garland,Benji,keeper,12,11.573015657958187,-0.6279831539541405,0.0778940551861087,0.12310475672621916,11.573015657958187,0.41272021297061967,strong,0.36527101403162476,2020-21,False,,23eb37ffbc54ae64adc23c6ee9ca07d39c6256b0519ed8681c179a8c43439d5e,A39,4,False,21.6,3.0,8.0,1.2,0.1,2.5,7.636000000000001,16.6,3.8280000000000003,4.4,
De'Aaron Fox,2026-27,deaaronfox,De'Aaron Fox,Jason,keeper,30,30.000000000000004,0.0,3.552713678800501e-15,0.0,30.000000000000004,0.0,strong,0.5,2025-26,True,71.0,b0f364cefd050f32a5ef16abf63783f769c700bfe8471c9626a72326a1fc7db9,,,True,20.633802816901408,4.0,5.605633802816901,1.3943661971830985,0.29577464788732394,2.0140845070422535,7.690140845070423,16.295774647887324,3.23943661971831,4.197183098591549,
Dejounte Murray,2026-27,dejountemurray,Dejounte Murray,Max,keeper,3,3.0,0.0,0.0,0.0,3.0,0.0,strong,1.0,2025-26,False,68.0,b0f364cefd050f32a5ef16abf63783f769c700bfe8471c9626a72326a1fc7db9,,,False,19.529411764705884,5.397058823529412,6.397058823529412,1.5,0.29411764705882354,2.088235294117647,7.382352941176471,16.5,2.676470588235294,3.2941176470588234,
Dejounte Murray,2026-27,dejountemurray,Dejounte Murray,Kerry,claim,3,3.0,0.0,0.0,0.0,3.0,0.0,strong,0.5,2025-26,False,68.0,b0f364cefd050f32a5ef16abf63783f769c700bfe8471c9626a72326a1fc7db9,,,False,19.529411764705884,5.397058823529412,6.397058823529412,1.5,0.29411764705882354,2.088235294117647,7.382352941176471,16.5,2.676470588235294,3.2941176470588234,"{""formula"":""prior cost + n*(n+1)/2; n is this claimant's prior final-roster contract year"",""price_status"":""derived"",""prior_contract_year"":1,""prior_cost"":2,""prior_cost_cell"":""E5"",""prior_season"":""2025-26"",""prior_year_cell"":""F5"",""raw_claim"":{""choice_rank"":1,""eligible_cost"":null,""franchise"":""Kerry"",""kept_by"":""Max"",""player"":""Dejounte Murray"",""status"":""blocked_by_keeper""},""source_workbook_sha256"":""59a6a80ce913c1ee51e35c213b85ca13bb78380df68a73fa1ceb164b84c647a6""}"
Deni Avdija,2026-27,deniavdija,Deni Avdija,Mark,keeper,24,24.000000000000004,0.0,3.552713678800501e-15,0.0,24.000000000000004,0.0,strong,0.5,2025-26,True,72.0,b0f364cefd050f32a5ef16abf63783f769c700bfe8471c9626a72326a1fc7db9,,,False,23.02777777777778,7.194444444444445,6.305555555555555,0.8055555555555556,0.5972222222222222,1.8611111111111112,7.236111111111111,15.5,6.694444444444445,8.402777777777779,
Derrick White,2025-26,derrickwhite,Derrick White,Graham,keeper,12,6.142017487949957,0.9423491379310356,-0.2904450503583629,-6.509886599622716,6.142017487949957,0.4148887566186639,strong,0.22478530827071952,2023-24,True,74.0,a75da975dfa6c5e27d941a07dfc5e26fd202f2dc1605f4e8dd7d791a10762417,A3,3,False,18.7027027027027,4.621621621621622,5.608108108108108,0.8918918918918919,1.0945945945945945,3.2162162162162162,6.3108108108108105,14.85135135135135,2.864864864864865,3.2972972972972974,
Derrick White,2024-25,derrickwhite,Derrick White,Graham,keeper,9,1.5964931805685039,-0.21256038647342912,-0.05114271714834295,-7.139803715809724,1.5964931805685039,0.7414791607600252,supporting,0.04673976277221904,2023-24,True,70.0,b2b377ef709a3d7614a856e24698dc701107fdf21282d5e9f46f2aedb88102ff,A21,2,False,15.7,4.5,5.5,1.1,1.3,2.9,5.4,11.7,2.0,2.2,
Desmond Bane,2026-27,desmondbane,Desmond Bane,Darren,keeper,15,15.0,1.7763568394002505e-15,-1.7763568394002505e-15,0.0,15.0,0.0,strong,1.0,2021-22,False,72.0,b0f364cefd050f32a5ef16abf63783f769c700bfe8471c9626a72326a1fc7db9,,,False,20.680555555555557,4.805555555555555,4.805555555555555,1.0972222222222223,0.5,2.375,7.444444444444445,15.5,3.4166666666666665,3.8055555555555554,
Desmond Bane,2025-26,desmondbane,Desmond Bane,Arthur,keeper,14,16.470710792069617,1.1136853448275872,-0.34325324133260793,1.7002786885746386,16.470710792069617,0.44003271505460156,strong,0.4340080572797516,2021-22,False,69.0,a75da975dfa6c5e27d941a07dfc5e26fd202f2dc1605f4e8dd7d791a10762417,A3,2,False,20.07246376811594,4.768115942028985,4.3768115942028984,1.0724637681159421,0.42028985507246375,2.9130434782608696,7.304347826086956,15.753623188405797,2.550724637681159,2.9130434782608696,
Desmond Bane,2023-24,desmondbane,Desmond Bane,Kerry,keeper,7,6.2101381450838895,-0.34253626579316787,0.04248766646515101,-0.48981325558809335,6.2101381450838895,0.44173747702536964,strong,0.350715655534241,2021-22,False,,23eb37ffbc54ae64adc23c6ee9ca07d39c6256b0519ed8681c179a8c43439d5e,A41,3,False,22.7,4.8,4.1,1.1,0.4,3.0,8.177999999999999,17.4,3.3819999999999997,3.8,
Desmond Bane,2024-25,desmondbane,Desmond Bane,Kerry,keeper,13,8.016734264082212,-0.31884057971014457,-0.07671407572251354,-4.58771108048513,8.016734264082212,0.6637231614251835,strong,0.2926327264001031,2021-22,False,68.0,b2b377ef709a3d7614a856e24698dc701107fdf21282d5e9f46f2aedb88102ff,A22,4,False,23.6,4.6,5.7,1.1,0.6,3.4,8.3,18.0,3.5,4.0,
Devin Booker,2025-26,devinbooker,Devin Booker,Max,keeper,45,41.7473210220583,3.7693965517241423,-1.1617802014334515,-5.86029532823239,41.7473210220583,0.4753872458230805,strong,0.4134571053669062,2016-17,False,68.0,a75da975dfa6c5e27d941a07dfc5e26fd202f2dc1605f4e8dd7d791a10762417,A2,5,True,28.514705882352942,4.382352941176471,7.294117647058823,1.0147058823529411,0.36764705882352944,2.6470588235294117,10.073529411764707,21.426470588235293,5.720588235294118,6.573529411764706,
Devin Booker,2023-24,devinbooker,Devin Booker,Max,keeper,29,28.156166502974273,-1.5985025737014489,0.19827577683736664,0.556393299838354,28.156166502974273,0.5189859923636537,strong,0.31595118635691827,2016-17,False,,23eb37ffbc54ae64adc23c6ee9ca07d39c6256b0519ed8681c179a8c43439d5e,A41,3,False,26.6,4.8,5.8,1.0,0.3,2.3,9.359,19.1,5.59,6.5,
Devin Booker,2024-25,devinbooker,Devin Booker,Max,keeper,35,27.08365467275091,-0.9033816425120733,-0.21735654788046332,-6.795607136856552,27.08365467275091,0.6867301377211203,strong,0.28470415762292683,2016-17,False,68.0,b2b377ef709a3d7614a856e24698dc701107fdf21282d5e9f46f2aedb88102ff,A21,4,False,27.3,4.8,7.3,1.0,0.4,2.4,9.3,18.9,6.3,7.1,
Domantas Sabonis,2023-24,domantassabonis,Domantas Sabonis,Peter,keeper,39,36.433817535440475,-2.1693963500233977,0.2690885542792927,-0.6658746688154176,36.433817535440475,0.3942661242302858,strong,0.1875021195092845,2022-23,True,,23eb37ffbc54ae64adc23c6ee9ca07d39c6256b0519ed8681c179a8c43439d5e,A39,2,False,19.1,12.2,7.0,0.9,0.5,0.4,7.319999999999999,12.2,4.07,5.5,
Donovan Clingan,2026-27,donovanclingan,Donovan Clingan,Alvin,keeper,16,16.0,0.0,0.0,0.0,16.0,0.0,strong,0.5,2025-26,True,73.0,b0f364cefd050f32a5ef16abf63783f769c700bfe8471c9626a72326a1fc7db9,,,True,11.438356164383562,11.095890410958905,2.0,0.6027397260273972,1.6986301369863013,0.9863013698630136,4.383561643835616,8.397260273972602,1.6849315068493151,2.506849315068493,
Donovan Mitchell,2025-26,donovanmitchell,Donovan Mitchell,Joe,keeper,44,49.74007947524782,3.6837284482758648,-1.1353761059463139,3.191727132918265,49.74007947524782,0.5512913002593667,strong,0.37398638808001833,2017-18,False,68.0,a75da975dfa6c5e27d941a07dfc5e26fd202f2dc1605f4e8dd7d791a10762417,A2,5,True,24.676470588235293,4.470588235294118,5.0588235294117645,1.3970588235294117,0.38235294117647056,3.3823529411764706,8.470588235294118,18.558823529411764,4.352941176470588,5.117647058823529,
Donovan Mitchell,2023-24,donovanmitchell,Donovan Mitchell,Joe,keeper,28,29.94152856474941,-1.5414131960692572,0.19119449909317865,3.2917472617254915,29.94152856474941,0.46320324665307616,strong,0.34050086231447163,2017-18,False,,23eb37ffbc54ae64adc23c6ee9ca07d39c6256b0519ed8681c179a8c43439d5e,A40,3,False,27.0,4.4,4.6,1.5,0.3,3.6,9.476,20.6,4.472,5.2,
Donovan Mitchell,2024-25,donovanmitchell,Donovan Mitchell,Joe,keeper,34,27.25166369572861,-0.8768115942028984,-0.21096370823691046,-5.6605610018315815,27.25166369572861,0.7958455343414128,strong,0.25115802584333596,2017-18,False,67.0,b2b377ef709a3d7614a856e24698dc701107fdf21282d5e9f46f2aedb88102ff,A20,4,False,27.1,5.3,6.3,1.9,0.6,3.5,9.2,19.9,5.2,6.0,
Dylan Harper,2026-27,dylanharper,Dylan Harper,Ron,keeper,4,4.0,0.0,0.0,0.0,4.0,0.0,strong,1.0,2025-26,False,72.0,b0f364cefd050f32a5ef16abf63783f769c700bfe8471c9626a72326a1fc7db9,,,False,15.208333333333334,4.402777777777778,5.0,1.0,0.5,1.125,6.208333333333333,12.305555555555555,1.6666666666666667,2.1944444444444446,
Evan Mobley,2023-24,evanmobley,Evan Mobley,Brent,keeper,24,25.2219088310431,-1.3130556855404762,0.1628693881164125,2.3720951284671625,25.2219088310431,0.5885751906064487,strong,0.28887634255270117,2021-22,False,,23eb37ffbc54ae64adc23c6ee9ca07d39c6256b0519ed8681c179a8c43439d5e,A40,3,False,17.2,9.4,3.0,0.9,1.6,0.5,6.966000000000001,12.9,2.788,4.1,
Evan Mobley,2025-26,evanmobley,Evan Mobley,Brent,keeper,24,20.755050201908166,1.9703663793103487,-0.6072941962038456,-4.608021981198337,20.755050201908166,0.5910568768388197,strong,0.17776289061684408,2024-25,True,70.0,a75da975dfa6c5e27d941a07dfc5e26fd202f2dc1605f4e8dd7d791a10762417,A2,2,False,19.542857142857144,9.457142857142857,3.357142857142857,0.9714285714285714,1.5285714285714285,1.3571428571428572,7.4,13.114285714285714,3.3857142857142857,4.571428571428571,
Franz Wagner,2025-26,franzwagner,Franz Wagner,Peter,keeper,26,27.654037164640282,2.1417025862069003,-0.6601023871780924,0.17243696561147623,27.654037164640282,0.2938074927068077,strong,0.26882718845544934,2023-24,True,70.0,a75da975dfa6c5e27d941a07dfc5e26fd202f2dc1605f4e8dd7d791a10762417,A3,2,True,20.97142857142857,4.885714285714286,3.9,1.3,0.35714285714285715,1.4285714285714286,7.685714285714286,15.928571428571429,4.171428571428572,4.871428571428571,
Franz Wagner,2024-25,franzwagner,Franz Wagner,Mark,keeper,25,23.69194377635384,-0.6376811594202891,-0.15342815144502708,-0.5169469127808446,23.69194377635384,0.33471139262111715,strong,0.22734232035560503,2023-24,True,73.0,b2b377ef709a3d7614a856e24698dc701107fdf21282d5e9f46f2aedb88102ff,A21,2,False,21.0,6.0,4.2,1.2,0.4,1.6,7.5,15.7,4.3,5.0,
Fred VanVleet,2024-25,fredvanvleet,Fred VanVleet,Mark,keeper,34,23.504197152295447,-0.8768115942028984,-0.21096370823691046,-9.408027545264742,23.504197152295447,0.6692196218444898,strong,0.2907087183085742,2023-24,False,72.0,b2b377ef709a3d7614a856e24698dc701107fdf21282d5e9f46f2aedb88102ff,A20,2,True,16.0,3.4,7.2,1.2,0.7,2.8,5.5,13.0,2.4,2.8,
Immanuel Quickley,2025-26,immanuelquickley,Immanuel Quickley,Joe,keeper,7,1,0.5140086206896548,-0.15842457292274137,-7.705141643972311,-0.34955759620539784,0.5304291040898226,strong,0.38425194752275654,2023-24,False,70.0,a75da975dfa6c5e27d941a07dfc5e26fd202f2dc1605f4e8dd7d791a10762417,A3,3,False,19.47142857142857,4.357142857142857,6.7,1.0,0.17142857142857143,2.8714285714285714,6.571428571428571,14.914285714285715,3.4571428571428573,4.014285714285714,
Immanuel Quickley,2024-25,immanuelquickley,Immanuel Quickley,Joe,keeper,4,2.87835899919257,-0.07971014492753614,-0.019178518930628385,-1.0227523369492657,2.87835899919257,0.5012394030984686,strong,0.35940582303887403,2023-24,False,67.0,b2b377ef709a3d7614a856e24698dc701107fdf21282d5e9f46f2aedb88102ff,A21,2,False,18.8,4.2,5.3,0.8,0.2,2.6,6.2,14.5,3.5,4.2,
Jalen Brunson,2026-27,jalenbrunson,Jalen Brunson,Isaac,keeper,46,46.0,0.0,0.0,0.0,46.0,0.0,strong,0.5,2025-26,True,72.0,b0f364cefd050f32a5ef16abf63783f769c700bfe8471c9626a72326a1fc7db9,,,True,26.916666666666668,3.3055555555555554,6.902777777777778,0.9027777777777778,0.09722222222222222,2.611111111111111,9.51388888888889,20.0,5.277777777777778,6.305555555555555,
Jalen Brunson,2023-24,jalenbrunson,Jalen Brunson,Kerry,keeper,28,28.5287437011351,-1.5414131960692572,0.19119449909317865,1.8789623981111783,28.5287437011351,0.4964741383465123,strong,0.32552855961013727,2022-23,False,,23eb37ffbc54ae64adc23c6ee9ca07d39c6256b0519ed8681c179a8c43439d5e,A40,2,False,24.6,3.7,6.5,0.9,0.1,2.1,8.95,17.9,4.648,5.6,
Jalen Brunson,2024-25,jalenbrunson,Jalen Brunson,Kerry,keeper,31,23.018743217015153,-0.7971014492753596,-0.1917851893062874,-6.992370144403201,23.018743217015153,0.6658699494208045,strong,0.29187898732934525,2022-23,False,74.0,b2b377ef709a3d7614a856e24698dc701107fdf21282d5e9f46f2aedb88102ff,A21,3,False,29.4,3.8,7.1,1.0,0.2,2.9,10.4,21.6,5.8,6.8,
Jalen Duren,2026-27,jalenduren,Jalen Duren,Graham,keeper,21,21.0,0.0,0.0,0.0,21.0,0.0,strong,0.5,2025-26,True,72.0,b0f364cefd050f32a5ef16abf63783f769c700bfe8471c9626a72326a1fc7db9,,,False,20.25,11.694444444444445,2.3055555555555554,0.9027777777777778,1.0,0.0,7.791666666666667,11.902777777777779,4.666666666666667,6.305555555555555,
Jalen Duren,2024-25,jalenduren,Jalen Duren,Peter,keeper,13,18.37607085675196,-0.31884057971014457,-0.07671407572251354,5.771625512184618,18.37607085675196,1.0187019433518758,supporting,0.06956786271183682,2023-24,False,65.0,b2b377ef709a3d7614a856e24698dc701107fdf21282d5e9f46f2aedb88102ff,A21,2,False,14.4,12.7,2.6,0.6,0.8,0.0,5.9,9.6,2.6,3.2,
Jalen Johnson,2026-27,jalenjohnson,Jalen Johnson,Benji,keeper,39,39.0,0.0,0.0,0.0,39.0,0.0,strong,0.5,2025-26,True,72.0,b0f364cefd050f32a5ef16abf63783f769c700bfe8471c9626a72326a1fc7db9,,,False,22.98611111111111,10.597222222222221,7.902777777777778,1.3055555555555556,0.5,1.6805555555555556,8.569444444444445,17.5,4.166666666666667,5.305555555555555,
Jalen Williams,2024-25,jalenwilliams,Jalen Williams,Ron,keeper,28,26.218274766887077,-0.7173913043478244,-0.1726066703756608,-0.8917272583894357,26.218274766887077,0.4412778229020799,strong,0.19496632919752246,2023-24,True,70.0,b2b377ef709a3d7614a856e24698dc701107fdf21282d5e9f46f2aedb88102ff,A22,2,True,19.5,4.2,4.8,1.2,0.7,1.5,7.6,14.1,2.7,3.3,
Jalen Williams,2025-26,jalenwilliams,Jalen Williams,Ron,keeper,31,27.384039359165797,2.5700431034482776,-0.7921228646137095,-5.393880879668772,27.384039359165797,0.5839465190981424,strong,0.17936243288912718,2023-24,True,72.0,a75da975dfa6c5e27d941a07dfc5e26fd202f2dc1605f4e8dd7d791a10762417,A3,3,True,22.36111111111111,5.277777777777778,5.611111111111111,1.6527777777777777,0.5972222222222222,1.875,8.23611111111111,16.5,4.013888888888889,4.944444444444445,
Jamal Murray,2025-26,jamalmurray,Jamal Murray,Peter,keeper,27,35.83141425814055,2.2273706896551744,-0.6865064826652159,7.290550051150589,35.83141425814055,0.8018047580781847,strong,0.1386107951529065,2024-25,True,66.0,a75da975dfa6c5e27d941a07dfc5e26fd202f2dc1605f4e8dd7d791a10762417,A2,2,True,19.37878787878788,3.803030303030303,5.7727272727272725,1.1515151515151516,0.3333333333333333,2.1515151515151514,7.151515151515151,15.181818181818182,2.9242424242424243,3.3636363636363638,
Jamal Murray,2026-27,jamalmurray,Jamal Murray,Peter,keeper,30,30.000000000000004,0.0,3.552713678800501e-15,0.0,30.000000000000004,0.0,strong,0.5,2024-25,True,69.0,b0f364cefd050f32a5ef16abf63783f769c700bfe8471c9626a72326a1fc7db9,,,False,23.057971014492754,4.101449275362318,6.594202898550725,1.1014492753623188,0.5072463768115942,2.7681159420289854,8.289855072463768,17.304347826086957,3.710144927536232,4.202898550724638,
Jamal Murray,2023-24,jamalmurray,Jamal Murray,Ian,keeper,15,23.1656880929352,-0.7992512868507244,0.09913788841868332,8.865801491367238,23.1656880929352,0.8755918022714594,strong,0.2072291647525248,2021-22,False,,23eb37ffbc54ae64adc23c6ee9ca07d39c6256b0519ed8681c179a8c43439d5e,A38,3,False,20.4,4.0,6.0,1.1,0.2,2.6,7.544,16.4,2.72,3.2,
Ja Morant,2025-26,jamorant,Ja Morant,Benji,keeper,23,14.895293442746482,1.8846982758620712,-0.5808901007167258,-9.408514732398864,14.895293442746482,0.657933153329697,strong,0.3274224675791644,2023-24,False,62.0,a75da975dfa6c5e27d941a07dfc5e26fd202f2dc1605f4e8dd7d791a10762417,A2,3,False,24.612903225806452,4.629032258064516,8.258064516129032,1.0161290322580645,0.3870967741935484,1.7580645161290323,8.451612903225806,18.483870967741936,5.951612903225806,7.241935483870968,
Ja Morant,2024-25,jamorant,Ja Morant,Benji,keeper,20,8.81311961664586,-0.5048309178743935,-0.12146395322731607,-10.56058551225243,8.81311961664586,0.9706979408317377,strong,0.20856666331837084,2023-24,False,67.0,b2b377ef709a3d7614a856e24698dc701107fdf21282d5e9f46f2aedb88102ff,A21,2,False,25.2,6.0,8.8,0.8,0.6,1.7,8.6,18.4,6.2,7.7,
Jaren Jackson Jr,2024-25,jarenjacksonjr,Jaren Jackson Jr,Alvin,keeper,13,15.386693106304088,-0.31884057971014457,-0.07671407572251354,2.7822477617367465,15.386693106304088,0.46959205389757797,strong,0.18752597539672125,2021-22,True,64.0,b2b377ef709a3d7614a856e24698dc701107fdf21282d5e9f46f2aedb88102ff,A22,3,False,21.3,5.3,2.2,1.2,1.5,1.7,7.3,16.5,4.9,6.1,
Jaylen Brown,2023-24,jaylenbrown,Jaylen Brown,Graham,keeper,28,23.872545509071916,-1.5414131960692572,0.19119449909317865,-2.7772357939520065,23.872545509071916,0.4838313150593053,strong,0.3310994533814119,2020-21,False,,23eb37ffbc54ae64adc23c6ee9ca07d39c6256b0519ed8681c179a8c43439d5e,A40,4,True,24.9,6.5,3.4,1.1,0.3,2.5,9.359,19.1,3.6479999999999997,4.8,
Jayson Tatum,2026-27,jaysontatum,Jayson Tatum,Ian,keeper,24,24.000000000000004,0.0,3.552713678800501e-15,0.0,24.000000000000004,0.0,strong,1.0,2025-26,False,70.0,b0f364cefd050f32a5ef16abf63783f769c700bfe8471c9626a72326a1fc7db9,,,False,26.7,8.6,5.8,1.1,0.5,3.3714285714285714,9.128571428571428,20.1,5.071428571428571,6.2,
Jayson Tatum,2026-27,jaysontatum,Jayson Tatum,Alvin,claim,24,24.000000000000004,0.0,3.552713678800501e-15,0.0,24.000000000000004,0.0,strong,0.5,2025-26,False,70.0,b0f364cefd050f32a5ef16abf63783f769c700bfe8471c9626a72326a1fc7db9,,,False,26.7,8.6,5.8,1.1,0.5,3.3714285714285714,9.128571428571428,20.1,5.071428571428571,6.2,"{""formula"":""prior cost + n*(n+1)/2; n is this claimant's prior final-roster contract year"",""price_status"":""derived"",""prior_contract_year"":1,""prior_cost"":23,""prior_cost_cell"":""E16"",""prior_season"":""2025-26"",""prior_year_cell"":""F16"",""raw_claim"":{""choice_rank"":3,""eligible_cost"":null,""franchise"":""Alvin"",""kept_by"":""Ian"",""player"":""Jayson Tatum"",""status"":""blocked_by_keeper""},""source_workbook_sha256"":""59a6a80ce913c1ee51e35c213b85ca13bb78380df68a73fa1ceb164b84c647a6""}"
Jayson Tatum,2024-25,jaysontatum,Jayson Tatum,Ron,keeper,35,28.825035538762783,-0.9033816425120733,-0.21735654788046332,-5.054226270844681,28.825035538762783,0.5445654455024487,strong,0.33952549373615953,2017-18,False,70.0,b2b377ef709a3d7614a856e24698dc701107fdf21282d5e9f46f2aedb88102ff,A21,4,False,27.7,9.1,5.5,1.1,0.7,3.5,8.9,19.0,6.3,7.6,
Jayson Tatum,2023-24,jaysontatum,Jayson Tatum,Ron,keeper,29,23.168650833512043,-1.5985025737014489,0.19827577683736664,-4.431122369623875,23.168650833512043,0.6701512227661379,strong,0.2613460476554029,2017-18,False,,23eb37ffbc54ae64adc23c6ee9ca07d39c6256b0519ed8681c179a8c43439d5e,A40,3,False,28.6,8.3,5.0,1.1,0.7,3.1,9.447000000000001,20.1,6.63,7.8,
Jeremiah Fears,2026-27,jeremiahfears,Jeremiah Fears,Benji,keeper,2,2.0,0.0,0.0,0.0,2.0,0.0,strong,1.0,2025-26,False,77.0,b0f364cefd050f32a5ef16abf63783f769c700bfe8471c9626a72326a1fc7db9,,,False,14.636363636363637,3.8051948051948052,3.5064935064935066,1.1948051948051948,0.4025974025974026,1.2597402597402598,5.467532467532467,12.597402597402597,2.4415584415584415,3.103896103896104,
Joel Embiid,2025-26,joelembiid,Joel Embiid,Mark,keeper,60,58.642593807254144,5.054418103448285,-1.5578416337403027,-4.853982662453838,58.642593807254144,0.5881200897606306,strong,0.35684188940054873,2024-25,False,50.0,a75da975dfa6c5e27d941a07dfc5e26fd202f2dc1605f4e8dd7d791a10762417,A3,2,True,26.98,9.18,4.42,1.0,1.2,1.44,8.6,17.7,8.34,9.6,
Josh Giddey,2023-24,joshgiddey,Josh Giddey,Isaac,keeper,4,10.384294318784736,-0.17126813289658394,0.021243833232575504,6.5343186184487445,10.384294318784736,1.2926552984869943,supporting,0.04854204248701555,2021-22,False,,23eb37ffbc54ae64adc23c6ee9ca07d39c6256b0519ed8681c179a8c43439d5e,A39,2,False,17.2,8.1,6.5,0.9,0.4,1.2,7.295999999999999,15.2,1.44,2.0,
Julius Randle,2025-26,juliusrandle,Julius Randle,Isaac,keeper,20,25.117877955992224,1.627693965517242,-0.5016778142553484,3.991861804730329,25.117877955992224,0.5129281520601995,strong,0.19659655595947342,2024-25,True,70.0,a75da975dfa6c5e27d941a07dfc5e26fd202f2dc1605f4e8dd7d791a10762417,A2,2,True,18.47142857142857,7.142857142857143,4.557142857142857,0.6714285714285714,0.32857142857142857,1.5571428571428572,6.557142857142857,14.1,3.8,4.871428571428571,
Karl-Anthony Towns,2025-26,karlanthonytowns,Karl-Anthony Towns,Alvin,keeper,46,47.406394552250575,3.855064655172413,-1.1881842969205607,-1.2604858060012805,47.406394552250575,0.3221488987929275,strong,0.2574256266049295,2023-24,True,70.0,a75da975dfa6c5e27d941a07dfc5e26fd202f2dc1605f4e8dd7d791a10762417,A2,2,True,22.885714285714286,11.357142857142858,3.057142857142857,0.8571428571428571,0.6857142857142857,1.8857142857142857,8.357142857142858,16.15714285714286,4.285714285714286,5.1,
Karl-Anthony Towns,2024-25,karlanthonytowns,Karl-Anthony Towns,Ian,keeper,45,50.16981640475461,-1.1690821256038646,-0.28128494431589246,6.620183474674373,50.16981640475461,0.9717746997057406,supporting,0.03645931358624356,2023-24,True,64.0,b2b377ef709a3d7614a856e24698dc701107fdf21282d5e9f46f2aedb88102ff,A20,2,True,20.9,7.8,2.9,0.7,0.6,2.1,7.4,14.9,3.9,4.4,
Kawhi Leonard,2024-25,kawhileonard,Kawhi Leonard,Benji,keeper,22,20.700315544163196,-0.5579710144927539,-0.13424963251440047,-0.6074638088296487,20.700315544163196,0.3527820881034643,strong,0.44261826392917486,2021-22,False,62.0,b2b377ef709a3d7614a856e24698dc701107fdf21282d5e9f46f2aedb88102ff,A20,4,False,24.0,6.3,3.7,1.7,0.9,2.1,8.9,17.2,3.8,4.4,
Kawhi Leonard,2023-24,kawhileonard,Kawhi Leonard,Benji,keeper,16,17.574514707043253,-0.8563406644829197,0.10621916616287841,2.324636205363293,17.574514707043253,0.5461490894641138,strong,0.3049472984601187,2021-22,False,,23eb37ffbc54ae64adc23c6ee9ca07d39c6256b0519ed8681c179a8c43439d5e,A38,3,False,24.5,6.5,4.2,1.4,0.5,2.0,8.772,17.2,4.928,5.6,
Kevin Durant,2025-26,kevindurant,Kevin Durant,Jason,keeper,60,63.992033946391,5.054418103448285,-1.5578416337403027,0.4954574766830181,63.992033946391,0.3263353743660113,strong,0.25580310296532976,2024-25,True,65.0,a75da975dfa6c5e27d941a07dfc5e26fd202f2dc1605f4e8dd7d791a10762417,A3,2,True,23.907692307692308,5.6,4.2,0.8153846153846154,1.0461538461538462,2.1076923076923078,8.661538461538461,16.676923076923078,4.476923076923077,5.246153846153846,
Kevin Durant,2023-24,kevindurant,Kevin Durant,Peter,keeper,38,22.801486784176745,-2.1123069723912025,0.26200727653510114,-13.348213519967153,22.801486784176745,1.2245076076462342,supporting,0.05156176580823923,2019-20,False,,23eb37ffbc54ae64adc23c6ee9ca07d39c6256b0519ed8681c179a8c43439d5e,A40,5,False,27.6,6.9,4.8,0.8,1.3,1.9,9.735000000000001,17.7,6.279000000000001,6.9,
Keyonte George,2026-27,keyontegeorge,Keyonte George,Ian,keeper,6,6.0,0.0,0.0,0.0,6.0,0.0,strong,1.0,2025-26,False,68.0,b0f364cefd050f32a5ef16abf63783f769c700bfe8471c9626a72326a1fc7db9,,,False,22.264705882352942,3.7058823529411766,6.102941176470588,1.0,0.20588235294117646,2.5441176470588234,7.044117647058823,15.897058823529411,5.632352941176471,6.397058823529412,
Keyonte George,2026-27,keyontegeorge,Keyonte George,Joe,claim,6,6.0,0.0,0.0,0.0,6.0,0.0,strong,0.5,2025-26,False,68.0,b0f364cefd050f32a5ef16abf63783f769c700bfe8471c9626a72326a1fc7db9,,,False,22.264705882352942,3.7058823529411766,6.102941176470588,1.0,0.20588235294117646,2.5441176470588234,7.044117647058823,15.897058823529411,5.632352941176471,6.397058823529412,"{""formula"":""prior cost + n*(n+1)/2; n is this claimant's prior final-roster contract year"",""price_status"":""derived"",""prior_contract_year"":1,""prior_cost"":5,""prior_cost_cell"":""E10"",""prior_season"":""2025-26"",""prior_year_cell"":""F10"",""raw_claim"":{""choice_rank"":2,""eligible_cost"":null,""franchise"":""Joe"",""kept_by"":""Ian"",""player"":""Keyonte George"",""status"":""blocked_by_keeper""},""source_workbook_sha256"":""59a6a80ce913c1ee51e35c213b85ca13bb78380df68a73fa1ceb164b84c647a6""}"
Kon Knueppel,2026-27,konknueppel,Kon Knueppel,Joe,keeper,5,5.0,0.0,0.0,0.0,5.0,0.0,strong,1.0,2025-26,False,78.0,b0f364cefd050f32a5ef16abf63783f769c700bfe8471c9626a72326a1fc7db9,,,False,20.012820512820515,5.794871794871795,3.7051282051282053,0.7948717948717948,0.2948717948717949,3.6538461538461537,6.884615384615385,14.5,2.58974358974359,3.0,
Kon Knueppel,2026-27,konknueppel,Kon Knueppel,Kerry,claim,5,5.0,0.0,0.0,0.0,5.0,0.0,strong,0.5,2025-26,False,78.0,b0f364cefd050f32a5ef16abf63783f769c700bfe8471c9626a72326a1fc7db9,,,False,20.012820512820515,5.794871794871795,3.7051282051282053,0.7948717948717948,0.2948717948717949,3.6538461538461537,6.884615384615385,14.5,2.58974358974359,3.0,"{""formula"":""prior cost + n*(n+1)/2; n is this claimant's prior final-roster contract year"",""price_status"":""derived"",""prior_contract_year"":1,""prior_cost"":4,""prior_cost_cell"":""E16"",""prior_season"":""2025-26"",""prior_year_cell"":""F16"",""raw_claim"":{""choice_rank"":2,""eligible_cost"":null,""franchise"":""Kerry"",""kept_by"":""Joe"",""player"":""Kon Knueppel"",""status"":""blocked_by_keeper""},""source_workbook_sha256"":""59a6a80ce913c1ee51e35c213b85ca13bb78380df68a73fa1ceb164b84c647a6""}"
Kon Knueppel,2026-27,konknueppel,Kon Knueppel,Peter,claim,5,5.0,0.0,0.0,0.0,5.0,0.0,strong,0.5,2025-26,False,78.0,b0f364cefd050f32a5ef16abf63783f769c700bfe8471c9626a72326a1fc7db9,,,False,20.012820512820515,5.794871794871795,3.7051282051282053,0.7948717948717948,0.2948717948717949,3.6538461538461537,6.884615384615385,14.5,2.58974358974359,3.0,"{""formula"":""prior cost + n*(n+1)/2; n is this claimant's prior final-roster contract year"",""price_status"":""derived"",""prior_contract_year"":1,""prior_cost"":4,""prior_cost_cell"":""E16"",""prior_season"":""2025-26"",""prior_year_cell"":""F16"",""raw_claim"":{""choice_rank"":3,""eligible_cost"":null,""franchise"":""Peter"",""kept_by"":""Joe"",""player"":""Kon Knueppel"",""status"":""blocked_by_keeper""},""source_workbook_sha256"":""59a6a80ce913c1ee51e35c213b85ca13bb78380df68a73fa1ceb164b84c647a6""}"
LaMelo Ball,2023-24,lameloball,LaMelo Ball,Alvin,keeper,18,13.723004282288606,-0.9705194197473084,0.12038172165125971,-3.426858019615345,13.723004282288606,0.6821591739210315,strong,0.25762817169416335,2020-21,False,,23eb37ffbc54ae64adc23c6ee9ca07d39c6256b0519ed8681c179a8c43439d5e,A40,4,False,23.3,6.8,8.7,1.5,0.3,3.8,8.341999999999999,19.4,2.856,3.4,
Lauri Markkanen,2023-24,laurimarkkanen,Lauri Markkanen,Ron,keeper,13,9.812948701913145,-0.6850725315863357,0.08497533293030202,-2.586954099430821,9.812948701913145,0.4466834276750323,strong,0.3483216872199374,2022-23,False,,23eb37ffbc54ae64adc23c6ee9ca07d39c6256b0519ed8681c179a8c43439d5e,A41,2,False,24.5,8.1,2.0,0.7,0.6,3.0,8.208,17.1,5.133,5.9,
Lauri Markkanen,2024-25,laurimarkkanen,Lauri Markkanen,Jason,keeper,14,8.068308689654685,-0.345410628019323,-0.08310691536605752,-5.503173766959934,8.068308689654685,0.6328313872647932,strong,0.3038101917216293,2022-23,False,65.0,b2b377ef709a3d7614a856e24698dc701107fdf21282d5e9f46f2aedb88102ff,A21,2,False,24.0,8.7,2.1,1.0,0.5,3.4,7.9,16.4,4.8,5.4,
LeBron James,2024-25,lebronjames,LeBron James,Isaac,keeper,34,24.60992701317177,-0.8768115942028984,-0.21096370823691046,-8.30229768438842,24.60992701317177,0.6001519092294384,strong,0.15817308863417698,2023-24,True,63.0,b2b377ef709a3d7614a856e24698dc701107fdf21282d5e9f46f2aedb88102ff,A20,2,True,24.1,6.5,7.4,1.1,0.5,1.9,9.2,17.1,3.8,5.1,
Luka Doncic,2026-27,lukadoncic,Luka Doncic,Kerry,keeper,69,69.0,0.0,0.0,0.0,69.0,0.0,strong,0.5,2024-25,True,68.0,b0f364cefd050f32a5ef16abf63783f769c700bfe8471c9626a72326a1fc7db9,,,True,33.01470588235294,8.5,8.897058823529411,1.6029411764705883,0.5,3.9558823529411766,10.926470588235293,22.897058823529413,7.205882352941177,9.205882352941176,
Luka Doncic,2026-27,lukadoncic,Luka Doncic,Alvin,claim,67,67.0,0.0,0.0,0.0,67.0,0.0,strong,0.25,2024-25,True,68.0,b0f364cefd050f32a5ef16abf63783f769c700bfe8471c9626a72326a1fc7db9,,,True,33.01470588235294,8.5,8.897058823529411,1.6029411764705883,0.5,3.9558823529411766,10.926470588235293,22.897058823529413,7.205882352941177,9.205882352941176,"{""formula"":""prior cost + n*(n+1)/2; n is this claimant's prior final-roster contract year"",""price_status"":""derived"",""prior_contract_year"":1,""prior_cost"":66,""prior_cost_cell"":""E18"",""prior_season"":""2025-26"",""prior_year_cell"":""F18"",""raw_claim"":{""choice_rank"":7,""eligible_cost"":null,""franchise"":""Alvin"",""kept_by"":""Kerry"",""player"":""Luka Doncic"",""status"":""blocked_by_keeper""},""source_workbook_sha256"":""59a6a80ce913c1ee51e35c213b85ca13bb78380df68a73fa1ceb164b84c647a6""}"
Luka Doncic,2023-24,lukadoncic,Luka Doncic,Jason,keeper,63,69.68890063166987,-3.539541413196062,0.4390392201398896,9.789402824726032,69.68890063166987,1.286285601491893,supporting,0.04881290000546462,2018-19,False,,23eb37ffbc54ae64adc23c6ee9ca07d39c6256b0519ed8681c179a8c43439d5e,A39,6,True,31.5,8.8,8.2,1.3,0.5,3.0,10.464,21.8,7.547999999999999,10.2,
Luka Doncic,2025-26,lukadoncic,Luka Doncic,Kerry,keeper,66,78.16368804924079,5.568426724137936,-1.716266206663036,8.311527531765885,78.16368804924079,0.8989075820664074,supporting,0.04367902152657203,2024-25,True,68.0,a75da975dfa6c5e27d941a07dfc5e26fd202f2dc1605f4e8dd7d791a10762417,A2,2,True,29.014705882352942,7.9411764705882355,7.823529411764706,1.5588235294117647,0.3382352941176471,3.4558823529411766,9.455882352941176,20.176470588235293,6.647058823529412,8.632352941176471,
Mikal Bridges,2023-24,mikalbridges,Mikal Bridges,Max,keeper,31,20.109005819069555,-1.7126813289658394,0.21243833232575682,-9.390751184290362,20.109005819069555,0.7622662251690947,strong,0.1173692953039994,2022-23,True,,23eb37ffbc54ae64adc23c6ee9ca07d39c6256b0519ed8681c179a8c43439d5e,A40,2,True,20.7,4.4,3.1,1.2,0.7,2.0,7.497,15.3,3.698,4.3,
Miles Bridges,2024-25,milesbridges,Miles Bridges,Max,keeper,7,3.819081502798756,-0.15942028985507228,-0.03835703786125677,-2.983141169484915,3.819081502798756,0.389173494152424,strong,0.20986598148095484,2023-24,True,70.0,b2b377ef709a3d7614a856e24698dc701107fdf21282d5e9f46f2aedb88102ff,A22,2,False,19.4,7.0,3.2,0.9,0.5,2.2,7.4,16.0,2.4,2.9,
Nikola Jokic,2026-27,nikolajokic,Nikola Jokic,Max,keeper,88,88.0,0.0,0.0,0.0,88.0,0.0,strong,0.5,2024-25,True,72.0,b0f364cefd050f32a5ef16abf63783f769c700bfe8471c9626a72326a1fc7db9,,,True,28.25,12.694444444444445,10.097222222222221,1.5972222222222223,0.8055555555555556,1.6944444444444444,10.583333333333334,18.40277777777778,5.388888888888889,6.597222222222222,
Nikola Jokic,2026-27,nikolajokic,Nikola Jokic,Alvin,claim,86,86.00000000000001,0.0,1.4210854715202004e-14,0.0,86.00000000000001,0.0,strong,0.25,2024-25,True,72.0,b0f364cefd050f32a5ef16abf63783f769c700bfe8471c9626a72326a1fc7db9,,,True,28.25,12.694444444444445,10.097222222222221,1.5972222222222223,0.8055555555555556,1.6944444444444444,10.583333333333334,18.40277777777778,5.388888888888889,6.597222222222222,"{""formula"":""prior cost + n*(n+1)/2; n is this claimant's prior final-roster contract year"",""price_status"":""derived"",""prior_contract_year"":1,""prior_cost"":85,""prior_cost_cell"":""E17"",""prior_season"":""2025-26"",""prior_year_cell"":""F17"",""raw_claim"":{""choice_rank"":6,""eligible_cost"":null,""franchise"":""Alvin"",""kept_by"":""Max"",""player"":""Nikola Jokic"",""status"":""blocked_by_keeper""},""source_workbook_sha256"":""59a6a80ce913c1ee51e35c213b85ca13bb78380df68a73fa1ceb164b84c647a6""}"
Nikola Jokic,2025-26,nikolajokic,Nikola Jokic,Max,keeper,85,94.7390791690658,7.196120689655174,-2.217944020918395,4.7609025003290215,94.7390791690658,0.5068546108737445,strong,0.19818455737590543,2024-25,True,74.0,a75da975dfa6c5e27d941a07dfc5e26fd202f2dc1605f4e8dd7d791a10762417,A3,2,True,26.66216216216216,11.797297297297296,9.35135135135135,1.527027027027027,0.6756756756756757,1.662162162162162,10.14864864864865,17.513513513513512,4.702702702702703,5.783783783783784,
OG Anunoby,2025-26,oganunoby,OG Anunoby,Ian,keeper,16,14.563630160945667,1.2850215517241388,-0.39606143230685475,-2.3253299584716176,14.563630160945667,0.26745279215490086,strong,0.28012310321295525,2024-25,True,67.0,a75da975dfa6c5e27d941a07dfc5e26fd202f2dc1605f4e8dd7d791a10762417,A3,2,False,17.432835820895523,4.701492537313433,2.08955223880597,1.6417910447761195,0.8656716417910447,2.253731343283582,6.402985074626866,13.26865671641791,2.373134328358209,2.970149253731343,
Paolo Banchero,2025-26,paolobanchero,Paolo Banchero,Benji,keeper,28,23.929506067261297,2.3130387931034484,-0.7129105781523393,-5.670622147689811,23.929506067261297,0.4594773083406787,strong,0.2112602647302512,2024-25,True,69.0,a75da975dfa6c5e27d941a07dfc5e26fd202f2dc1605f4e8dd7d791a10762417,A3,2,True,25.36231884057971,7.144927536231884,4.753623188405797,0.9130434782608695,0.6811594202898551,1.855072463768116,8.695652173913043,18.36231884057971,6.115942028985507,8.159420289855072,
Paul George,2024-25,paulgeorge,Paul George,Peter,keeper,35,26.820958642801532,-0.9033816425120733,-0.21735654788046332,-7.05830316680593,26.820958642801532,0.6947898051444354,strong,0.14100137165067836,2023-24,True,65.0,b2b377ef709a3d7614a856e24698dc701107fdf21282d5e9f46f2aedb88102ff,A20,2,True,22.3,5.2,3.5,1.5,0.5,3.3,7.7,16.5,3.6,3.9,
Scottie Barnes,2026-27,scottiebarnes,Scottie Barnes,Brent,keeper,24,24.000000000000004,0.0,3.552713678800501e-15,0.0,24.000000000000004,0.0,strong,1.0,2021-22,False,72.0,b0f364cefd050f32a5ef16abf63783f769c700bfe8471c9626a72326a1fc7db9,,,False,18.819444444444443,7.694444444444445,6.0,1.4027777777777777,1.3055555555555556,1.0416666666666667,7.263888888888889,15.0,3.25,4.097222222222222,
Scottie Barnes,2026-27,scottiebarnes,Scottie Barnes,Alvin,claim,22,22.0,0.0,0.0,0.0,22.0,0.0,strong,0.5,2021-22,False,72.0,b0f364cefd050f32a5ef16abf63783f769c700bfe8471c9626a72326a1fc7db9,,,False,18.819444444444443,7.694444444444445,6.0,1.4027777777777777,1.3055555555555556,1.0416666666666667,7.263888888888889,15.0,3.25,4.097222222222222,"{""formula"":""prior cost + n*(n+1)/2; n is this claimant's prior final-roster contract year"",""price_status"":""derived"",""prior_contract_year"":1,""prior_cost"":21,""prior_cost_cell"":""E9"",""prior_season"":""2025-26"",""prior_year_cell"":""F9"",""raw_claim"":{""choice_rank"":2,""eligible_cost"":null,""franchise"":""Alvin"",""kept_by"":""Brent"",""player"":""Scottie Barnes"",""status"":""blocked_by_keeper""},""source_workbook_sha256"":""59a6a80ce913c1ee51e35c213b85ca13bb78380df68a73fa1ceb164b84c647a6""}"
Scottie Barnes,2025-26,scottiebarnes,Scottie Barnes,Brent,keeper,21,23.171596319006923,1.7133620689655196,-0.5280819097424754,0.9863161597838779,23.171596319006923,0.4318273704978395,strong,0.43899663304212433,2021-22,False,71.0,a75da975dfa6c5e27d941a07dfc5e26fd202f2dc1605f4e8dd7d791a10762417,A3,2,False,19.408450704225352,7.929577464788732,5.52112676056338,1.380281690140845,1.2112676056338028,1.4929577464788732,7.309859154929577,16.014084507042252,3.295774647887324,4.28169014084507,
Scottie Barnes,2024-25,scottiebarnes,Scottie Barnes,Arthur,keeper,20,13.08975240743113,-0.5048309178743935,-0.12146395322731607,-6.283952721467161,13.08975240743113,0.8672121568719564,strong,0.23232593108278493,2021-22,False,68.0,b2b377ef709a3d7614a856e24698dc701107fdf21282d5e9f46f2aedb88102ff,A22,4,False,20.8,9.4,6.9,1.4,1.7,1.9,7.5,16.0,3.7,4.8,
Scottie Barnes,2023-24,scottiebarnes,Scottie Barnes,Arthur,keeper,14,20.18738129025253,-0.7421619092185292,0.09205661067449178,6.83748658879657,20.18738129025253,1.0813485122328668,supporting,0.05889873385147686,2021-22,False,,23eb37ffbc54ae64adc23c6ee9ca07d39c6256b0519ed8681c179a8c43439d5e,A41,3,False,17.7,7.0,5.5,1.1,0.8,1.0,6.9559999999999995,14.8,2.8120000000000003,3.7,
Shai Gilgeous-Alexander,2026-27,shaigilgeousalexander,Shai Gilgeous-Alexander,Graham,keeper,50,50.0,0.0,0.0,0.0,50.0,0.0,strong,1.0,2022-23,False,76.0,b0f364cefd050f32a5ef16abf63783f769c700bfe8471c9626a72326a1fc7db9,,,False,31.25,4.894736842105263,6.394736842105263,1.6973684210526316,0.8947368421052632,1.7105263157894737,10.881578947368421,20.30263157894737,7.776315789473684,8.802631578947368,
Shai Gilgeous-Alexander,2025-26,shaigilgeousalexander,Shai Gilgeous-Alexander,Graham,keeper,40,39.373765414026245,3.3410560344827616,-1.0297597239978273,-2.937530896458689,39.373765414026245,0.37257500202866445,strong,0.4777166073083587,2022-23,False,73.0,a75da975dfa6c5e27d941a07dfc5e26fd202f2dc1605f4e8dd7d791a10762417,A2,4,False,32.28767123287671,5.2465753424657535,6.7534246575342465,1.726027397260274,0.9863013698630136,2.191780821917808,11.164383561643836,21.465753424657535,7.767123287671233,8.794520547945206,
Shai Gilgeous-Alexander,2023-24,shaigilgeousalexander,Shai Gilgeous-Alexander,Graham,keeper,31,39.087758321165055,-1.7126813289658394,0.21243833232575682,9.58800131780514,39.087758321165055,0.9770271641370923,strong,0.18651005720490318,2022-23,False,,23eb37ffbc54ae64adc23c6ee9ca07d39c6256b0519ed8681c179a8c43439d5e,A39,2,False,30.9,5.0,5.7,1.4,0.9,1.2,10.0,20.0,9.657,11.1,
Shai Gilgeous-Alexander,2024-25,shaigilgeousalexander,Shai Gilgeous-Alexander,Graham,keeper,34,33.86634925405305,-0.8768115942028984,-0.21096370823691046,0.9541245564928555,33.86634925405305,0.603061019484608,supporting,0.11031967039388757,2022-23,False,72.0,b2b377ef709a3d7614a856e24698dc701107fdf21282d5e9f46f2aedb88102ff,A20,3,False,30.4,5.7,6.4,2.1,0.9,1.3,10.8,19.9,7.7,8.9,
Trey Murphy III,2026-27,treymurphyiii,Trey Murphy III,Mark,keeper,11,11.0,0.0,0.0,0.0,11.0,0.0,strong,1.0,2024-25,False,68.0,b0f364cefd050f32a5ef16abf63783f769c700bfe8471c9626a72326a1fc7db9,,,False,19.544117647058822,5.205882352941177,3.3970588235294117,1.2941176470588236,0.39705882352941174,2.985294117647059,6.779411764705882,14.5,3.0,3.3970588235294117,
Trey Murphy III,2025-26,treymurphyiii,Trey Murphy III,Mark,keeper,8,1,0.5996767241379324,-0.18482866840986745,-9.029421583116795,-0.6145735273887301,0.6491207474434728,strong,0.3309311117899548,2024-25,False,65.0,a75da975dfa6c5e27d941a07dfc5e26fd202f2dc1605f4e8dd7d791a10762417,A2,2,False,22.692307692307693,5.0,4.030769230769231,1.1384615384615384,0.8615384615384616,3.230769230769231,7.630769230769231,16.215384615384615,4.2,4.8307692307692305,
Tyler Herro,2026-27,tylerherro,Tyler Herro,Joe,keeper,16,16.0,0.0,0.0,0.0,16.0,0.0,strong,0.5,2025-26,True,67.0,b0f364cefd050f32a5ef16abf63783f769c700bfe8471c9626a72326a1fc7db9,,,False,22.53731343283582,5.104477611940299,4.701492537313433,0.8059701492537313,0.29850746268656714,2.8955223880597014,8.149253731343284,17.104477611940297,3.343283582089552,3.701492537313433,
Tyrese Haliburton,2026-27,tyresehaliburton,Tyrese Haliburton,Arthur,keeper,16,16.0,0.0,0.0,0.0,16.0,0.0,strong,1.0,2025-26,False,64.0,b0f364cefd050f32a5ef16abf63783f769c700bfe8471c9626a72326a1fc7db9,,,False,19.15625,3.703125,9.90625,1.296875,0.703125,2.921875,6.796875,14.296875,2.640625,3.09375,
Tyrese Haliburton,2024-25,tyresehaliburton,Tyrese Haliburton,Brent,keeper,22,15.056891210036042,-0.5579710144927539,-0.13424963251440047,-6.250888142956803,15.056891210036042,0.6795718348021818,strong,0.28713613643525077,2020-21,False,69.0,b2b377ef709a3d7614a856e24698dc701107fdf21282d5e9f46f2aedb88102ff,A21,5,False,21.2,4.3,11.8,1.3,0.8,3.1,7.6,15.8,3.0,3.6,
Tyrese Haliburton,2023-24,tyresehaliburton,Tyrese Haliburton,Brent,keeper,12,7.820592975643531,-0.6279831539541405,0.0778940551861087,-3.6293179255884374,7.820592975643531,0.602575584239635,strong,0.2838510366467228,2020-21,False,,23eb37ffbc54ae64adc23c6ee9ca07d39c6256b0519ed8681c179a8c43439d5e,A41,4,False,21.7,3.9,10.1,1.5,0.5,3.0,7.693,15.7,3.268,3.8,
Tyrese Maxey,2026-27,tyresemaxey,Tyrese Maxey,Darren,keeper,42,42.0,0.0,0.0,0.0,42.0,0.0,strong,1.0,2022-23,False,71.0,b0f364cefd050f32a5ef16abf63783f769c700bfe8471c9626a72326a1fc7db9,,,True,24.830985915492956,3.507042253521127,5.802816901408451,1.6056338028169015,0.6056338028169014,2.816901408450704,8.704225352112676,19.098591549295776,4.605633802816901,5.197183098591549,
Tyrese Maxey,2025-26,tyresemaxey,Tyrese Maxey,Darren,keeper,32,33.0490492787196,2.655711206896555,-0.8185269601008329,-0.788134968076123,33.0490492787196,0.43292816576170645,strong,0.43832240552934565,2022-23,False,69.0,a75da975dfa6c5e27d941a07dfc5e26fd202f2dc1605f4e8dd7d791a10762417,A3,4,False,25.782608695652176,3.4782608695652173,6.449275362318841,1.434782608695652,0.43478260869565216,3.3043478260869565,8.927536231884059,20.043478260869566,4.6231884057971016,5.3768115942028984,
Tyrese Maxey,2024-25,tyresemaxey,Tyrese Maxey,Darren,keeper,26,26.613842769786125,-0.664251207729464,-0.1598209910885764,1.4379149686041661,26.613842769786125,0.8366364140376091,supporting,0.08404399379676643,2022-23,False,73.0,b2b377ef709a3d7614a856e24698dc701107fdf21282d5e9f46f2aedb88102ff,A22,3,False,25.3,3.8,6.4,1.0,0.5,3.1,8.6,19.2,4.9,5.6,
Victor Wembanyama,2026-27,victorwembanyama,Victor Wembanyama,Arthur,keeper,49,49.0,0.0,0.0,0.0,49.0,0.0,strong,1.0,2023-24,False,67.0,b0f364cefd050f32a5ef16abf63783f769c700bfe8471c9626a72326a1fc7db9,,,False,26.328358208955223,12.194029850746269,3.5074626865671643,1.1044776119402986,3.5074626865671643,2.1791044776119404,9.194029850746269,18.29850746268657,5.7611940298507465,7.0,
Victor Wembanyama,2025-26,victorwembanyama,Victor Wembanyama,Arthur,keeper,43,38.97110363587968,3.598060344827587,-1.1089720104591976,-6.517984698488708,38.97110363587968,0.8907489284043771,supporting,0.08811357618901285,2023-24,False,70.0,a75da975dfa6c5e27d941a07dfc5e26fd202f2dc1605f4e8dd7d791a10762417,A2,3,False,26.785714285714285,11.214285714285714,4.085714285714285,1.2714285714285714,3.914285714285714,3.4,9.542857142857143,19.385714285714286,4.3,5.1,
Victor Wembanyama,2024-25,victorwembanyama,Victor Wembanyama,Arthur,keeper,40,37.58036953892645,-1.036231884057969,-0.2493207460981708,-1.1340778309174107,37.58036953892645,1.2732116372074962,supporting,0.05486221299773357,2023-24,False,71.0,b2b377ef709a3d7614a856e24698dc701107fdf21282d5e9f46f2aedb88102ff,A21,2,False,23.4,13.4,4.9,1.6,4.5,2.3,7.9,17.1,5.2,6.5,
Walker Kessler,2026-27,walkerkessler,Walker Kessler,Brent,keeper,25,25.0,0.0,0.0,0.0,25.0,0.0,strong,0.5,2025-26,True,64.0,b0f364cefd050f32a5ef16abf63783f769c700bfe8471c9626a72326a1fc7db9,,,True,11.5,12.40625,1.703125,0.703125,2.59375,0.125,4.96875,7.5,1.4375,2.703125,
Walker Kessler,2023-24,walkerkessler,Walker Kessler,Darren,keeper,3,2.5254841632218623,-0.11417875526438914,0.014162555488383521,-0.37449963700213224,2.5254841632218623,0.774336179154487,strong,0.23155582593510776,2022-23,False,,23eb37ffbc54ae64adc23c6ee9ca07d39c6256b0519ed8681c179a8c43439d5e,A41,2,False,12.0,10.5,1.2,0.5,2.3,0.0,5.25,7.5,1.508,2.9,
